[2026-09-10T05:13:54.348+0000] {processor.py:186} INFO - Started process (PID=419) to work on /opt/airflow/dags/ingestion_pipelines_dag.py
[2026-09-10T05:13:54.350+0000] {processor.py:914} INFO - Processing file /opt/airflow/dags/ingestion_pipelines_dag.py for tasks to queue
[2026-09-10T05:13:54.356+0000] {logging_mixin.py:190} INFO - [2026-09-10T05:13:54.356+0000] {dagbag.py:588} INFO - Filling up the DagBag from /opt/airflow/dags/ingestion_pipelines_dag.py
[2026-09-10T05:13:54.512+0000] {processor.py:925} INFO - DAG(s) 'datalake_ingestion_pipelines' retrieved from /opt/airflow/dags/ingestion_pipelines_dag.py
[2026-09-10T05:13:54.955+0000] {logging_mixin.py:190} INFO - [2026-09-10T05:13:54.954+0000] {override.py:1911} INFO - Created Permission View: can delete on DAG:datalake_ingestion_pipelines
[2026-09-10T05:13:54.975+0000] {logging_mixin.py:190} INFO - [2026-09-10T05:13:54.974+0000] {override.py:1911} INFO - Created Permission View: can edit on DAG:datalake_ingestion_pipelines
[2026-09-10T05:13:54.986+0000] {logging_mixin.py:190} INFO - [2026-09-10T05:13:54.985+0000] {override.py:1911} INFO - Created Permission View: can read on DAG:datalake_ingestion_pipelines
[2026-09-10T05:13:54.999+0000] {logging_mixin.py:190} INFO - [2026-09-10T05:13:54.998+0000] {override.py:1911} INFO - Created Permission View: can create on DAG Run:datalake_ingestion_pipelines
[2026-09-10T05:13:55.009+0000] {logging_mixin.py:190} INFO - [2026-09-10T05:13:55.009+0000] {override.py:1911} INFO - Created Permission View: can delete on DAG Run:datalake_ingestion_pipelines
[2026-09-10T05:13:55.020+0000] {logging_mixin.py:190} INFO - [2026-09-10T05:13:55.019+0000] {override.py:1911} INFO - Created Permission View: can read on DAG Run:datalake_ingestion_pipelines
[2026-09-10T05:13:55.031+0000] {logging_mixin.py:190} INFO - [2026-09-10T05:13:55.030+0000] {override.py:1911} INFO - Created Permission View: menu access on DAG Run:datalake_ingestion_pipelines
[2026-09-10T05:13:55.032+0000] {logging_mixin.py:190} INFO - [2026-09-10T05:13:55.032+0000] {dag.py:3239} INFO - Sync 1 DAGs
[2026-09-10T05:13:55.077+0000] {logging_mixin.py:190} INFO - [2026-09-10T05:13:55.077+0000] {dag.py:3262} INFO - Creating ORM DAG for datalake_ingestion_pipelines
[2026-09-10T05:13:55.620+0000] {logging_mixin.py:190} INFO - [2026-09-10T05:13:55.619+0000] {dag.py:4180} INFO - Setting next_dagrun for datalake_ingestion_pipelines to 2026-09-10 04:00:00+00:00, run_after=2026-09-10 05:00:00+00:00
[2026-09-10T05:13:55.664+0000] {processor.py:208} INFO - Processing /opt/airflow/dags/ingestion_pipelines_dag.py took 1.324 seconds
[2026-09-10T05:14:26.082+0000] {processor.py:186} INFO - Started process (PID=464) to work on /opt/airflow/dags/ingestion_pipelines_dag.py
[2026-09-10T05:14:26.084+0000] {processor.py:914} INFO - Processing file /opt/airflow/dags/ingestion_pipelines_dag.py for tasks to queue
[2026-09-10T05:14:26.087+0000] {logging_mixin.py:190} INFO - [2026-09-10T05:14:26.086+0000] {dagbag.py:588} INFO - Filling up the DagBag from /opt/airflow/dags/ingestion_pipelines_dag.py
[2026-09-10T05:14:26.142+0000] {processor.py:925} INFO - DAG(s) 'datalake_ingestion_pipelines' retrieved from /opt/airflow/dags/ingestion_pipelines_dag.py
[2026-09-10T05:14:26.190+0000] {logging_mixin.py:190} INFO - [2026-09-10T05:14:26.190+0000] {dag.py:3239} INFO - Sync 1 DAGs
[2026-09-10T05:14:26.264+0000] {processor.py:208} INFO - Processing /opt/airflow/dags/ingestion_pipelines_dag.py took 0.189 seconds
[2026-09-10T05:14:56.428+0000] {processor.py:186} INFO - Started process (PID=498) to work on /opt/airflow/dags/ingestion_pipelines_dag.py
[2026-09-10T05:14:56.429+0000] {processor.py:914} INFO - Processing file /opt/airflow/dags/ingestion_pipelines_dag.py for tasks to queue
[2026-09-10T05:14:56.432+0000] {logging_mixin.py:190} INFO - [2026-09-10T05:14:56.432+0000] {dagbag.py:588} INFO - Filling up the DagBag from /opt/airflow/dags/ingestion_pipelines_dag.py
[2026-09-10T05:14:56.486+0000] {processor.py:925} INFO - DAG(s) 'datalake_ingestion_pipelines' retrieved from /opt/airflow/dags/ingestion_pipelines_dag.py
[2026-09-10T05:14:56.531+0000] {logging_mixin.py:190} INFO - [2026-09-10T05:14:56.530+0000] {dag.py:3239} INFO - Sync 1 DAGs
[2026-09-10T05:14:56.597+0000] {processor.py:208} INFO - Processing /opt/airflow/dags/ingestion_pipelines_dag.py took 0.177 seconds
[2026-09-10T05:15:26.767+0000] {processor.py:186} INFO - Started process (PID=541) to work on /opt/airflow/dags/ingestion_pipelines_dag.py
[2026-09-10T05:15:26.769+0000] {processor.py:914} INFO - Processing file /opt/airflow/dags/ingestion_pipelines_dag.py for tasks to queue
[2026-09-10T05:15:26.773+0000] {logging_mixin.py:190} INFO - [2026-09-10T05:15:26.773+0000] {dagbag.py:588} INFO - Filling up the DagBag from /opt/airflow/dags/ingestion_pipelines_dag.py
[2026-09-10T05:15:26.812+0000] {processor.py:925} INFO - DAG(s) 'datalake_ingestion_pipelines' retrieved from /opt/airflow/dags/ingestion_pipelines_dag.py
[2026-09-10T05:15:26.889+0000] {logging_mixin.py:190} INFO - [2026-09-10T05:15:26.888+0000] {dag.py:3239} INFO - Sync 1 DAGs
[2026-09-10T05:15:26.970+0000] {processor.py:208} INFO - Processing /opt/airflow/dags/ingestion_pipelines_dag.py took 0.210 seconds
[2026-09-10T05:15:57.286+0000] {processor.py:186} INFO - Started process (PID=576) to work on /opt/airflow/dags/ingestion_pipelines_dag.py
[2026-09-10T05:15:57.288+0000] {processor.py:914} INFO - Processing file /opt/airflow/dags/ingestion_pipelines_dag.py for tasks to queue
[2026-09-10T05:15:57.291+0000] {logging_mixin.py:190} INFO - [2026-09-10T05:15:57.290+0000] {dagbag.py:588} INFO - Filling up the DagBag from /opt/airflow/dags/ingestion_pipelines_dag.py
[2026-09-10T05:15:57.331+0000] {processor.py:925} INFO - DAG(s) 'datalake_ingestion_pipelines' retrieved from /opt/airflow/dags/ingestion_pipelines_dag.py
[2026-09-10T05:15:57.394+0000] {logging_mixin.py:190} INFO - [2026-09-10T05:15:57.394+0000] {dag.py:3239} INFO - Sync 1 DAGs
[2026-09-10T05:15:57.451+0000] {processor.py:208} INFO - Processing /opt/airflow/dags/ingestion_pipelines_dag.py took 0.172 seconds
[2026-09-10T05:16:27.768+0000] {processor.py:186} INFO - Started process (PID=620) to work on /opt/airflow/dags/ingestion_pipelines_dag.py
[2026-09-10T05:16:27.771+0000] {processor.py:914} INFO - Processing file /opt/airflow/dags/ingestion_pipelines_dag.py for tasks to queue
[2026-09-10T05:16:27.774+0000] {logging_mixin.py:190} INFO - [2026-09-10T05:16:27.774+0000] {dagbag.py:588} INFO - Filling up the DagBag from /opt/airflow/dags/ingestion_pipelines_dag.py
[2026-09-10T05:16:27.816+0000] {processor.py:925} INFO - DAG(s) 'datalake_ingestion_pipelines' retrieved from /opt/airflow/dags/ingestion_pipelines_dag.py
[2026-09-10T05:16:27.871+0000] {logging_mixin.py:190} INFO - [2026-09-10T05:16:27.870+0000] {dag.py:3239} INFO - Sync 1 DAGs
[2026-09-10T05:16:27.936+0000] {processor.py:208} INFO - Processing /opt/airflow/dags/ingestion_pipelines_dag.py took 0.176 seconds
[2026-09-10T05:16:58.290+0000] {processor.py:186} INFO - Started process (PID=678) to work on /opt/airflow/dags/ingestion_pipelines_dag.py
[2026-09-10T05:16:58.293+0000] {processor.py:914} INFO - Processing file /opt/airflow/dags/ingestion_pipelines_dag.py for tasks to queue
[2026-09-10T05:16:58.297+0000] {logging_mixin.py:190} INFO - [2026-09-10T05:16:58.296+0000] {dagbag.py:588} INFO - Filling up the DagBag from /opt/airflow/dags/ingestion_pipelines_dag.py
[2026-09-10T05:16:58.359+0000] {processor.py:925} INFO - DAG(s) 'datalake_ingestion_pipelines' retrieved from /opt/airflow/dags/ingestion_pipelines_dag.py
[2026-09-10T05:16:58.423+0000] {logging_mixin.py:190} INFO - [2026-09-10T05:16:58.423+0000] {dag.py:3239} INFO - Sync 1 DAGs
[2026-09-10T05:16:58.543+0000] {processor.py:208} INFO - Processing /opt/airflow/dags/ingestion_pipelines_dag.py took 0.267 seconds
[2026-09-10T05:17:28.743+0000] {processor.py:186} INFO - Started process (PID=733) to work on /opt/airflow/dags/ingestion_pipelines_dag.py
[2026-09-10T05:17:28.746+0000] {processor.py:914} INFO - Processing file /opt/airflow/dags/ingestion_pipelines_dag.py for tasks to queue
[2026-09-10T05:17:28.756+0000] {logging_mixin.py:190} INFO - [2026-09-10T05:17:28.755+0000] {dagbag.py:588} INFO - Filling up the DagBag from /opt/airflow/dags/ingestion_pipelines_dag.py
[2026-09-10T05:17:28.820+0000] {processor.py:925} INFO - DAG(s) 'datalake_ingestion_pipelines' retrieved from /opt/airflow/dags/ingestion_pipelines_dag.py
[2026-09-10T05:17:28.902+0000] {logging_mixin.py:190} INFO - [2026-09-10T05:17:28.901+0000] {dag.py:3239} INFO - Sync 1 DAGs
[2026-09-10T05:17:29.022+0000] {processor.py:208} INFO - Processing /opt/airflow/dags/ingestion_pipelines_dag.py took 0.296 seconds
[2026-09-10T05:17:59.336+0000] {processor.py:186} INFO - Started process (PID=782) to work on /opt/airflow/dags/ingestion_pipelines_dag.py
[2026-09-10T05:17:59.337+0000] {processor.py:914} INFO - Processing file /opt/airflow/dags/ingestion_pipelines_dag.py for tasks to queue
[2026-09-10T05:17:59.340+0000] {logging_mixin.py:190} INFO - [2026-09-10T05:17:59.339+0000] {dagbag.py:588} INFO - Filling up the DagBag from /opt/airflow/dags/ingestion_pipelines_dag.py
[2026-09-10T05:17:59.385+0000] {processor.py:925} INFO - DAG(s) 'datalake_ingestion_pipelines' retrieved from /opt/airflow/dags/ingestion_pipelines_dag.py
[2026-09-10T05:17:59.426+0000] {logging_mixin.py:190} INFO - [2026-09-10T05:17:59.425+0000] {dag.py:3239} INFO - Sync 1 DAGs
[2026-09-10T05:17:59.497+0000] {processor.py:208} INFO - Processing /opt/airflow/dags/ingestion_pipelines_dag.py took 0.169 seconds
[2026-09-10T05:18:29.853+0000] {processor.py:186} INFO - Started process (PID=838) to work on /opt/airflow/dags/ingestion_pipelines_dag.py
[2026-09-10T05:18:29.855+0000] {processor.py:914} INFO - Processing file /opt/airflow/dags/ingestion_pipelines_dag.py for tasks to queue
[2026-09-10T05:18:29.860+0000] {logging_mixin.py:190} INFO - [2026-09-10T05:18:29.860+0000] {dagbag.py:588} INFO - Filling up the DagBag from /opt/airflow/dags/ingestion_pipelines_dag.py
[2026-09-10T05:18:29.922+0000] {processor.py:925} INFO - DAG(s) 'datalake_ingestion_pipelines' retrieved from /opt/airflow/dags/ingestion_pipelines_dag.py
[2026-09-10T05:18:29.967+0000] {logging_mixin.py:190} INFO - [2026-09-10T05:18:29.967+0000] {dag.py:3239} INFO - Sync 1 DAGs
[2026-09-10T05:18:30.034+0000] {processor.py:208} INFO - Processing /opt/airflow/dags/ingestion_pipelines_dag.py took 0.189 seconds
[2026-09-10T05:19:00.378+0000] {processor.py:186} INFO - Started process (PID=907) to work on /opt/airflow/dags/ingestion_pipelines_dag.py
[2026-09-10T05:19:00.381+0000] {processor.py:914} INFO - Processing file /opt/airflow/dags/ingestion_pipelines_dag.py for tasks to queue
[2026-09-10T05:19:00.388+0000] {logging_mixin.py:190} INFO - [2026-09-10T05:19:00.387+0000] {dagbag.py:588} INFO - Filling up the DagBag from /opt/airflow/dags/ingestion_pipelines_dag.py
[2026-09-10T05:19:00.459+0000] {processor.py:925} INFO - DAG(s) 'datalake_ingestion_pipelines' retrieved from /opt/airflow/dags/ingestion_pipelines_dag.py
[2026-09-10T05:19:00.564+0000] {logging_mixin.py:190} INFO - [2026-09-10T05:19:00.564+0000] {dag.py:3239} INFO - Sync 1 DAGs
[2026-09-10T05:19:00.732+0000] {processor.py:208} INFO - Processing /opt/airflow/dags/ingestion_pipelines_dag.py took 0.370 seconds
[2026-09-10T05:19:31.180+0000] {processor.py:186} INFO - Started process (PID=986) to work on /opt/airflow/dags/ingestion_pipelines_dag.py
[2026-09-10T05:19:31.183+0000] {processor.py:914} INFO - Processing file /opt/airflow/dags/ingestion_pipelines_dag.py for tasks to queue
[2026-09-10T05:19:31.191+0000] {logging_mixin.py:190} INFO - [2026-09-10T05:19:31.190+0000] {dagbag.py:588} INFO - Filling up the DagBag from /opt/airflow/dags/ingestion_pipelines_dag.py
[2026-09-10T05:19:31.243+0000] {processor.py:925} INFO - DAG(s) 'datalake_ingestion_pipelines' retrieved from /opt/airflow/dags/ingestion_pipelines_dag.py
[2026-09-10T05:19:31.302+0000] {logging_mixin.py:190} INFO - [2026-09-10T05:19:31.301+0000] {dag.py:3239} INFO - Sync 1 DAGs
[2026-09-10T05:19:31.380+0000] {processor.py:208} INFO - Processing /opt/airflow/dags/ingestion_pipelines_dag.py took 0.214 seconds
[2026-09-10T05:20:01.515+0000] {processor.py:186} INFO - Started process (PID=1067) to work on /opt/airflow/dags/ingestion_pipelines_dag.py
[2026-09-10T05:20:01.516+0000] {processor.py:914} INFO - Processing file /opt/airflow/dags/ingestion_pipelines_dag.py for tasks to queue
[2026-09-10T05:20:01.521+0000] {logging_mixin.py:190} INFO - [2026-09-10T05:20:01.520+0000] {dagbag.py:588} INFO - Filling up the DagBag from /opt/airflow/dags/ingestion_pipelines_dag.py
[2026-09-10T05:20:01.571+0000] {processor.py:925} INFO - DAG(s) 'datalake_ingestion_pipelines' retrieved from /opt/airflow/dags/ingestion_pipelines_dag.py
[2026-09-10T05:20:01.633+0000] {logging_mixin.py:190} INFO - [2026-09-10T05:20:01.632+0000] {dag.py:3239} INFO - Sync 1 DAGs
[2026-09-10T05:20:01.733+0000] {processor.py:208} INFO - Processing /opt/airflow/dags/ingestion_pipelines_dag.py took 0.228 seconds
[2026-09-10T05:20:31.882+0000] {processor.py:186} INFO - Started process (PID=1143) to work on /opt/airflow/dags/ingestion_pipelines_dag.py
[2026-09-10T05:20:31.884+0000] {processor.py:914} INFO - Processing file /opt/airflow/dags/ingestion_pipelines_dag.py for tasks to queue
[2026-09-10T05:20:31.890+0000] {logging_mixin.py:190} INFO - [2026-09-10T05:20:31.890+0000] {dagbag.py:588} INFO - Filling up the DagBag from /opt/airflow/dags/ingestion_pipelines_dag.py
[2026-09-10T05:20:31.942+0000] {processor.py:925} INFO - DAG(s) 'datalake_ingestion_pipelines' retrieved from /opt/airflow/dags/ingestion_pipelines_dag.py
[2026-09-10T05:20:32.002+0000] {logging_mixin.py:190} INFO - [2026-09-10T05:20:32.002+0000] {dag.py:3239} INFO - Sync 1 DAGs
[2026-09-10T05:20:32.104+0000] {processor.py:208} INFO - Processing /opt/airflow/dags/ingestion_pipelines_dag.py took 0.235 seconds
[2026-09-10T05:21:02.510+0000] {processor.py:186} INFO - Started process (PID=1212) to work on /opt/airflow/dags/ingestion_pipelines_dag.py
[2026-09-10T05:21:02.511+0000] {processor.py:914} INFO - Processing file /opt/airflow/dags/ingestion_pipelines_dag.py for tasks to queue
[2026-09-10T05:21:02.516+0000] {logging_mixin.py:190} INFO - [2026-09-10T05:21:02.515+0000] {dagbag.py:588} INFO - Filling up the DagBag from /opt/airflow/dags/ingestion_pipelines_dag.py
[2026-09-10T05:21:02.584+0000] {processor.py:925} INFO - DAG(s) 'datalake_ingestion_pipelines' retrieved from /opt/airflow/dags/ingestion_pipelines_dag.py
[2026-09-10T05:21:02.642+0000] {logging_mixin.py:190} INFO - [2026-09-10T05:21:02.642+0000] {dag.py:3239} INFO - Sync 1 DAGs
[2026-09-10T05:21:02.729+0000] {processor.py:208} INFO - Processing /opt/airflow/dags/ingestion_pipelines_dag.py took 0.227 seconds
[2026-09-10T05:21:32.823+0000] {processor.py:186} INFO - Started process (PID=1282) to work on /opt/airflow/dags/ingestion_pipelines_dag.py
[2026-09-10T05:21:32.825+0000] {processor.py:914} INFO - Processing file /opt/airflow/dags/ingestion_pipelines_dag.py for tasks to queue
[2026-09-10T05:21:32.830+0000] {logging_mixin.py:190} INFO - [2026-09-10T05:21:32.829+0000] {dagbag.py:588} INFO - Filling up the DagBag from /opt/airflow/dags/ingestion_pipelines_dag.py
[2026-09-10T05:21:32.869+0000] {processor.py:925} INFO - DAG(s) 'datalake_ingestion_pipelines' retrieved from /opt/airflow/dags/ingestion_pipelines_dag.py
[2026-09-10T05:21:32.911+0000] {logging_mixin.py:190} INFO - [2026-09-10T05:21:32.910+0000] {dag.py:3239} INFO - Sync 1 DAGs
[2026-09-10T05:21:33.001+0000] {processor.py:208} INFO - Processing /opt/airflow/dags/ingestion_pipelines_dag.py took 0.186 seconds
[2026-09-10T05:22:03.420+0000] {processor.py:186} INFO - Started process (PID=1352) to work on /opt/airflow/dags/ingestion_pipelines_dag.py
[2026-09-10T05:22:03.421+0000] {processor.py:914} INFO - Processing file /opt/airflow/dags/ingestion_pipelines_dag.py for tasks to queue
[2026-09-10T05:22:03.425+0000] {logging_mixin.py:190} INFO - [2026-09-10T05:22:03.424+0000] {dagbag.py:588} INFO - Filling up the DagBag from /opt/airflow/dags/ingestion_pipelines_dag.py
[2026-09-10T05:22:03.465+0000] {processor.py:925} INFO - DAG(s) 'datalake_ingestion_pipelines' retrieved from /opt/airflow/dags/ingestion_pipelines_dag.py
[2026-09-10T05:22:03.509+0000] {logging_mixin.py:190} INFO - [2026-09-10T05:22:03.508+0000] {dag.py:3239} INFO - Sync 1 DAGs
[2026-09-10T05:22:03.577+0000] {processor.py:208} INFO - Processing /opt/airflow/dags/ingestion_pipelines_dag.py took 0.164 seconds
[2026-09-10T05:22:34.063+0000] {processor.py:186} INFO - Started process (PID=1414) to work on /opt/airflow/dags/ingestion_pipelines_dag.py
[2026-09-10T05:22:34.064+0000] {processor.py:914} INFO - Processing file /opt/airflow/dags/ingestion_pipelines_dag.py for tasks to queue
[2026-09-10T05:22:34.069+0000] {logging_mixin.py:190} INFO - [2026-09-10T05:22:34.068+0000] {dagbag.py:588} INFO - Filling up the DagBag from /opt/airflow/dags/ingestion_pipelines_dag.py
[2026-09-10T05:22:34.119+0000] {processor.py:925} INFO - DAG(s) 'datalake_ingestion_pipelines' retrieved from /opt/airflow/dags/ingestion_pipelines_dag.py
[2026-09-10T05:22:34.181+0000] {logging_mixin.py:190} INFO - [2026-09-10T05:22:34.181+0000] {dag.py:3239} INFO - Sync 1 DAGs
[2026-09-10T05:22:34.394+0000] {processor.py:208} INFO - Processing /opt/airflow/dags/ingestion_pipelines_dag.py took 0.341 seconds
[2026-09-10T05:23:04.935+0000] {processor.py:186} INFO - Started process (PID=1469) to work on /opt/airflow/dags/ingestion_pipelines_dag.py
[2026-09-10T05:23:04.948+0000] {processor.py:914} INFO - Processing file /opt/airflow/dags/ingestion_pipelines_dag.py for tasks to queue
[2026-09-10T05:23:04.967+0000] {logging_mixin.py:190} INFO - [2026-09-10T05:23:04.957+0000] {dagbag.py:588} INFO - Filling up the DagBag from /opt/airflow/dags/ingestion_pipelines_dag.py
[2026-09-10T05:23:05.366+0000] {processor.py:925} INFO - DAG(s) 'datalake_ingestion_pipelines' retrieved from /opt/airflow/dags/ingestion_pipelines_dag.py
[2026-09-10T05:23:36.475+0000] {processor.py:211} ERROR - Got an exception! Propagating...
Traceback (most recent call last):
  File "/home/airflow/.local/lib/python3.12/site-packages/sqlalchemy/engine/base.py", line 3371, in _wrap_pool_connect
    return fn()
           ^^^^
  File "/home/airflow/.local/lib/python3.12/site-packages/sqlalchemy/pool/base.py", line 327, in connect
    return _ConnectionFairy._checkout(self)
           ^^^^^^^^^^^^^^^^^^^^^^^^^^^^^^^^
  File "/home/airflow/.local/lib/python3.12/site-packages/sqlalchemy/pool/base.py", line 894, in _checkout
    fairy = _ConnectionRecord.checkout(pool)
            ^^^^^^^^^^^^^^^^^^^^^^^^^^^^^^^^
  File "/home/airflow/.local/lib/python3.12/site-packages/sqlalchemy/pool/base.py", line 493, in checkout
    rec = pool._do_get()
          ^^^^^^^^^^^^^^
  File "/home/airflow/.local/lib/python3.12/site-packages/sqlalchemy/pool/impl.py", line 145, in _do_get
    with util.safe_reraise():
         ^^^^^^^^^^^^^^^^^^^
  File "/home/airflow/.local/lib/python3.12/site-packages/sqlalchemy/util/langhelpers.py", line 70, in __exit__
    compat.raise_(
  File "/home/airflow/.local/lib/python3.12/site-packages/sqlalchemy/util/compat.py", line 211, in raise_
    raise exception
  File "/home/airflow/.local/lib/python3.12/site-packages/sqlalchemy/pool/impl.py", line 143, in _do_get
    return self._create_connection()
           ^^^^^^^^^^^^^^^^^^^^^^^^^
  File "/home/airflow/.local/lib/python3.12/site-packages/sqlalchemy/pool/base.py", line 273, in _create_connection
    return _ConnectionRecord(self)
           ^^^^^^^^^^^^^^^^^^^^^^^
  File "/home/airflow/.local/lib/python3.12/site-packages/sqlalchemy/pool/base.py", line 388, in __init__
    self.__connect()
  File "/home/airflow/.local/lib/python3.12/site-packages/sqlalchemy/pool/base.py", line 690, in __connect
    with util.safe_reraise():
         ^^^^^^^^^^^^^^^^^^^
  File "/home/airflow/.local/lib/python3.12/site-packages/sqlalchemy/util/langhelpers.py", line 70, in __exit__
    compat.raise_(
  File "/home/airflow/.local/lib/python3.12/site-packages/sqlalchemy/util/compat.py", line 211, in raise_
    raise exception
  File "/home/airflow/.local/lib/python3.12/site-packages/sqlalchemy/pool/base.py", line 686, in __connect
    self.dbapi_connection = connection = pool._invoke_creator(self)
                                         ^^^^^^^^^^^^^^^^^^^^^^^^^^
  File "/home/airflow/.local/lib/python3.12/site-packages/sqlalchemy/engine/create.py", line 574, in connect
    return dialect.connect(*cargs, **cparams)
           ^^^^^^^^^^^^^^^^^^^^^^^^^^^^^^^^^^
  File "/home/airflow/.local/lib/python3.12/site-packages/sqlalchemy/engine/default.py", line 598, in connect
    return self.dbapi.connect(*cargs, **cparams)
           ^^^^^^^^^^^^^^^^^^^^^^^^^^^^^^^^^^^^^
  File "/home/airflow/.local/lib/python3.12/site-packages/psycopg2/__init__.py", line 122, in connect
    conn = _connect(dsn, connection_factory=connection_factory, **kwasync)
           ^^^^^^^^^^^^^^^^^^^^^^^^^^^^^^^^^^^^^^^^^^^^^^^^^^^^^^^^^^^^^^^
psycopg2.OperationalError: could not translate host name "postgres" to address: Temporary failure in name resolution


The above exception was the direct cause of the following exception:

Traceback (most recent call last):
  File "/home/airflow/.local/lib/python3.12/site-packages/airflow/dag_processing/processor.py", line 207, in _run_file_processor
    _handle_dag_file_processing()
  File "/home/airflow/.local/lib/python3.12/site-packages/airflow/dag_processing/processor.py", line 188, in _handle_dag_file_processing
    result: tuple[int, int, int] = dag_file_processor.process_file(
                                   ^^^^^^^^^^^^^^^^^^^^^^^^^^^^^^^^
  File "/home/airflow/.local/lib/python3.12/site-packages/airflow/utils/session.py", line 97, in wrapper
    return func(*args, session=session, **kwargs)
           ^^^^^^^^^^^^^^^^^^^^^^^^^^^^^^^^^^^^^^
  File "/home/airflow/.local/lib/python3.12/site-packages/airflow/dag_processing/processor.py", line 942, in process_file
    serialize_errors = DagFileProcessor.save_dag_to_db(
                       ^^^^^^^^^^^^^^^^^^^^^^^^^^^^^^^^
  File "/home/airflow/.local/lib/python3.12/site-packages/airflow/api_internal/internal_api_call.py", line 166, in wrapper
    return func(*args, **kwargs)
           ^^^^^^^^^^^^^^^^^^^^^
  File "/home/airflow/.local/lib/python3.12/site-packages/airflow/utils/session.py", line 97, in wrapper
    return func(*args, session=session, **kwargs)
           ^^^^^^^^^^^^^^^^^^^^^^^^^^^^^^^^^^^^^^
  File "/home/airflow/.local/lib/python3.12/site-packages/airflow/dag_processing/processor.py", line 982, in save_dag_to_db
    import_errors = DagBag._sync_to_db(dags=dags, processor_subdir=dag_directory, session=session)
                    ^^^^^^^^^^^^^^^^^^^^^^^^^^^^^^^^^^^^^^^^^^^^^^^^^^^^^^^^^^^^^^^^^^^^^^^^^^^^^^
  File "/home/airflow/.local/lib/python3.12/site-packages/airflow/utils/session.py", line 94, in wrapper
    return func(*args, **kwargs)
           ^^^^^^^^^^^^^^^^^^^^^
  File "/home/airflow/.local/lib/python3.12/site-packages/airflow/models/dagbag.py", line 708, in _sync_to_db
    for attempt in run_with_db_retries(logger=log):
                   ^^^^^^^^^^^^^^^^^^^^^^^^^^^^^^^
  File "/home/airflow/.local/lib/python3.12/site-packages/tenacity/__init__.py", line 443, in __iter__
    do = self.iter(retry_state=retry_state)
         ^^^^^^^^^^^^^^^^^^^^^^^^^^^^^^^^^^
  File "/home/airflow/.local/lib/python3.12/site-packages/tenacity/__init__.py", line 376, in iter
    result = action(retry_state)
             ^^^^^^^^^^^^^^^^^^^
  File "/home/airflow/.local/lib/python3.12/site-packages/tenacity/__init__.py", line 418, in exc_check
    raise retry_exc.reraise()
          ^^^^^^^^^^^^^^^^^^^
  File "/home/airflow/.local/lib/python3.12/site-packages/tenacity/__init__.py", line 185, in reraise
    raise self.last_attempt.result()
          ^^^^^^^^^^^^^^^^^^^^^^^^^^
  File "/usr/local/lib/python3.12/concurrent/futures/_base.py", line 449, in result
    return self.__get_result()
           ^^^^^^^^^^^^^^^^^^^
  File "/usr/local/lib/python3.12/concurrent/futures/_base.py", line 401, in __get_result
    raise self._exception
  File "/home/airflow/.local/lib/python3.12/site-packages/airflow/models/dagbag.py", line 721, in _sync_to_db
    _serialize_dag_capturing_errors(dag, session, processor_subdir)
  File "/home/airflow/.local/lib/python3.12/site-packages/airflow/models/dagbag.py", line 686, in _serialize_dag_capturing_errors
    dag_was_updated = SerializedDagModel.write_dag(
                      ^^^^^^^^^^^^^^^^^^^^^^^^^^^^^
  File "/home/airflow/.local/lib/python3.12/site-packages/airflow/utils/session.py", line 94, in wrapper
    return func(*args, **kwargs)
           ^^^^^^^^^^^^^^^^^^^^^
  File "/home/airflow/.local/lib/python3.12/site-packages/airflow/models/serialized_dag.py", line 160, in write_dag
    if session.scalar(
       ^^^^^^^^^^^^^^^
  File "/home/airflow/.local/lib/python3.12/site-packages/sqlalchemy/orm/session.py", line 1747, in scalar
    return self.execute(
           ^^^^^^^^^^^^^
  File "/home/airflow/.local/lib/python3.12/site-packages/sqlalchemy/orm/session.py", line 1716, in execute
    conn = self._connection_for_bind(bind)
           ^^^^^^^^^^^^^^^^^^^^^^^^^^^^^^^
  File "/home/airflow/.local/lib/python3.12/site-packages/sqlalchemy/orm/session.py", line 1555, in _connection_for_bind
    return self._transaction._connection_for_bind(
           ^^^^^^^^^^^^^^^^^^^^^^^^^^^^^^^^^^^^^^^
  File "/home/airflow/.local/lib/python3.12/site-packages/sqlalchemy/orm/session.py", line 750, in _connection_for_bind
    conn = bind.connect()
           ^^^^^^^^^^^^^^
  File "/home/airflow/.local/lib/python3.12/site-packages/sqlalchemy/future/engine.py", line 412, in connect
    return super(Engine, self).connect()
           ^^^^^^^^^^^^^^^^^^^^^^^^^^^^^
  File "/home/airflow/.local/lib/python3.12/site-packages/sqlalchemy/engine/base.py", line 3325, in connect
    return self._connection_cls(self, close_with_result=close_with_result)
           ^^^^^^^^^^^^^^^^^^^^^^^^^^^^^^^^^^^^^^^^^^^^^^^^^^^^^^^^^^^^^^^
  File "/home/airflow/.local/lib/python3.12/site-packages/sqlalchemy/engine/base.py", line 96, in __init__
    else engine.raw_connection()
         ^^^^^^^^^^^^^^^^^^^^^^^
  File "/home/airflow/.local/lib/python3.12/site-packages/sqlalchemy/engine/base.py", line 3404, in raw_connection
    return self._wrap_pool_connect(self.pool.connect, _connection)
           ^^^^^^^^^^^^^^^^^^^^^^^^^^^^^^^^^^^^^^^^^^^^^^^^^^^^^^^
  File "/home/airflow/.local/lib/python3.12/site-packages/sqlalchemy/engine/base.py", line 3374, in _wrap_pool_connect
    Connection._handle_dbapi_exception_noconnection(
  File "/home/airflow/.local/lib/python3.12/site-packages/sqlalchemy/engine/base.py", line 2208, in _handle_dbapi_exception_noconnection
    util.raise_(
  File "/home/airflow/.local/lib/python3.12/site-packages/sqlalchemy/util/compat.py", line 211, in raise_
    raise exception
  File "/home/airflow/.local/lib/python3.12/site-packages/sqlalchemy/engine/base.py", line 3371, in _wrap_pool_connect
    return fn()
           ^^^^
  File "/home/airflow/.local/lib/python3.12/site-packages/sqlalchemy/pool/base.py", line 327, in connect
    return _ConnectionFairy._checkout(self)
           ^^^^^^^^^^^^^^^^^^^^^^^^^^^^^^^^
  File "/home/airflow/.local/lib/python3.12/site-packages/sqlalchemy/pool/base.py", line 894, in _checkout
    fairy = _ConnectionRecord.checkout(pool)
            ^^^^^^^^^^^^^^^^^^^^^^^^^^^^^^^^
  File "/home/airflow/.local/lib/python3.12/site-packages/sqlalchemy/pool/base.py", line 493, in checkout
    rec = pool._do_get()
          ^^^^^^^^^^^^^^
  File "/home/airflow/.local/lib/python3.12/site-packages/sqlalchemy/pool/impl.py", line 145, in _do_get
    with util.safe_reraise():
         ^^^^^^^^^^^^^^^^^^^
  File "/home/airflow/.local/lib/python3.12/site-packages/sqlalchemy/util/langhelpers.py", line 70, in __exit__
    compat.raise_(
  File "/home/airflow/.local/lib/python3.12/site-packages/sqlalchemy/util/compat.py", line 211, in raise_
    raise exception
  File "/home/airflow/.local/lib/python3.12/site-packages/sqlalchemy/pool/impl.py", line 143, in _do_get
    return self._create_connection()
           ^^^^^^^^^^^^^^^^^^^^^^^^^
  File "/home/airflow/.local/lib/python3.12/site-packages/sqlalchemy/pool/base.py", line 273, in _create_connection
    return _ConnectionRecord(self)
           ^^^^^^^^^^^^^^^^^^^^^^^
  File "/home/airflow/.local/lib/python3.12/site-packages/sqlalchemy/pool/base.py", line 388, in __init__
    self.__connect()
  File "/home/airflow/.local/lib/python3.12/site-packages/sqlalchemy/pool/base.py", line 690, in __connect
    with util.safe_reraise():
         ^^^^^^^^^^^^^^^^^^^
  File "/home/airflow/.local/lib/python3.12/site-packages/sqlalchemy/util/langhelpers.py", line 70, in __exit__
    compat.raise_(
  File "/home/airflow/.local/lib/python3.12/site-packages/sqlalchemy/util/compat.py", line 211, in raise_
    raise exception
  File "/home/airflow/.local/lib/python3.12/site-packages/sqlalchemy/pool/base.py", line 686, in __connect
    self.dbapi_connection = connection = pool._invoke_creator(self)
                                         ^^^^^^^^^^^^^^^^^^^^^^^^^^
  File "/home/airflow/.local/lib/python3.12/site-packages/sqlalchemy/engine/create.py", line 574, in connect
    return dialect.connect(*cargs, **cparams)
           ^^^^^^^^^^^^^^^^^^^^^^^^^^^^^^^^^^
  File "/home/airflow/.local/lib/python3.12/site-packages/sqlalchemy/engine/default.py", line 598, in connect
    return self.dbapi.connect(*cargs, **cparams)
           ^^^^^^^^^^^^^^^^^^^^^^^^^^^^^^^^^^^^^
  File "/home/airflow/.local/lib/python3.12/site-packages/psycopg2/__init__.py", line 122, in connect
    conn = _connect(dsn, connection_factory=connection_factory, **kwasync)
           ^^^^^^^^^^^^^^^^^^^^^^^^^^^^^^^^^^^^^^^^^^^^^^^^^^^^^^^^^^^^^^^
sqlalchemy.exc.OperationalError: (psycopg2.OperationalError) could not translate host name "postgres" to address: Temporary failure in name resolution

(Background on this error at: https://sqlalche.me/e/14/e3q8)
[2026-09-10T05:26:44.012+0000] {processor.py:186} INFO - Started process (PID=1538) to work on /opt/airflow/dags/ingestion_pipelines_dag.py
[2026-09-10T05:26:44.015+0000] {processor.py:914} INFO - Processing file /opt/airflow/dags/ingestion_pipelines_dag.py for tasks to queue
[2026-09-10T05:26:44.029+0000] {logging_mixin.py:190} INFO - [2026-09-10T05:26:44.026+0000] {dagbag.py:588} INFO - Filling up the DagBag from /opt/airflow/dags/ingestion_pipelines_dag.py
[2026-09-10T05:26:44.228+0000] {processor.py:925} INFO - DAG(s) 'datalake_ingestion_pipelines' retrieved from /opt/airflow/dags/ingestion_pipelines_dag.py
[2026-09-10T05:26:45.672+0000] {logging_mixin.py:190} INFO - [2026-09-10T05:26:45.670+0000] {dag.py:3239} INFO - Sync 1 DAGs
[2026-09-10T05:26:46.081+0000] {processor.py:208} INFO - Processing /opt/airflow/dags/ingestion_pipelines_dag.py took 2.108 seconds
[2026-09-10T05:27:19.929+0000] {processor.py:186} INFO - Started process (PID=1589) to work on /opt/airflow/dags/ingestion_pipelines_dag.py
[2026-09-10T05:27:20.107+0000] {processor.py:914} INFO - Processing file /opt/airflow/dags/ingestion_pipelines_dag.py for tasks to queue
[2026-09-10T05:27:20.278+0000] {logging_mixin.py:190} INFO - [2026-09-10T05:27:20.189+0000] {dagbag.py:588} INFO - Filling up the DagBag from /opt/airflow/dags/ingestion_pipelines_dag.py
[2026-09-10T05:27:24.219+0000] {processor.py:925} INFO - DAG(s) 'datalake_ingestion_pipelines' retrieved from /opt/airflow/dags/ingestion_pipelines_dag.py
[2026-09-10T05:31:16.013+0000] {processor.py:186} INFO - Started process (PID=1592) to work on /opt/airflow/dags/ingestion_pipelines_dag.py
[2026-09-10T05:31:17.078+0000] {processor.py:914} INFO - Processing file /opt/airflow/dags/ingestion_pipelines_dag.py for tasks to queue
[2026-09-10T05:31:20.203+0000] {logging_mixin.py:190} INFO - [2026-09-10T05:31:18.984+0000] {dagbag.py:588} INFO - Filling up the DagBag from /opt/airflow/dags/ingestion_pipelines_dag.py
[2026-09-10T05:31:56.091+0000] {processor.py:925} INFO - DAG(s) 'datalake_ingestion_pipelines' retrieved from /opt/airflow/dags/ingestion_pipelines_dag.py
[2026-09-10T05:35:33.512+0000] {processor.py:186} INFO - Started process (PID=1645) to work on /opt/airflow/dags/ingestion_pipelines_dag.py
[2026-09-10T05:35:33.517+0000] {processor.py:914} INFO - Processing file /opt/airflow/dags/ingestion_pipelines_dag.py for tasks to queue
[2026-09-10T05:35:33.535+0000] {logging_mixin.py:190} INFO - [2026-09-10T05:35:33.528+0000] {dagbag.py:588} INFO - Filling up the DagBag from /opt/airflow/dags/ingestion_pipelines_dag.py
[2026-09-10T05:35:33.895+0000] {processor.py:925} INFO - DAG(s) 'datalake_ingestion_pipelines' retrieved from /opt/airflow/dags/ingestion_pipelines_dag.py
[2026-09-10T05:35:39.166+0000] {logging_mixin.py:190} INFO - [2026-09-10T05:35:39.164+0000] {dag.py:3239} INFO - Sync 1 DAGs
[2026-09-10T05:35:42.576+0000] {processor.py:208} INFO - Processing /opt/airflow/dags/ingestion_pipelines_dag.py took 9.218 seconds
[2026-09-10T05:36:13.541+0000] {processor.py:186} INFO - Started process (PID=1684) to work on /opt/airflow/dags/ingestion_pipelines_dag.py
[2026-09-10T05:36:13.544+0000] {processor.py:914} INFO - Processing file /opt/airflow/dags/ingestion_pipelines_dag.py for tasks to queue
[2026-09-10T05:36:13.548+0000] {logging_mixin.py:190} INFO - [2026-09-10T05:36:13.547+0000] {dagbag.py:588} INFO - Filling up the DagBag from /opt/airflow/dags/ingestion_pipelines_dag.py
[2026-09-10T05:36:13.645+0000] {processor.py:925} INFO - DAG(s) 'datalake_ingestion_pipelines' retrieved from /opt/airflow/dags/ingestion_pipelines_dag.py
[2026-09-10T05:36:13.725+0000] {logging_mixin.py:190} INFO - [2026-09-10T05:36:13.724+0000] {dag.py:3239} INFO - Sync 1 DAGs
[2026-09-10T05:36:13.818+0000] {processor.py:208} INFO - Processing /opt/airflow/dags/ingestion_pipelines_dag.py took 0.286 seconds
[2026-09-10T05:36:44.448+0000] {processor.py:186} INFO - Started process (PID=1740) to work on /opt/airflow/dags/ingestion_pipelines_dag.py
[2026-09-10T05:36:44.453+0000] {processor.py:914} INFO - Processing file /opt/airflow/dags/ingestion_pipelines_dag.py for tasks to queue
[2026-09-10T05:36:44.474+0000] {logging_mixin.py:190} INFO - [2026-09-10T05:36:44.466+0000] {dagbag.py:588} INFO - Filling up the DagBag from /opt/airflow/dags/ingestion_pipelines_dag.py
[2026-09-10T05:36:44.780+0000] {processor.py:925} INFO - DAG(s) 'datalake_ingestion_pipelines' retrieved from /opt/airflow/dags/ingestion_pipelines_dag.py
[2026-09-10T05:36:45.838+0000] {logging_mixin.py:190} INFO - [2026-09-10T05:36:45.837+0000] {dag.py:3239} INFO - Sync 1 DAGs
[2026-09-10T05:36:46.592+0000] {processor.py:208} INFO - Processing /opt/airflow/dags/ingestion_pipelines_dag.py took 2.294 seconds
[2026-09-10T05:37:17.601+0000] {processor.py:186} INFO - Started process (PID=1793) to work on /opt/airflow/dags/ingestion_pipelines_dag.py
[2026-09-10T05:37:17.626+0000] {processor.py:914} INFO - Processing file /opt/airflow/dags/ingestion_pipelines_dag.py for tasks to queue
[2026-09-10T05:37:17.641+0000] {logging_mixin.py:190} INFO - [2026-09-10T05:37:17.631+0000] {dagbag.py:588} INFO - Filling up the DagBag from /opt/airflow/dags/ingestion_pipelines_dag.py
[2026-09-10T05:37:17.937+0000] {processor.py:925} INFO - DAG(s) 'datalake_ingestion_pipelines' retrieved from /opt/airflow/dags/ingestion_pipelines_dag.py
[2026-09-10T05:37:52.077+0000] {processor.py:211} ERROR - Got an exception! Propagating...
Traceback (most recent call last):
  File "/home/airflow/.local/lib/python3.12/site-packages/sqlalchemy/engine/base.py", line 3371, in _wrap_pool_connect
    return fn()
           ^^^^
  File "/home/airflow/.local/lib/python3.12/site-packages/sqlalchemy/pool/base.py", line 327, in connect
    return _ConnectionFairy._checkout(self)
           ^^^^^^^^^^^^^^^^^^^^^^^^^^^^^^^^
  File "/home/airflow/.local/lib/python3.12/site-packages/sqlalchemy/pool/base.py", line 894, in _checkout
    fairy = _ConnectionRecord.checkout(pool)
            ^^^^^^^^^^^^^^^^^^^^^^^^^^^^^^^^
  File "/home/airflow/.local/lib/python3.12/site-packages/sqlalchemy/pool/base.py", line 493, in checkout
    rec = pool._do_get()
          ^^^^^^^^^^^^^^
  File "/home/airflow/.local/lib/python3.12/site-packages/sqlalchemy/pool/impl.py", line 145, in _do_get
    with util.safe_reraise():
         ^^^^^^^^^^^^^^^^^^^
  File "/home/airflow/.local/lib/python3.12/site-packages/sqlalchemy/util/langhelpers.py", line 70, in __exit__
    compat.raise_(
  File "/home/airflow/.local/lib/python3.12/site-packages/sqlalchemy/util/compat.py", line 211, in raise_
    raise exception
  File "/home/airflow/.local/lib/python3.12/site-packages/sqlalchemy/pool/impl.py", line 143, in _do_get
    return self._create_connection()
           ^^^^^^^^^^^^^^^^^^^^^^^^^
  File "/home/airflow/.local/lib/python3.12/site-packages/sqlalchemy/pool/base.py", line 273, in _create_connection
    return _ConnectionRecord(self)
           ^^^^^^^^^^^^^^^^^^^^^^^
  File "/home/airflow/.local/lib/python3.12/site-packages/sqlalchemy/pool/base.py", line 388, in __init__
    self.__connect()
  File "/home/airflow/.local/lib/python3.12/site-packages/sqlalchemy/pool/base.py", line 690, in __connect
    with util.safe_reraise():
         ^^^^^^^^^^^^^^^^^^^
  File "/home/airflow/.local/lib/python3.12/site-packages/sqlalchemy/util/langhelpers.py", line 70, in __exit__
    compat.raise_(
  File "/home/airflow/.local/lib/python3.12/site-packages/sqlalchemy/util/compat.py", line 211, in raise_
    raise exception
  File "/home/airflow/.local/lib/python3.12/site-packages/sqlalchemy/pool/base.py", line 686, in __connect
    self.dbapi_connection = connection = pool._invoke_creator(self)
                                         ^^^^^^^^^^^^^^^^^^^^^^^^^^
  File "/home/airflow/.local/lib/python3.12/site-packages/sqlalchemy/engine/create.py", line 574, in connect
    return dialect.connect(*cargs, **cparams)
           ^^^^^^^^^^^^^^^^^^^^^^^^^^^^^^^^^^
  File "/home/airflow/.local/lib/python3.12/site-packages/sqlalchemy/engine/default.py", line 598, in connect
    return self.dbapi.connect(*cargs, **cparams)
           ^^^^^^^^^^^^^^^^^^^^^^^^^^^^^^^^^^^^^
  File "/home/airflow/.local/lib/python3.12/site-packages/psycopg2/__init__.py", line 122, in connect
    conn = _connect(dsn, connection_factory=connection_factory, **kwasync)
           ^^^^^^^^^^^^^^^^^^^^^^^^^^^^^^^^^^^^^^^^^^^^^^^^^^^^^^^^^^^^^^^
psycopg2.OperationalError: could not translate host name "postgres" to address: Temporary failure in name resolution


The above exception was the direct cause of the following exception:

Traceback (most recent call last):
  File "/home/airflow/.local/lib/python3.12/site-packages/airflow/dag_processing/processor.py", line 207, in _run_file_processor
    _handle_dag_file_processing()
  File "/home/airflow/.local/lib/python3.12/site-packages/airflow/dag_processing/processor.py", line 188, in _handle_dag_file_processing
    result: tuple[int, int, int] = dag_file_processor.process_file(
                                   ^^^^^^^^^^^^^^^^^^^^^^^^^^^^^^^^
  File "/home/airflow/.local/lib/python3.12/site-packages/airflow/utils/session.py", line 97, in wrapper
    return func(*args, session=session, **kwargs)
           ^^^^^^^^^^^^^^^^^^^^^^^^^^^^^^^^^^^^^^
  File "/home/airflow/.local/lib/python3.12/site-packages/airflow/dag_processing/processor.py", line 942, in process_file
    serialize_errors = DagFileProcessor.save_dag_to_db(
                       ^^^^^^^^^^^^^^^^^^^^^^^^^^^^^^^^
  File "/home/airflow/.local/lib/python3.12/site-packages/airflow/api_internal/internal_api_call.py", line 166, in wrapper
    return func(*args, **kwargs)
           ^^^^^^^^^^^^^^^^^^^^^
  File "/home/airflow/.local/lib/python3.12/site-packages/airflow/utils/session.py", line 97, in wrapper
    return func(*args, session=session, **kwargs)
           ^^^^^^^^^^^^^^^^^^^^^^^^^^^^^^^^^^^^^^
  File "/home/airflow/.local/lib/python3.12/site-packages/airflow/dag_processing/processor.py", line 982, in save_dag_to_db
    import_errors = DagBag._sync_to_db(dags=dags, processor_subdir=dag_directory, session=session)
                    ^^^^^^^^^^^^^^^^^^^^^^^^^^^^^^^^^^^^^^^^^^^^^^^^^^^^^^^^^^^^^^^^^^^^^^^^^^^^^^
  File "/home/airflow/.local/lib/python3.12/site-packages/airflow/utils/session.py", line 94, in wrapper
    return func(*args, **kwargs)
           ^^^^^^^^^^^^^^^^^^^^^
  File "/home/airflow/.local/lib/python3.12/site-packages/airflow/models/dagbag.py", line 708, in _sync_to_db
    for attempt in run_with_db_retries(logger=log):
                   ^^^^^^^^^^^^^^^^^^^^^^^^^^^^^^^
  File "/home/airflow/.local/lib/python3.12/site-packages/tenacity/__init__.py", line 443, in __iter__
    do = self.iter(retry_state=retry_state)
         ^^^^^^^^^^^^^^^^^^^^^^^^^^^^^^^^^^
  File "/home/airflow/.local/lib/python3.12/site-packages/tenacity/__init__.py", line 376, in iter
    result = action(retry_state)
             ^^^^^^^^^^^^^^^^^^^
  File "/home/airflow/.local/lib/python3.12/site-packages/tenacity/__init__.py", line 418, in exc_check
    raise retry_exc.reraise()
          ^^^^^^^^^^^^^^^^^^^
  File "/home/airflow/.local/lib/python3.12/site-packages/tenacity/__init__.py", line 185, in reraise
    raise self.last_attempt.result()
          ^^^^^^^^^^^^^^^^^^^^^^^^^^
  File "/usr/local/lib/python3.12/concurrent/futures/_base.py", line 449, in result
    return self.__get_result()
           ^^^^^^^^^^^^^^^^^^^
  File "/usr/local/lib/python3.12/concurrent/futures/_base.py", line 401, in __get_result
    raise self._exception
  File "/home/airflow/.local/lib/python3.12/site-packages/airflow/models/dagbag.py", line 721, in _sync_to_db
    _serialize_dag_capturing_errors(dag, session, processor_subdir)
  File "/home/airflow/.local/lib/python3.12/site-packages/airflow/models/dagbag.py", line 686, in _serialize_dag_capturing_errors
    dag_was_updated = SerializedDagModel.write_dag(
                      ^^^^^^^^^^^^^^^^^^^^^^^^^^^^^
  File "/home/airflow/.local/lib/python3.12/site-packages/airflow/utils/session.py", line 94, in wrapper
    return func(*args, **kwargs)
           ^^^^^^^^^^^^^^^^^^^^^
  File "/home/airflow/.local/lib/python3.12/site-packages/airflow/models/serialized_dag.py", line 160, in write_dag
    if session.scalar(
       ^^^^^^^^^^^^^^^
  File "/home/airflow/.local/lib/python3.12/site-packages/sqlalchemy/orm/session.py", line 1747, in scalar
    return self.execute(
           ^^^^^^^^^^^^^
  File "/home/airflow/.local/lib/python3.12/site-packages/sqlalchemy/orm/session.py", line 1716, in execute
    conn = self._connection_for_bind(bind)
           ^^^^^^^^^^^^^^^^^^^^^^^^^^^^^^^
  File "/home/airflow/.local/lib/python3.12/site-packages/sqlalchemy/orm/session.py", line 1555, in _connection_for_bind
    return self._transaction._connection_for_bind(
           ^^^^^^^^^^^^^^^^^^^^^^^^^^^^^^^^^^^^^^^
  File "/home/airflow/.local/lib/python3.12/site-packages/sqlalchemy/orm/session.py", line 750, in _connection_for_bind
    conn = bind.connect()
           ^^^^^^^^^^^^^^
  File "/home/airflow/.local/lib/python3.12/site-packages/sqlalchemy/future/engine.py", line 412, in connect
    return super(Engine, self).connect()
           ^^^^^^^^^^^^^^^^^^^^^^^^^^^^^
  File "/home/airflow/.local/lib/python3.12/site-packages/sqlalchemy/engine/base.py", line 3325, in connect
    return self._connection_cls(self, close_with_result=close_with_result)
           ^^^^^^^^^^^^^^^^^^^^^^^^^^^^^^^^^^^^^^^^^^^^^^^^^^^^^^^^^^^^^^^
  File "/home/airflow/.local/lib/python3.12/site-packages/sqlalchemy/engine/base.py", line 96, in __init__
    else engine.raw_connection()
         ^^^^^^^^^^^^^^^^^^^^^^^
  File "/home/airflow/.local/lib/python3.12/site-packages/sqlalchemy/engine/base.py", line 3404, in raw_connection
    return self._wrap_pool_connect(self.pool.connect, _connection)
           ^^^^^^^^^^^^^^^^^^^^^^^^^^^^^^^^^^^^^^^^^^^^^^^^^^^^^^^
  File "/home/airflow/.local/lib/python3.12/site-packages/sqlalchemy/engine/base.py", line 3374, in _wrap_pool_connect
    Connection._handle_dbapi_exception_noconnection(
  File "/home/airflow/.local/lib/python3.12/site-packages/sqlalchemy/engine/base.py", line 2208, in _handle_dbapi_exception_noconnection
    util.raise_(
  File "/home/airflow/.local/lib/python3.12/site-packages/sqlalchemy/util/compat.py", line 211, in raise_
    raise exception
  File "/home/airflow/.local/lib/python3.12/site-packages/sqlalchemy/engine/base.py", line 3371, in _wrap_pool_connect
    return fn()
           ^^^^
  File "/home/airflow/.local/lib/python3.12/site-packages/sqlalchemy/pool/base.py", line 327, in connect
    return _ConnectionFairy._checkout(self)
           ^^^^^^^^^^^^^^^^^^^^^^^^^^^^^^^^
  File "/home/airflow/.local/lib/python3.12/site-packages/sqlalchemy/pool/base.py", line 894, in _checkout
    fairy = _ConnectionRecord.checkout(pool)
            ^^^^^^^^^^^^^^^^^^^^^^^^^^^^^^^^
  File "/home/airflow/.local/lib/python3.12/site-packages/sqlalchemy/pool/base.py", line 493, in checkout
    rec = pool._do_get()
          ^^^^^^^^^^^^^^
  File "/home/airflow/.local/lib/python3.12/site-packages/sqlalchemy/pool/impl.py", line 145, in _do_get
    with util.safe_reraise():
         ^^^^^^^^^^^^^^^^^^^
  File "/home/airflow/.local/lib/python3.12/site-packages/sqlalchemy/util/langhelpers.py", line 70, in __exit__
    compat.raise_(
  File "/home/airflow/.local/lib/python3.12/site-packages/sqlalchemy/util/compat.py", line 211, in raise_
    raise exception
  File "/home/airflow/.local/lib/python3.12/site-packages/sqlalchemy/pool/impl.py", line 143, in _do_get
    return self._create_connection()
           ^^^^^^^^^^^^^^^^^^^^^^^^^
  File "/home/airflow/.local/lib/python3.12/site-packages/sqlalchemy/pool/base.py", line 273, in _create_connection
    return _ConnectionRecord(self)
           ^^^^^^^^^^^^^^^^^^^^^^^
  File "/home/airflow/.local/lib/python3.12/site-packages/sqlalchemy/pool/base.py", line 388, in __init__
    self.__connect()
  File "/home/airflow/.local/lib/python3.12/site-packages/sqlalchemy/pool/base.py", line 690, in __connect
    with util.safe_reraise():
         ^^^^^^^^^^^^^^^^^^^
  File "/home/airflow/.local/lib/python3.12/site-packages/sqlalchemy/util/langhelpers.py", line 70, in __exit__
    compat.raise_(
  File "/home/airflow/.local/lib/python3.12/site-packages/sqlalchemy/util/compat.py", line 211, in raise_
    raise exception
  File "/home/airflow/.local/lib/python3.12/site-packages/sqlalchemy/pool/base.py", line 686, in __connect
    self.dbapi_connection = connection = pool._invoke_creator(self)
                                         ^^^^^^^^^^^^^^^^^^^^^^^^^^
  File "/home/airflow/.local/lib/python3.12/site-packages/sqlalchemy/engine/create.py", line 574, in connect
    return dialect.connect(*cargs, **cparams)
           ^^^^^^^^^^^^^^^^^^^^^^^^^^^^^^^^^^
  File "/home/airflow/.local/lib/python3.12/site-packages/sqlalchemy/engine/default.py", line 598, in connect
    return self.dbapi.connect(*cargs, **cparams)
           ^^^^^^^^^^^^^^^^^^^^^^^^^^^^^^^^^^^^^
  File "/home/airflow/.local/lib/python3.12/site-packages/psycopg2/__init__.py", line 122, in connect
    conn = _connect(dsn, connection_factory=connection_factory, **kwasync)
           ^^^^^^^^^^^^^^^^^^^^^^^^^^^^^^^^^^^^^^^^^^^^^^^^^^^^^^^^^^^^^^^
sqlalchemy.exc.OperationalError: (psycopg2.OperationalError) could not translate host name "postgres" to address: Temporary failure in name resolution

(Background on this error at: https://sqlalche.me/e/14/e3q8)
[2026-09-10T05:47:44.365+0000] {processor.py:186} INFO - Started process (PID=252) to work on /opt/airflow/dags/ingestion_pipelines_dag.py
[2026-09-10T05:47:44.369+0000] {processor.py:914} INFO - Processing file /opt/airflow/dags/ingestion_pipelines_dag.py for tasks to queue
[2026-09-10T05:47:44.375+0000] {logging_mixin.py:190} INFO - [2026-09-10T05:47:44.374+0000] {dagbag.py:588} INFO - Filling up the DagBag from /opt/airflow/dags/ingestion_pipelines_dag.py
[2026-09-10T05:47:44.428+0000] {processor.py:925} INFO - DAG(s) 'datalake_ingestion_pipelines' retrieved from /opt/airflow/dags/ingestion_pipelines_dag.py
[2026-09-10T05:47:44.795+0000] {logging_mixin.py:190} INFO - [2026-09-10T05:47:44.794+0000] {dag.py:3239} INFO - Sync 1 DAGs
[2026-09-10T05:47:45.543+0000] {processor.py:208} INFO - Processing /opt/airflow/dags/ingestion_pipelines_dag.py took 1.192 seconds
[2026-09-10T05:48:16.008+0000] {processor.py:186} INFO - Started process (PID=310) to work on /opt/airflow/dags/ingestion_pipelines_dag.py
[2026-09-10T05:48:16.010+0000] {processor.py:914} INFO - Processing file /opt/airflow/dags/ingestion_pipelines_dag.py for tasks to queue
[2026-09-10T05:48:16.016+0000] {logging_mixin.py:190} INFO - [2026-09-10T05:48:16.015+0000] {dagbag.py:588} INFO - Filling up the DagBag from /opt/airflow/dags/ingestion_pipelines_dag.py
[2026-09-10T05:48:16.087+0000] {processor.py:925} INFO - DAG(s) 'datalake_ingestion_pipelines' retrieved from /opt/airflow/dags/ingestion_pipelines_dag.py
[2026-09-10T05:48:16.338+0000] {logging_mixin.py:190} INFO - [2026-09-10T05:48:16.337+0000] {dag.py:3239} INFO - Sync 1 DAGs
[2026-09-10T05:48:16.444+0000] {logging_mixin.py:190} INFO - [2026-09-10T05:48:16.443+0000] {dag.py:4180} INFO - Setting next_dagrun for datalake_ingestion_pipelines to 2026-09-10 04:00:00+00:00, run_after=2026-09-10 05:00:00+00:00
[2026-09-10T05:48:16.533+0000] {processor.py:208} INFO - Processing /opt/airflow/dags/ingestion_pipelines_dag.py took 0.538 seconds
[2026-09-10T05:49:18.668+0000] {processor.py:186} INFO - Started process (PID=320) to work on /opt/airflow/dags/ingestion_pipelines_dag.py
[2026-09-10T05:49:20.907+0000] {processor.py:914} INFO - Processing file /opt/airflow/dags/ingestion_pipelines_dag.py for tasks to queue
[2026-09-10T05:49:27.174+0000] {logging_mixin.py:190} INFO - [2026-09-10T05:49:24.900+0000] {dagbag.py:588} INFO - Filling up the DagBag from /opt/airflow/dags/ingestion_pipelines_dag.py
[2026-09-10T05:49:59.506+0000] {processor.py:925} INFO - DAG(s) 'datalake_ingestion_pipelines' retrieved from /opt/airflow/dags/ingestion_pipelines_dag.py
[2026-09-10T05:50:46.402+0000] {processor.py:186} INFO - Started process (PID=323) to work on /opt/airflow/dags/ingestion_pipelines_dag.py
[2026-09-10T05:50:46.434+0000] {processor.py:914} INFO - Processing file /opt/airflow/dags/ingestion_pipelines_dag.py for tasks to queue
[2026-09-10T05:50:46.593+0000] {logging_mixin.py:190} INFO - [2026-09-10T05:50:46.475+0000] {dagbag.py:588} INFO - Filling up the DagBag from /opt/airflow/dags/ingestion_pipelines_dag.py
[2026-09-10T05:51:51.136+0000] {processor.py:925} INFO - DAG(s) 'datalake_ingestion_pipelines' retrieved from /opt/airflow/dags/ingestion_pipelines_dag.py
[2026-09-10T05:52:21.596+0000] {processor.py:186} INFO - Started process (PID=348) to work on /opt/airflow/dags/ingestion_pipelines_dag.py
[2026-09-10T05:52:21.598+0000] {processor.py:914} INFO - Processing file /opt/airflow/dags/ingestion_pipelines_dag.py for tasks to queue
[2026-09-10T05:52:21.602+0000] {logging_mixin.py:190} INFO - [2026-09-10T05:52:21.601+0000] {dagbag.py:588} INFO - Filling up the DagBag from /opt/airflow/dags/ingestion_pipelines_dag.py
[2026-09-10T05:52:21.668+0000] {processor.py:925} INFO - DAG(s) 'datalake_ingestion_pipelines' retrieved from /opt/airflow/dags/ingestion_pipelines_dag.py
[2026-09-10T05:52:22.276+0000] {logging_mixin.py:190} INFO - [2026-09-10T05:52:22.275+0000] {dag.py:3239} INFO - Sync 1 DAGs
[2026-09-10T05:52:22.447+0000] {processor.py:208} INFO - Processing /opt/airflow/dags/ingestion_pipelines_dag.py took 0.867 seconds
[2026-09-10T05:52:52.987+0000] {processor.py:186} INFO - Started process (PID=361) to work on /opt/airflow/dags/ingestion_pipelines_dag.py
[2026-09-10T05:52:52.995+0000] {processor.py:914} INFO - Processing file /opt/airflow/dags/ingestion_pipelines_dag.py for tasks to queue
[2026-09-10T05:52:53.001+0000] {logging_mixin.py:190} INFO - [2026-09-10T05:52:53.000+0000] {dagbag.py:588} INFO - Filling up the DagBag from /opt/airflow/dags/ingestion_pipelines_dag.py
[2026-09-10T05:52:53.095+0000] {processor.py:925} INFO - DAG(s) 'datalake_ingestion_pipelines' retrieved from /opt/airflow/dags/ingestion_pipelines_dag.py
[2026-09-10T05:52:53.200+0000] {logging_mixin.py:190} INFO - [2026-09-10T05:52:53.200+0000] {dag.py:3239} INFO - Sync 1 DAGs
[2026-09-10T05:52:53.305+0000] {processor.py:208} INFO - Processing /opt/airflow/dags/ingestion_pipelines_dag.py took 0.343 seconds
[2026-09-10T05:53:43.485+0000] {processor.py:186} INFO - Started process (PID=366) to work on /opt/airflow/dags/ingestion_pipelines_dag.py
[2026-09-10T05:53:43.488+0000] {processor.py:914} INFO - Processing file /opt/airflow/dags/ingestion_pipelines_dag.py for tasks to queue
[2026-09-10T05:53:43.503+0000] {logging_mixin.py:190} INFO - [2026-09-10T05:53:43.493+0000] {dagbag.py:588} INFO - Filling up the DagBag from /opt/airflow/dags/ingestion_pipelines_dag.py
[2026-09-10T05:53:43.670+0000] {processor.py:925} INFO - DAG(s) 'datalake_ingestion_pipelines' retrieved from /opt/airflow/dags/ingestion_pipelines_dag.py
[2026-09-10T05:53:44.428+0000] {logging_mixin.py:190} INFO - [2026-09-10T05:53:44.428+0000] {dag.py:3239} INFO - Sync 1 DAGs
[2026-09-10T05:53:44.590+0000] {processor.py:208} INFO - Processing /opt/airflow/dags/ingestion_pipelines_dag.py took 1.170 seconds
[2026-09-10T05:53:53.707+0000] {processor.py:186} INFO - Started process (PID=379) to work on /opt/airflow/dags/ingestion_pipelines_dag.py
[2026-09-10T05:53:53.709+0000] {processor.py:914} INFO - Processing file /opt/airflow/dags/ingestion_pipelines_dag.py for tasks to queue
[2026-09-10T05:53:53.711+0000] {logging_mixin.py:190} INFO - [2026-09-10T05:53:53.711+0000] {dagbag.py:588} INFO - Filling up the DagBag from /opt/airflow/dags/ingestion_pipelines_dag.py
[2026-09-10T05:53:53.765+0000] {processor.py:925} INFO - DAG(s) 'datalake_ingestion_pipelines' retrieved from /opt/airflow/dags/ingestion_pipelines_dag.py
[2026-09-10T05:53:53.808+0000] {logging_mixin.py:190} INFO - [2026-09-10T05:53:53.808+0000] {taskinstance.py:3313} ERROR - {'DAG Id': 'datalake_ingestion_pipelines', 'Task Id': 'list_pipeline_ids', 'Run Id': 'scheduled__2026-09-10T04:00:00+00:00', 'Hostname': '00365e89777a'}
[2026-09-10T05:53:53.866+0000] {logging_mixin.py:190} INFO - [2026-09-10T05:53:53.866+0000] {taskinstance.py:1225} INFO - Marking task as UP_FOR_RETRY. dag_id=datalake_ingestion_pipelines, task_id=list_pipeline_ids, run_id=scheduled__2026-09-10T04:00:00+00:00, execution_date=20260910T040000, start_date=20260910T054823, end_date=20260910T055353
[2026-09-10T05:53:53.901+0000] {logging_mixin.py:190} INFO - [2026-09-10T05:53:53.901+0000] {processor.py:876} INFO - Executed callback for <TaskInstance: datalake_ingestion_pipelines.list_pipeline_ids scheduled__2026-09-10T04:00:00+00:00 [up_for_retry]> in state up_for_retry
[2026-09-10T05:53:53.907+0000] {logging_mixin.py:190} INFO - [2026-09-10T05:53:53.906+0000] {taskinstance.py:3313} ERROR - {'DAG Id': 'datalake_ingestion_pipelines', 'Task Id': 'list_pipeline_ids', 'Run Id': 'scheduled__2026-09-10T04:00:00+00:00', 'Hostname': '00365e89777a'}
[2026-09-10T05:53:53.922+0000] {logging_mixin.py:190} INFO - [2026-09-10T05:53:53.921+0000] {taskinstance.py:1225} INFO - Marking task as UP_FOR_RETRY. dag_id=datalake_ingestion_pipelines, task_id=list_pipeline_ids, run_id=scheduled__2026-09-10T04:00:00+00:00, execution_date=20260910T040000, start_date=20260910T054823, end_date=20260910T055353
[2026-09-10T05:53:53.932+0000] {logging_mixin.py:190} INFO - [2026-09-10T05:53:53.932+0000] {processor.py:876} INFO - Executed callback for <TaskInstance: datalake_ingestion_pipelines.list_pipeline_ids scheduled__2026-09-10T04:00:00+00:00 [up_for_retry]> in state up_for_retry
[2026-09-10T05:53:53.964+0000] {logging_mixin.py:190} INFO - [2026-09-10T05:53:53.963+0000] {dag.py:3239} INFO - Sync 1 DAGs
[2026-09-10T05:53:54.042+0000] {processor.py:208} INFO - Processing /opt/airflow/dags/ingestion_pipelines_dag.py took 0.347 seconds
[2026-09-10T05:54:24.186+0000] {processor.py:186} INFO - Started process (PID=391) to work on /opt/airflow/dags/ingestion_pipelines_dag.py
[2026-09-10T05:54:24.188+0000] {processor.py:914} INFO - Processing file /opt/airflow/dags/ingestion_pipelines_dag.py for tasks to queue
[2026-09-10T05:54:24.192+0000] {logging_mixin.py:190} INFO - [2026-09-10T05:54:24.191+0000] {dagbag.py:588} INFO - Filling up the DagBag from /opt/airflow/dags/ingestion_pipelines_dag.py
[2026-09-10T05:54:24.254+0000] {processor.py:925} INFO - DAG(s) 'datalake_ingestion_pipelines' retrieved from /opt/airflow/dags/ingestion_pipelines_dag.py
[2026-09-10T05:54:24.404+0000] {logging_mixin.py:190} INFO - [2026-09-10T05:54:24.403+0000] {dag.py:3239} INFO - Sync 1 DAGs
[2026-09-10T05:54:24.472+0000] {processor.py:208} INFO - Processing /opt/airflow/dags/ingestion_pipelines_dag.py took 0.300 seconds
[2026-09-10T05:54:54.592+0000] {processor.py:186} INFO - Started process (PID=397) to work on /opt/airflow/dags/ingestion_pipelines_dag.py
[2026-09-10T05:54:54.595+0000] {processor.py:914} INFO - Processing file /opt/airflow/dags/ingestion_pipelines_dag.py for tasks to queue
[2026-09-10T05:54:54.600+0000] {logging_mixin.py:190} INFO - [2026-09-10T05:54:54.598+0000] {dagbag.py:588} INFO - Filling up the DagBag from /opt/airflow/dags/ingestion_pipelines_dag.py
[2026-09-10T05:54:54.662+0000] {processor.py:925} INFO - DAG(s) 'datalake_ingestion_pipelines' retrieved from /opt/airflow/dags/ingestion_pipelines_dag.py
[2026-09-10T05:54:55.652+0000] {logging_mixin.py:190} INFO - [2026-09-10T05:54:55.649+0000] {dag.py:3239} INFO - Sync 1 DAGs
[2026-09-10T05:54:55.725+0000] {processor.py:208} INFO - Processing /opt/airflow/dags/ingestion_pipelines_dag.py took 1.148 seconds
[2026-09-10T05:55:26.271+0000] {processor.py:186} INFO - Started process (PID=409) to work on /opt/airflow/dags/ingestion_pipelines_dag.py
[2026-09-10T05:55:26.286+0000] {processor.py:914} INFO - Processing file /opt/airflow/dags/ingestion_pipelines_dag.py for tasks to queue
[2026-09-10T05:55:26.302+0000] {logging_mixin.py:190} INFO - [2026-09-10T05:55:26.295+0000] {dagbag.py:588} INFO - Filling up the DagBag from /opt/airflow/dags/ingestion_pipelines_dag.py
[2026-09-10T05:55:26.562+0000] {processor.py:925} INFO - DAG(s) 'datalake_ingestion_pipelines' retrieved from /opt/airflow/dags/ingestion_pipelines_dag.py
[2026-09-10T05:55:57.459+0000] {processor.py:211} ERROR - Got an exception! Propagating...
Traceback (most recent call last):
  File "/home/airflow/.local/lib/python3.12/site-packages/sqlalchemy/engine/base.py", line 3371, in _wrap_pool_connect
    return fn()
           ^^^^
  File "/home/airflow/.local/lib/python3.12/site-packages/sqlalchemy/pool/base.py", line 327, in connect
    return _ConnectionFairy._checkout(self)
           ^^^^^^^^^^^^^^^^^^^^^^^^^^^^^^^^
  File "/home/airflow/.local/lib/python3.12/site-packages/sqlalchemy/pool/base.py", line 894, in _checkout
    fairy = _ConnectionRecord.checkout(pool)
            ^^^^^^^^^^^^^^^^^^^^^^^^^^^^^^^^
  File "/home/airflow/.local/lib/python3.12/site-packages/sqlalchemy/pool/base.py", line 493, in checkout
    rec = pool._do_get()
          ^^^^^^^^^^^^^^
  File "/home/airflow/.local/lib/python3.12/site-packages/sqlalchemy/pool/impl.py", line 145, in _do_get
    with util.safe_reraise():
         ^^^^^^^^^^^^^^^^^^^
  File "/home/airflow/.local/lib/python3.12/site-packages/sqlalchemy/util/langhelpers.py", line 70, in __exit__
    compat.raise_(
  File "/home/airflow/.local/lib/python3.12/site-packages/sqlalchemy/util/compat.py", line 211, in raise_
    raise exception
  File "/home/airflow/.local/lib/python3.12/site-packages/sqlalchemy/pool/impl.py", line 143, in _do_get
    return self._create_connection()
           ^^^^^^^^^^^^^^^^^^^^^^^^^
  File "/home/airflow/.local/lib/python3.12/site-packages/sqlalchemy/pool/base.py", line 273, in _create_connection
    return _ConnectionRecord(self)
           ^^^^^^^^^^^^^^^^^^^^^^^
  File "/home/airflow/.local/lib/python3.12/site-packages/sqlalchemy/pool/base.py", line 388, in __init__
    self.__connect()
  File "/home/airflow/.local/lib/python3.12/site-packages/sqlalchemy/pool/base.py", line 690, in __connect
    with util.safe_reraise():
         ^^^^^^^^^^^^^^^^^^^
  File "/home/airflow/.local/lib/python3.12/site-packages/sqlalchemy/util/langhelpers.py", line 70, in __exit__
    compat.raise_(
  File "/home/airflow/.local/lib/python3.12/site-packages/sqlalchemy/util/compat.py", line 211, in raise_
    raise exception
  File "/home/airflow/.local/lib/python3.12/site-packages/sqlalchemy/pool/base.py", line 686, in __connect
    self.dbapi_connection = connection = pool._invoke_creator(self)
                                         ^^^^^^^^^^^^^^^^^^^^^^^^^^
  File "/home/airflow/.local/lib/python3.12/site-packages/sqlalchemy/engine/create.py", line 574, in connect
    return dialect.connect(*cargs, **cparams)
           ^^^^^^^^^^^^^^^^^^^^^^^^^^^^^^^^^^
  File "/home/airflow/.local/lib/python3.12/site-packages/sqlalchemy/engine/default.py", line 598, in connect
    return self.dbapi.connect(*cargs, **cparams)
           ^^^^^^^^^^^^^^^^^^^^^^^^^^^^^^^^^^^^^
  File "/home/airflow/.local/lib/python3.12/site-packages/psycopg2/__init__.py", line 122, in connect
    conn = _connect(dsn, connection_factory=connection_factory, **kwasync)
           ^^^^^^^^^^^^^^^^^^^^^^^^^^^^^^^^^^^^^^^^^^^^^^^^^^^^^^^^^^^^^^^
psycopg2.OperationalError: could not translate host name "postgres" to address: Temporary failure in name resolution


The above exception was the direct cause of the following exception:

Traceback (most recent call last):
  File "/home/airflow/.local/lib/python3.12/site-packages/airflow/dag_processing/processor.py", line 207, in _run_file_processor
    _handle_dag_file_processing()
  File "/home/airflow/.local/lib/python3.12/site-packages/airflow/dag_processing/processor.py", line 188, in _handle_dag_file_processing
    result: tuple[int, int, int] = dag_file_processor.process_file(
                                   ^^^^^^^^^^^^^^^^^^^^^^^^^^^^^^^^
  File "/home/airflow/.local/lib/python3.12/site-packages/airflow/utils/session.py", line 97, in wrapper
    return func(*args, session=session, **kwargs)
           ^^^^^^^^^^^^^^^^^^^^^^^^^^^^^^^^^^^^^^
  File "/home/airflow/.local/lib/python3.12/site-packages/airflow/dag_processing/processor.py", line 942, in process_file
    serialize_errors = DagFileProcessor.save_dag_to_db(
                       ^^^^^^^^^^^^^^^^^^^^^^^^^^^^^^^^
  File "/home/airflow/.local/lib/python3.12/site-packages/airflow/api_internal/internal_api_call.py", line 166, in wrapper
    return func(*args, **kwargs)
           ^^^^^^^^^^^^^^^^^^^^^
  File "/home/airflow/.local/lib/python3.12/site-packages/airflow/utils/session.py", line 97, in wrapper
    return func(*args, session=session, **kwargs)
           ^^^^^^^^^^^^^^^^^^^^^^^^^^^^^^^^^^^^^^
  File "/home/airflow/.local/lib/python3.12/site-packages/airflow/dag_processing/processor.py", line 982, in save_dag_to_db
    import_errors = DagBag._sync_to_db(dags=dags, processor_subdir=dag_directory, session=session)
                    ^^^^^^^^^^^^^^^^^^^^^^^^^^^^^^^^^^^^^^^^^^^^^^^^^^^^^^^^^^^^^^^^^^^^^^^^^^^^^^
  File "/home/airflow/.local/lib/python3.12/site-packages/airflow/utils/session.py", line 94, in wrapper
    return func(*args, **kwargs)
           ^^^^^^^^^^^^^^^^^^^^^
  File "/home/airflow/.local/lib/python3.12/site-packages/airflow/models/dagbag.py", line 708, in _sync_to_db
    for attempt in run_with_db_retries(logger=log):
                   ^^^^^^^^^^^^^^^^^^^^^^^^^^^^^^^
  File "/home/airflow/.local/lib/python3.12/site-packages/tenacity/__init__.py", line 443, in __iter__
    do = self.iter(retry_state=retry_state)
         ^^^^^^^^^^^^^^^^^^^^^^^^^^^^^^^^^^
  File "/home/airflow/.local/lib/python3.12/site-packages/tenacity/__init__.py", line 376, in iter
    result = action(retry_state)
             ^^^^^^^^^^^^^^^^^^^
  File "/home/airflow/.local/lib/python3.12/site-packages/tenacity/__init__.py", line 418, in exc_check
    raise retry_exc.reraise()
          ^^^^^^^^^^^^^^^^^^^
  File "/home/airflow/.local/lib/python3.12/site-packages/tenacity/__init__.py", line 185, in reraise
    raise self.last_attempt.result()
          ^^^^^^^^^^^^^^^^^^^^^^^^^^
  File "/usr/local/lib/python3.12/concurrent/futures/_base.py", line 449, in result
    return self.__get_result()
           ^^^^^^^^^^^^^^^^^^^
  File "/usr/local/lib/python3.12/concurrent/futures/_base.py", line 401, in __get_result
    raise self._exception
  File "/home/airflow/.local/lib/python3.12/site-packages/airflow/models/dagbag.py", line 721, in _sync_to_db
    _serialize_dag_capturing_errors(dag, session, processor_subdir)
  File "/home/airflow/.local/lib/python3.12/site-packages/airflow/models/dagbag.py", line 686, in _serialize_dag_capturing_errors
    dag_was_updated = SerializedDagModel.write_dag(
                      ^^^^^^^^^^^^^^^^^^^^^^^^^^^^^
  File "/home/airflow/.local/lib/python3.12/site-packages/airflow/utils/session.py", line 94, in wrapper
    return func(*args, **kwargs)
           ^^^^^^^^^^^^^^^^^^^^^
  File "/home/airflow/.local/lib/python3.12/site-packages/airflow/models/serialized_dag.py", line 160, in write_dag
    if session.scalar(
       ^^^^^^^^^^^^^^^
  File "/home/airflow/.local/lib/python3.12/site-packages/sqlalchemy/orm/session.py", line 1747, in scalar
    return self.execute(
           ^^^^^^^^^^^^^
  File "/home/airflow/.local/lib/python3.12/site-packages/sqlalchemy/orm/session.py", line 1716, in execute
    conn = self._connection_for_bind(bind)
           ^^^^^^^^^^^^^^^^^^^^^^^^^^^^^^^
  File "/home/airflow/.local/lib/python3.12/site-packages/sqlalchemy/orm/session.py", line 1555, in _connection_for_bind
    return self._transaction._connection_for_bind(
           ^^^^^^^^^^^^^^^^^^^^^^^^^^^^^^^^^^^^^^^
  File "/home/airflow/.local/lib/python3.12/site-packages/sqlalchemy/orm/session.py", line 750, in _connection_for_bind
    conn = bind.connect()
           ^^^^^^^^^^^^^^
  File "/home/airflow/.local/lib/python3.12/site-packages/sqlalchemy/future/engine.py", line 412, in connect
    return super(Engine, self).connect()
           ^^^^^^^^^^^^^^^^^^^^^^^^^^^^^
  File "/home/airflow/.local/lib/python3.12/site-packages/sqlalchemy/engine/base.py", line 3325, in connect
    return self._connection_cls(self, close_with_result=close_with_result)
           ^^^^^^^^^^^^^^^^^^^^^^^^^^^^^^^^^^^^^^^^^^^^^^^^^^^^^^^^^^^^^^^
  File "/home/airflow/.local/lib/python3.12/site-packages/sqlalchemy/engine/base.py", line 96, in __init__
    else engine.raw_connection()
         ^^^^^^^^^^^^^^^^^^^^^^^
  File "/home/airflow/.local/lib/python3.12/site-packages/sqlalchemy/engine/base.py", line 3404, in raw_connection
    return self._wrap_pool_connect(self.pool.connect, _connection)
           ^^^^^^^^^^^^^^^^^^^^^^^^^^^^^^^^^^^^^^^^^^^^^^^^^^^^^^^
  File "/home/airflow/.local/lib/python3.12/site-packages/sqlalchemy/engine/base.py", line 3374, in _wrap_pool_connect
    Connection._handle_dbapi_exception_noconnection(
  File "/home/airflow/.local/lib/python3.12/site-packages/sqlalchemy/engine/base.py", line 2208, in _handle_dbapi_exception_noconnection
    util.raise_(
  File "/home/airflow/.local/lib/python3.12/site-packages/sqlalchemy/util/compat.py", line 211, in raise_
    raise exception
  File "/home/airflow/.local/lib/python3.12/site-packages/sqlalchemy/engine/base.py", line 3371, in _wrap_pool_connect
    return fn()
           ^^^^
  File "/home/airflow/.local/lib/python3.12/site-packages/sqlalchemy/pool/base.py", line 327, in connect
    return _ConnectionFairy._checkout(self)
           ^^^^^^^^^^^^^^^^^^^^^^^^^^^^^^^^
  File "/home/airflow/.local/lib/python3.12/site-packages/sqlalchemy/pool/base.py", line 894, in _checkout
    fairy = _ConnectionRecord.checkout(pool)
            ^^^^^^^^^^^^^^^^^^^^^^^^^^^^^^^^
  File "/home/airflow/.local/lib/python3.12/site-packages/sqlalchemy/pool/base.py", line 493, in checkout
    rec = pool._do_get()
          ^^^^^^^^^^^^^^
  File "/home/airflow/.local/lib/python3.12/site-packages/sqlalchemy/pool/impl.py", line 145, in _do_get
    with util.safe_reraise():
         ^^^^^^^^^^^^^^^^^^^
  File "/home/airflow/.local/lib/python3.12/site-packages/sqlalchemy/util/langhelpers.py", line 70, in __exit__
    compat.raise_(
  File "/home/airflow/.local/lib/python3.12/site-packages/sqlalchemy/util/compat.py", line 211, in raise_
    raise exception
  File "/home/airflow/.local/lib/python3.12/site-packages/sqlalchemy/pool/impl.py", line 143, in _do_get
    return self._create_connection()
           ^^^^^^^^^^^^^^^^^^^^^^^^^
  File "/home/airflow/.local/lib/python3.12/site-packages/sqlalchemy/pool/base.py", line 273, in _create_connection
    return _ConnectionRecord(self)
           ^^^^^^^^^^^^^^^^^^^^^^^
  File "/home/airflow/.local/lib/python3.12/site-packages/sqlalchemy/pool/base.py", line 388, in __init__
    self.__connect()
  File "/home/airflow/.local/lib/python3.12/site-packages/sqlalchemy/pool/base.py", line 690, in __connect
    with util.safe_reraise():
         ^^^^^^^^^^^^^^^^^^^
  File "/home/airflow/.local/lib/python3.12/site-packages/sqlalchemy/util/langhelpers.py", line 70, in __exit__
    compat.raise_(
  File "/home/airflow/.local/lib/python3.12/site-packages/sqlalchemy/util/compat.py", line 211, in raise_
    raise exception
  File "/home/airflow/.local/lib/python3.12/site-packages/sqlalchemy/pool/base.py", line 686, in __connect
    self.dbapi_connection = connection = pool._invoke_creator(self)
                                         ^^^^^^^^^^^^^^^^^^^^^^^^^^
  File "/home/airflow/.local/lib/python3.12/site-packages/sqlalchemy/engine/create.py", line 574, in connect
    return dialect.connect(*cargs, **cparams)
           ^^^^^^^^^^^^^^^^^^^^^^^^^^^^^^^^^^
  File "/home/airflow/.local/lib/python3.12/site-packages/sqlalchemy/engine/default.py", line 598, in connect
    return self.dbapi.connect(*cargs, **cparams)
           ^^^^^^^^^^^^^^^^^^^^^^^^^^^^^^^^^^^^^
  File "/home/airflow/.local/lib/python3.12/site-packages/psycopg2/__init__.py", line 122, in connect
    conn = _connect(dsn, connection_factory=connection_factory, **kwasync)
           ^^^^^^^^^^^^^^^^^^^^^^^^^^^^^^^^^^^^^^^^^^^^^^^^^^^^^^^^^^^^^^^
sqlalchemy.exc.OperationalError: (psycopg2.OperationalError) could not translate host name "postgres" to address: Temporary failure in name resolution

(Background on this error at: https://sqlalche.me/e/14/e3q8)
[2026-09-10T06:56:50.410+0000] {processor.py:186} INFO - Started process (PID=416) to work on /opt/airflow/dags/ingestion_pipelines_dag.py
[2026-09-10T06:56:50.423+0000] {processor.py:914} INFO - Processing file /opt/airflow/dags/ingestion_pipelines_dag.py for tasks to queue
[2026-09-10T06:56:50.442+0000] {logging_mixin.py:190} INFO - [2026-09-10T06:56:50.440+0000] {dagbag.py:588} INFO - Filling up the DagBag from /opt/airflow/dags/ingestion_pipelines_dag.py
[2026-09-10T06:56:50.852+0000] {processor.py:925} INFO - DAG(s) 'datalake_ingestion_pipelines' retrieved from /opt/airflow/dags/ingestion_pipelines_dag.py
[2026-09-10T06:56:59.632+0000] {logging_mixin.py:190} INFO - [2026-09-10T06:56:59.598+0000] {dag.py:3239} INFO - Sync 1 DAGs
[2026-09-10T06:56:59.949+0000] {processor.py:208} INFO - Processing /opt/airflow/dags/ingestion_pipelines_dag.py took 9.590 seconds
[2026-09-10T06:57:31.643+0000] {processor.py:186} INFO - Started process (PID=433) to work on /opt/airflow/dags/ingestion_pipelines_dag.py
[2026-09-10T06:57:31.680+0000] {processor.py:914} INFO - Processing file /opt/airflow/dags/ingestion_pipelines_dag.py for tasks to queue
[2026-09-10T06:57:31.828+0000] {logging_mixin.py:190} INFO - [2026-09-10T06:57:31.768+0000] {dagbag.py:588} INFO - Filling up the DagBag from /opt/airflow/dags/ingestion_pipelines_dag.py
[2026-09-10T06:57:33.010+0000] {processor.py:925} INFO - DAG(s) 'datalake_ingestion_pipelines' retrieved from /opt/airflow/dags/ingestion_pipelines_dag.py
[2026-09-10T06:59:22.521+0000] {processor.py:186} INFO - Started process (PID=437) to work on /opt/airflow/dags/ingestion_pipelines_dag.py
[2026-09-10T06:59:22.524+0000] {processor.py:914} INFO - Processing file /opt/airflow/dags/ingestion_pipelines_dag.py for tasks to queue
[2026-09-10T06:59:22.530+0000] {logging_mixin.py:190} INFO - [2026-09-10T06:59:22.527+0000] {dagbag.py:588} INFO - Filling up the DagBag from /opt/airflow/dags/ingestion_pipelines_dag.py
[2026-09-10T06:59:22.650+0000] {processor.py:925} INFO - DAG(s) 'datalake_ingestion_pipelines' retrieved from /opt/airflow/dags/ingestion_pipelines_dag.py
[2026-09-10T06:59:23.378+0000] {logging_mixin.py:190} INFO - [2026-09-10T06:59:23.378+0000] {dag.py:3239} INFO - Sync 1 DAGs
[2026-09-10T06:59:23.496+0000] {processor.py:208} INFO - Processing /opt/airflow/dags/ingestion_pipelines_dag.py took 1.000 seconds
[2026-09-10T07:01:41.104+0000] {processor.py:186} INFO - Started process (PID=453) to work on /opt/airflow/dags/ingestion_pipelines_dag.py
[2026-09-10T07:01:41.106+0000] {processor.py:914} INFO - Processing file /opt/airflow/dags/ingestion_pipelines_dag.py for tasks to queue
[2026-09-10T07:01:41.112+0000] {logging_mixin.py:190} INFO - [2026-09-10T07:01:41.110+0000] {dagbag.py:588} INFO - Filling up the DagBag from /opt/airflow/dags/ingestion_pipelines_dag.py
[2026-09-10T07:01:41.252+0000] {processor.py:925} INFO - DAG(s) 'datalake_ingestion_pipelines' retrieved from /opt/airflow/dags/ingestion_pipelines_dag.py
[2026-09-10T07:01:41.468+0000] {logging_mixin.py:190} INFO - [2026-09-10T07:01:41.467+0000] {dag.py:3239} INFO - Sync 1 DAGs
[2026-09-10T07:01:41.669+0000] {processor.py:208} INFO - Processing /opt/airflow/dags/ingestion_pipelines_dag.py took 0.585 seconds
[2026-09-10T07:04:31.680+0000] {processor.py:186} INFO - Started process (PID=478) to work on /opt/airflow/dags/ingestion_pipelines_dag.py
[2026-09-10T07:04:31.698+0000] {processor.py:914} INFO - Processing file /opt/airflow/dags/ingestion_pipelines_dag.py for tasks to queue
[2026-09-10T07:04:31.817+0000] {logging_mixin.py:190} INFO - [2026-09-10T07:04:31.752+0000] {dagbag.py:588} INFO - Filling up the DagBag from /opt/airflow/dags/ingestion_pipelines_dag.py
[2026-09-10T07:04:34.174+0000] {processor.py:925} INFO - DAG(s) 'datalake_ingestion_pipelines' retrieved from /opt/airflow/dags/ingestion_pipelines_dag.py
[2026-09-10T07:06:04.003+0000] {processor.py:186} INFO - Started process (PID=481) to work on /opt/airflow/dags/ingestion_pipelines_dag.py
[2026-09-10T07:06:04.104+0000] {processor.py:914} INFO - Processing file /opt/airflow/dags/ingestion_pipelines_dag.py for tasks to queue
[2026-09-10T07:06:04.315+0000] {logging_mixin.py:190} INFO - [2026-09-10T07:06:04.233+0000] {dagbag.py:588} INFO - Filling up the DagBag from /opt/airflow/dags/ingestion_pipelines_dag.py
[2026-09-10T07:08:04.291+0000] {processor.py:925} INFO - DAG(s) 'datalake_ingestion_pipelines' retrieved from /opt/airflow/dags/ingestion_pipelines_dag.py
[2026-09-10T07:08:56.688+0000] {processor.py:186} INFO - Started process (PID=493) to work on /opt/airflow/dags/ingestion_pipelines_dag.py
[2026-09-10T07:08:56.694+0000] {processor.py:914} INFO - Processing file /opt/airflow/dags/ingestion_pipelines_dag.py for tasks to queue
[2026-09-10T07:08:56.708+0000] {logging_mixin.py:190} INFO - [2026-09-10T07:08:56.704+0000] {dagbag.py:588} INFO - Filling up the DagBag from /opt/airflow/dags/ingestion_pipelines_dag.py
[2026-09-10T07:08:56.836+0000] {processor.py:925} INFO - DAG(s) 'datalake_ingestion_pipelines' retrieved from /opt/airflow/dags/ingestion_pipelines_dag.py
[2026-09-10T07:08:57.738+0000] {logging_mixin.py:190} INFO - [2026-09-10T07:08:57.737+0000] {dag.py:3239} INFO - Sync 1 DAGs
[2026-09-10T07:08:57.970+0000] {processor.py:208} INFO - Processing /opt/airflow/dags/ingestion_pipelines_dag.py took 1.356 seconds
[2026-09-10T07:10:49.037+0000] {processor.py:186} INFO - Started process (PID=501) to work on /opt/airflow/dags/ingestion_pipelines_dag.py
[2026-09-10T07:10:49.043+0000] {processor.py:914} INFO - Processing file /opt/airflow/dags/ingestion_pipelines_dag.py for tasks to queue
[2026-09-10T07:10:49.054+0000] {logging_mixin.py:190} INFO - [2026-09-10T07:10:49.052+0000] {dagbag.py:588} INFO - Filling up the DagBag from /opt/airflow/dags/ingestion_pipelines_dag.py
[2026-09-10T07:10:49.275+0000] {processor.py:925} INFO - DAG(s) 'datalake_ingestion_pipelines' retrieved from /opt/airflow/dags/ingestion_pipelines_dag.py
[2026-09-10T07:10:49.633+0000] {logging_mixin.py:190} INFO - [2026-09-10T07:10:49.632+0000] {dag.py:3239} INFO - Sync 1 DAGs
[2026-09-10T07:10:50.053+0000] {processor.py:208} INFO - Processing /opt/airflow/dags/ingestion_pipelines_dag.py took 1.116 seconds
[2026-09-10T07:11:21.871+0000] {processor.py:186} INFO - Started process (PID=526) to work on /opt/airflow/dags/ingestion_pipelines_dag.py
[2026-09-10T07:11:22.046+0000] {processor.py:914} INFO - Processing file /opt/airflow/dags/ingestion_pipelines_dag.py for tasks to queue
[2026-09-10T07:11:22.383+0000] {logging_mixin.py:190} INFO - [2026-09-10T07:11:22.162+0000] {dagbag.py:588} INFO - Filling up the DagBag from /opt/airflow/dags/ingestion_pipelines_dag.py
[2026-09-10T07:11:24.878+0000] {processor.py:925} INFO - DAG(s) 'datalake_ingestion_pipelines' retrieved from /opt/airflow/dags/ingestion_pipelines_dag.py
[2026-09-10T07:11:56.210+0000] {processor.py:211} ERROR - Got an exception! Propagating...
Traceback (most recent call last):
  File "/home/airflow/.local/lib/python3.12/site-packages/sqlalchemy/engine/base.py", line 3371, in _wrap_pool_connect
    return fn()
           ^^^^
  File "/home/airflow/.local/lib/python3.12/site-packages/sqlalchemy/pool/base.py", line 327, in connect
    return _ConnectionFairy._checkout(self)
           ^^^^^^^^^^^^^^^^^^^^^^^^^^^^^^^^
  File "/home/airflow/.local/lib/python3.12/site-packages/sqlalchemy/pool/base.py", line 894, in _checkout
    fairy = _ConnectionRecord.checkout(pool)
            ^^^^^^^^^^^^^^^^^^^^^^^^^^^^^^^^
  File "/home/airflow/.local/lib/python3.12/site-packages/sqlalchemy/pool/base.py", line 493, in checkout
    rec = pool._do_get()
          ^^^^^^^^^^^^^^
  File "/home/airflow/.local/lib/python3.12/site-packages/sqlalchemy/pool/impl.py", line 145, in _do_get
    with util.safe_reraise():
         ^^^^^^^^^^^^^^^^^^^
  File "/home/airflow/.local/lib/python3.12/site-packages/sqlalchemy/util/langhelpers.py", line 70, in __exit__
    compat.raise_(
  File "/home/airflow/.local/lib/python3.12/site-packages/sqlalchemy/util/compat.py", line 211, in raise_
    raise exception
  File "/home/airflow/.local/lib/python3.12/site-packages/sqlalchemy/pool/impl.py", line 143, in _do_get
    return self._create_connection()
           ^^^^^^^^^^^^^^^^^^^^^^^^^
  File "/home/airflow/.local/lib/python3.12/site-packages/sqlalchemy/pool/base.py", line 273, in _create_connection
    return _ConnectionRecord(self)
           ^^^^^^^^^^^^^^^^^^^^^^^
  File "/home/airflow/.local/lib/python3.12/site-packages/sqlalchemy/pool/base.py", line 388, in __init__
    self.__connect()
  File "/home/airflow/.local/lib/python3.12/site-packages/sqlalchemy/pool/base.py", line 690, in __connect
    with util.safe_reraise():
         ^^^^^^^^^^^^^^^^^^^
  File "/home/airflow/.local/lib/python3.12/site-packages/sqlalchemy/util/langhelpers.py", line 70, in __exit__
    compat.raise_(
  File "/home/airflow/.local/lib/python3.12/site-packages/sqlalchemy/util/compat.py", line 211, in raise_
    raise exception
  File "/home/airflow/.local/lib/python3.12/site-packages/sqlalchemy/pool/base.py", line 686, in __connect
    self.dbapi_connection = connection = pool._invoke_creator(self)
                                         ^^^^^^^^^^^^^^^^^^^^^^^^^^
  File "/home/airflow/.local/lib/python3.12/site-packages/sqlalchemy/engine/create.py", line 574, in connect
    return dialect.connect(*cargs, **cparams)
           ^^^^^^^^^^^^^^^^^^^^^^^^^^^^^^^^^^
  File "/home/airflow/.local/lib/python3.12/site-packages/sqlalchemy/engine/default.py", line 598, in connect
    return self.dbapi.connect(*cargs, **cparams)
           ^^^^^^^^^^^^^^^^^^^^^^^^^^^^^^^^^^^^^
  File "/home/airflow/.local/lib/python3.12/site-packages/psycopg2/__init__.py", line 122, in connect
    conn = _connect(dsn, connection_factory=connection_factory, **kwasync)
           ^^^^^^^^^^^^^^^^^^^^^^^^^^^^^^^^^^^^^^^^^^^^^^^^^^^^^^^^^^^^^^^
psycopg2.OperationalError: could not translate host name "postgres" to address: Temporary failure in name resolution


The above exception was the direct cause of the following exception:

Traceback (most recent call last):
  File "/home/airflow/.local/lib/python3.12/site-packages/airflow/dag_processing/processor.py", line 207, in _run_file_processor
    _handle_dag_file_processing()
  File "/home/airflow/.local/lib/python3.12/site-packages/airflow/dag_processing/processor.py", line 188, in _handle_dag_file_processing
    result: tuple[int, int, int] = dag_file_processor.process_file(
                                   ^^^^^^^^^^^^^^^^^^^^^^^^^^^^^^^^
  File "/home/airflow/.local/lib/python3.12/site-packages/airflow/utils/session.py", line 97, in wrapper
    return func(*args, session=session, **kwargs)
           ^^^^^^^^^^^^^^^^^^^^^^^^^^^^^^^^^^^^^^
  File "/home/airflow/.local/lib/python3.12/site-packages/airflow/dag_processing/processor.py", line 942, in process_file
    serialize_errors = DagFileProcessor.save_dag_to_db(
                       ^^^^^^^^^^^^^^^^^^^^^^^^^^^^^^^^
  File "/home/airflow/.local/lib/python3.12/site-packages/airflow/api_internal/internal_api_call.py", line 166, in wrapper
    return func(*args, **kwargs)
           ^^^^^^^^^^^^^^^^^^^^^
  File "/home/airflow/.local/lib/python3.12/site-packages/airflow/utils/session.py", line 97, in wrapper
    return func(*args, session=session, **kwargs)
           ^^^^^^^^^^^^^^^^^^^^^^^^^^^^^^^^^^^^^^
  File "/home/airflow/.local/lib/python3.12/site-packages/airflow/dag_processing/processor.py", line 982, in save_dag_to_db
    import_errors = DagBag._sync_to_db(dags=dags, processor_subdir=dag_directory, session=session)
                    ^^^^^^^^^^^^^^^^^^^^^^^^^^^^^^^^^^^^^^^^^^^^^^^^^^^^^^^^^^^^^^^^^^^^^^^^^^^^^^
  File "/home/airflow/.local/lib/python3.12/site-packages/airflow/utils/session.py", line 94, in wrapper
    return func(*args, **kwargs)
           ^^^^^^^^^^^^^^^^^^^^^
  File "/home/airflow/.local/lib/python3.12/site-packages/airflow/models/dagbag.py", line 708, in _sync_to_db
    for attempt in run_with_db_retries(logger=log):
                   ^^^^^^^^^^^^^^^^^^^^^^^^^^^^^^^
  File "/home/airflow/.local/lib/python3.12/site-packages/tenacity/__init__.py", line 443, in __iter__
    do = self.iter(retry_state=retry_state)
         ^^^^^^^^^^^^^^^^^^^^^^^^^^^^^^^^^^
  File "/home/airflow/.local/lib/python3.12/site-packages/tenacity/__init__.py", line 376, in iter
    result = action(retry_state)
             ^^^^^^^^^^^^^^^^^^^
  File "/home/airflow/.local/lib/python3.12/site-packages/tenacity/__init__.py", line 418, in exc_check
    raise retry_exc.reraise()
          ^^^^^^^^^^^^^^^^^^^
  File "/home/airflow/.local/lib/python3.12/site-packages/tenacity/__init__.py", line 185, in reraise
    raise self.last_attempt.result()
          ^^^^^^^^^^^^^^^^^^^^^^^^^^
  File "/usr/local/lib/python3.12/concurrent/futures/_base.py", line 449, in result
    return self.__get_result()
           ^^^^^^^^^^^^^^^^^^^
  File "/usr/local/lib/python3.12/concurrent/futures/_base.py", line 401, in __get_result
    raise self._exception
  File "/home/airflow/.local/lib/python3.12/site-packages/airflow/models/dagbag.py", line 721, in _sync_to_db
    _serialize_dag_capturing_errors(dag, session, processor_subdir)
  File "/home/airflow/.local/lib/python3.12/site-packages/airflow/models/dagbag.py", line 686, in _serialize_dag_capturing_errors
    dag_was_updated = SerializedDagModel.write_dag(
                      ^^^^^^^^^^^^^^^^^^^^^^^^^^^^^
  File "/home/airflow/.local/lib/python3.12/site-packages/airflow/utils/session.py", line 94, in wrapper
    return func(*args, **kwargs)
           ^^^^^^^^^^^^^^^^^^^^^
  File "/home/airflow/.local/lib/python3.12/site-packages/airflow/models/serialized_dag.py", line 160, in write_dag
    if session.scalar(
       ^^^^^^^^^^^^^^^
  File "/home/airflow/.local/lib/python3.12/site-packages/sqlalchemy/orm/session.py", line 1747, in scalar
    return self.execute(
           ^^^^^^^^^^^^^
  File "/home/airflow/.local/lib/python3.12/site-packages/sqlalchemy/orm/session.py", line 1716, in execute
    conn = self._connection_for_bind(bind)
           ^^^^^^^^^^^^^^^^^^^^^^^^^^^^^^^
  File "/home/airflow/.local/lib/python3.12/site-packages/sqlalchemy/orm/session.py", line 1555, in _connection_for_bind
    return self._transaction._connection_for_bind(
           ^^^^^^^^^^^^^^^^^^^^^^^^^^^^^^^^^^^^^^^
  File "/home/airflow/.local/lib/python3.12/site-packages/sqlalchemy/orm/session.py", line 750, in _connection_for_bind
    conn = bind.connect()
           ^^^^^^^^^^^^^^
  File "/home/airflow/.local/lib/python3.12/site-packages/sqlalchemy/future/engine.py", line 412, in connect
    return super(Engine, self).connect()
           ^^^^^^^^^^^^^^^^^^^^^^^^^^^^^
  File "/home/airflow/.local/lib/python3.12/site-packages/sqlalchemy/engine/base.py", line 3325, in connect
    return self._connection_cls(self, close_with_result=close_with_result)
           ^^^^^^^^^^^^^^^^^^^^^^^^^^^^^^^^^^^^^^^^^^^^^^^^^^^^^^^^^^^^^^^
  File "/home/airflow/.local/lib/python3.12/site-packages/sqlalchemy/engine/base.py", line 96, in __init__
    else engine.raw_connection()
         ^^^^^^^^^^^^^^^^^^^^^^^
  File "/home/airflow/.local/lib/python3.12/site-packages/sqlalchemy/engine/base.py", line 3404, in raw_connection
    return self._wrap_pool_connect(self.pool.connect, _connection)
           ^^^^^^^^^^^^^^^^^^^^^^^^^^^^^^^^^^^^^^^^^^^^^^^^^^^^^^^
  File "/home/airflow/.local/lib/python3.12/site-packages/sqlalchemy/engine/base.py", line 3374, in _wrap_pool_connect
    Connection._handle_dbapi_exception_noconnection(
  File "/home/airflow/.local/lib/python3.12/site-packages/sqlalchemy/engine/base.py", line 2208, in _handle_dbapi_exception_noconnection
    util.raise_(
  File "/home/airflow/.local/lib/python3.12/site-packages/sqlalchemy/util/compat.py", line 211, in raise_
    raise exception
  File "/home/airflow/.local/lib/python3.12/site-packages/sqlalchemy/engine/base.py", line 3371, in _wrap_pool_connect
    return fn()
           ^^^^
  File "/home/airflow/.local/lib/python3.12/site-packages/sqlalchemy/pool/base.py", line 327, in connect
    return _ConnectionFairy._checkout(self)
           ^^^^^^^^^^^^^^^^^^^^^^^^^^^^^^^^
  File "/home/airflow/.local/lib/python3.12/site-packages/sqlalchemy/pool/base.py", line 894, in _checkout
    fairy = _ConnectionRecord.checkout(pool)
            ^^^^^^^^^^^^^^^^^^^^^^^^^^^^^^^^
  File "/home/airflow/.local/lib/python3.12/site-packages/sqlalchemy/pool/base.py", line 493, in checkout
    rec = pool._do_get()
          ^^^^^^^^^^^^^^
  File "/home/airflow/.local/lib/python3.12/site-packages/sqlalchemy/pool/impl.py", line 145, in _do_get
    with util.safe_reraise():
         ^^^^^^^^^^^^^^^^^^^
  File "/home/airflow/.local/lib/python3.12/site-packages/sqlalchemy/util/langhelpers.py", line 70, in __exit__
    compat.raise_(
  File "/home/airflow/.local/lib/python3.12/site-packages/sqlalchemy/util/compat.py", line 211, in raise_
    raise exception
  File "/home/airflow/.local/lib/python3.12/site-packages/sqlalchemy/pool/impl.py", line 143, in _do_get
    return self._create_connection()
           ^^^^^^^^^^^^^^^^^^^^^^^^^
  File "/home/airflow/.local/lib/python3.12/site-packages/sqlalchemy/pool/base.py", line 273, in _create_connection
    return _ConnectionRecord(self)
           ^^^^^^^^^^^^^^^^^^^^^^^
  File "/home/airflow/.local/lib/python3.12/site-packages/sqlalchemy/pool/base.py", line 388, in __init__
    self.__connect()
  File "/home/airflow/.local/lib/python3.12/site-packages/sqlalchemy/pool/base.py", line 690, in __connect
    with util.safe_reraise():
         ^^^^^^^^^^^^^^^^^^^
  File "/home/airflow/.local/lib/python3.12/site-packages/sqlalchemy/util/langhelpers.py", line 70, in __exit__
    compat.raise_(
  File "/home/airflow/.local/lib/python3.12/site-packages/sqlalchemy/util/compat.py", line 211, in raise_
    raise exception
  File "/home/airflow/.local/lib/python3.12/site-packages/sqlalchemy/pool/base.py", line 686, in __connect
    self.dbapi_connection = connection = pool._invoke_creator(self)
                                         ^^^^^^^^^^^^^^^^^^^^^^^^^^
  File "/home/airflow/.local/lib/python3.12/site-packages/sqlalchemy/engine/create.py", line 574, in connect
    return dialect.connect(*cargs, **cparams)
           ^^^^^^^^^^^^^^^^^^^^^^^^^^^^^^^^^^
  File "/home/airflow/.local/lib/python3.12/site-packages/sqlalchemy/engine/default.py", line 598, in connect
    return self.dbapi.connect(*cargs, **cparams)
           ^^^^^^^^^^^^^^^^^^^^^^^^^^^^^^^^^^^^^
  File "/home/airflow/.local/lib/python3.12/site-packages/psycopg2/__init__.py", line 122, in connect
    conn = _connect(dsn, connection_factory=connection_factory, **kwasync)
           ^^^^^^^^^^^^^^^^^^^^^^^^^^^^^^^^^^^^^^^^^^^^^^^^^^^^^^^^^^^^^^^
sqlalchemy.exc.OperationalError: (psycopg2.OperationalError) could not translate host name "postgres" to address: Temporary failure in name resolution

(Background on this error at: https://sqlalche.me/e/14/e3q8)
[2026-09-10T07:12:32.292+0000] {processor.py:186} INFO - Started process (PID=531) to work on /opt/airflow/dags/ingestion_pipelines_dag.py
[2026-09-10T07:12:32.298+0000] {processor.py:914} INFO - Processing file /opt/airflow/dags/ingestion_pipelines_dag.py for tasks to queue
[2026-09-10T07:12:32.312+0000] {logging_mixin.py:190} INFO - [2026-09-10T07:12:32.307+0000] {dagbag.py:588} INFO - Filling up the DagBag from /opt/airflow/dags/ingestion_pipelines_dag.py
[2026-09-10T07:12:32.481+0000] {processor.py:925} INFO - DAG(s) 'datalake_ingestion_pipelines' retrieved from /opt/airflow/dags/ingestion_pipelines_dag.py
[2026-09-10T07:12:33.010+0000] {logging_mixin.py:190} INFO - [2026-09-10T07:12:33.008+0000] {dag.py:3239} INFO - Sync 1 DAGs
[2026-09-10T07:12:33.442+0000] {processor.py:208} INFO - Processing /opt/airflow/dags/ingestion_pipelines_dag.py took 1.219 seconds
[2026-09-10T07:13:03.906+0000] {processor.py:186} INFO - Started process (PID=544) to work on /opt/airflow/dags/ingestion_pipelines_dag.py
[2026-09-10T07:13:03.916+0000] {processor.py:914} INFO - Processing file /opt/airflow/dags/ingestion_pipelines_dag.py for tasks to queue
[2026-09-10T07:13:03.926+0000] {logging_mixin.py:190} INFO - [2026-09-10T07:13:03.921+0000] {dagbag.py:588} INFO - Filling up the DagBag from /opt/airflow/dags/ingestion_pipelines_dag.py
[2026-09-10T07:13:04.118+0000] {processor.py:925} INFO - DAG(s) 'datalake_ingestion_pipelines' retrieved from /opt/airflow/dags/ingestion_pipelines_dag.py
[2026-09-10T07:13:35.162+0000] {logging_mixin.py:190} INFO - [2026-09-10T07:13:35.133+0000] {dag.py:3239} INFO - Sync 1 DAGs
[2026-09-10T07:13:35.397+0000] {processor.py:208} INFO - Processing /opt/airflow/dags/ingestion_pipelines_dag.py took 31.567 seconds
[2026-09-10T07:14:06.443+0000] {processor.py:186} INFO - Started process (PID=557) to work on /opt/airflow/dags/ingestion_pipelines_dag.py
[2026-09-10T07:14:06.520+0000] {processor.py:914} INFO - Processing file /opt/airflow/dags/ingestion_pipelines_dag.py for tasks to queue
[2026-09-10T07:14:06.572+0000] {logging_mixin.py:190} INFO - [2026-09-10T07:14:06.560+0000] {dagbag.py:588} INFO - Filling up the DagBag from /opt/airflow/dags/ingestion_pipelines_dag.py
[2026-09-10T07:14:06.984+0000] {processor.py:925} INFO - DAG(s) 'datalake_ingestion_pipelines' retrieved from /opt/airflow/dags/ingestion_pipelines_dag.py
[2026-09-10T07:14:37.965+0000] {processor.py:211} ERROR - Got an exception! Propagating...
Traceback (most recent call last):
  File "/home/airflow/.local/lib/python3.12/site-packages/sqlalchemy/engine/base.py", line 3371, in _wrap_pool_connect
    return fn()
           ^^^^
  File "/home/airflow/.local/lib/python3.12/site-packages/sqlalchemy/pool/base.py", line 327, in connect
    return _ConnectionFairy._checkout(self)
           ^^^^^^^^^^^^^^^^^^^^^^^^^^^^^^^^
  File "/home/airflow/.local/lib/python3.12/site-packages/sqlalchemy/pool/base.py", line 894, in _checkout
    fairy = _ConnectionRecord.checkout(pool)
            ^^^^^^^^^^^^^^^^^^^^^^^^^^^^^^^^
  File "/home/airflow/.local/lib/python3.12/site-packages/sqlalchemy/pool/base.py", line 493, in checkout
    rec = pool._do_get()
          ^^^^^^^^^^^^^^
  File "/home/airflow/.local/lib/python3.12/site-packages/sqlalchemy/pool/impl.py", line 145, in _do_get
    with util.safe_reraise():
         ^^^^^^^^^^^^^^^^^^^
  File "/home/airflow/.local/lib/python3.12/site-packages/sqlalchemy/util/langhelpers.py", line 70, in __exit__
    compat.raise_(
  File "/home/airflow/.local/lib/python3.12/site-packages/sqlalchemy/util/compat.py", line 211, in raise_
    raise exception
  File "/home/airflow/.local/lib/python3.12/site-packages/sqlalchemy/pool/impl.py", line 143, in _do_get
    return self._create_connection()
           ^^^^^^^^^^^^^^^^^^^^^^^^^
  File "/home/airflow/.local/lib/python3.12/site-packages/sqlalchemy/pool/base.py", line 273, in _create_connection
    return _ConnectionRecord(self)
           ^^^^^^^^^^^^^^^^^^^^^^^
  File "/home/airflow/.local/lib/python3.12/site-packages/sqlalchemy/pool/base.py", line 388, in __init__
    self.__connect()
  File "/home/airflow/.local/lib/python3.12/site-packages/sqlalchemy/pool/base.py", line 690, in __connect
    with util.safe_reraise():
         ^^^^^^^^^^^^^^^^^^^
  File "/home/airflow/.local/lib/python3.12/site-packages/sqlalchemy/util/langhelpers.py", line 70, in __exit__
    compat.raise_(
  File "/home/airflow/.local/lib/python3.12/site-packages/sqlalchemy/util/compat.py", line 211, in raise_
    raise exception
  File "/home/airflow/.local/lib/python3.12/site-packages/sqlalchemy/pool/base.py", line 686, in __connect
    self.dbapi_connection = connection = pool._invoke_creator(self)
                                         ^^^^^^^^^^^^^^^^^^^^^^^^^^
  File "/home/airflow/.local/lib/python3.12/site-packages/sqlalchemy/engine/create.py", line 574, in connect
    return dialect.connect(*cargs, **cparams)
           ^^^^^^^^^^^^^^^^^^^^^^^^^^^^^^^^^^
  File "/home/airflow/.local/lib/python3.12/site-packages/sqlalchemy/engine/default.py", line 598, in connect
    return self.dbapi.connect(*cargs, **cparams)
           ^^^^^^^^^^^^^^^^^^^^^^^^^^^^^^^^^^^^^
  File "/home/airflow/.local/lib/python3.12/site-packages/psycopg2/__init__.py", line 122, in connect
    conn = _connect(dsn, connection_factory=connection_factory, **kwasync)
           ^^^^^^^^^^^^^^^^^^^^^^^^^^^^^^^^^^^^^^^^^^^^^^^^^^^^^^^^^^^^^^^
psycopg2.OperationalError: could not translate host name "postgres" to address: Temporary failure in name resolution


The above exception was the direct cause of the following exception:

Traceback (most recent call last):
  File "/home/airflow/.local/lib/python3.12/site-packages/airflow/dag_processing/processor.py", line 207, in _run_file_processor
    _handle_dag_file_processing()
  File "/home/airflow/.local/lib/python3.12/site-packages/airflow/dag_processing/processor.py", line 188, in _handle_dag_file_processing
    result: tuple[int, int, int] = dag_file_processor.process_file(
                                   ^^^^^^^^^^^^^^^^^^^^^^^^^^^^^^^^
  File "/home/airflow/.local/lib/python3.12/site-packages/airflow/utils/session.py", line 97, in wrapper
    return func(*args, session=session, **kwargs)
           ^^^^^^^^^^^^^^^^^^^^^^^^^^^^^^^^^^^^^^
  File "/home/airflow/.local/lib/python3.12/site-packages/airflow/dag_processing/processor.py", line 942, in process_file
    serialize_errors = DagFileProcessor.save_dag_to_db(
                       ^^^^^^^^^^^^^^^^^^^^^^^^^^^^^^^^
  File "/home/airflow/.local/lib/python3.12/site-packages/airflow/api_internal/internal_api_call.py", line 166, in wrapper
    return func(*args, **kwargs)
           ^^^^^^^^^^^^^^^^^^^^^
  File "/home/airflow/.local/lib/python3.12/site-packages/airflow/utils/session.py", line 97, in wrapper
    return func(*args, session=session, **kwargs)
           ^^^^^^^^^^^^^^^^^^^^^^^^^^^^^^^^^^^^^^
  File "/home/airflow/.local/lib/python3.12/site-packages/airflow/dag_processing/processor.py", line 982, in save_dag_to_db
    import_errors = DagBag._sync_to_db(dags=dags, processor_subdir=dag_directory, session=session)
                    ^^^^^^^^^^^^^^^^^^^^^^^^^^^^^^^^^^^^^^^^^^^^^^^^^^^^^^^^^^^^^^^^^^^^^^^^^^^^^^
  File "/home/airflow/.local/lib/python3.12/site-packages/airflow/utils/session.py", line 94, in wrapper
    return func(*args, **kwargs)
           ^^^^^^^^^^^^^^^^^^^^^
  File "/home/airflow/.local/lib/python3.12/site-packages/airflow/models/dagbag.py", line 708, in _sync_to_db
    for attempt in run_with_db_retries(logger=log):
                   ^^^^^^^^^^^^^^^^^^^^^^^^^^^^^^^
  File "/home/airflow/.local/lib/python3.12/site-packages/tenacity/__init__.py", line 443, in __iter__
    do = self.iter(retry_state=retry_state)
         ^^^^^^^^^^^^^^^^^^^^^^^^^^^^^^^^^^
  File "/home/airflow/.local/lib/python3.12/site-packages/tenacity/__init__.py", line 376, in iter
    result = action(retry_state)
             ^^^^^^^^^^^^^^^^^^^
  File "/home/airflow/.local/lib/python3.12/site-packages/tenacity/__init__.py", line 418, in exc_check
    raise retry_exc.reraise()
          ^^^^^^^^^^^^^^^^^^^
  File "/home/airflow/.local/lib/python3.12/site-packages/tenacity/__init__.py", line 185, in reraise
    raise self.last_attempt.result()
          ^^^^^^^^^^^^^^^^^^^^^^^^^^
  File "/usr/local/lib/python3.12/concurrent/futures/_base.py", line 449, in result
    return self.__get_result()
           ^^^^^^^^^^^^^^^^^^^
  File "/usr/local/lib/python3.12/concurrent/futures/_base.py", line 401, in __get_result
    raise self._exception
  File "/home/airflow/.local/lib/python3.12/site-packages/airflow/models/dagbag.py", line 721, in _sync_to_db
    _serialize_dag_capturing_errors(dag, session, processor_subdir)
  File "/home/airflow/.local/lib/python3.12/site-packages/airflow/models/dagbag.py", line 686, in _serialize_dag_capturing_errors
    dag_was_updated = SerializedDagModel.write_dag(
                      ^^^^^^^^^^^^^^^^^^^^^^^^^^^^^
  File "/home/airflow/.local/lib/python3.12/site-packages/airflow/utils/session.py", line 94, in wrapper
    return func(*args, **kwargs)
           ^^^^^^^^^^^^^^^^^^^^^
  File "/home/airflow/.local/lib/python3.12/site-packages/airflow/models/serialized_dag.py", line 160, in write_dag
    if session.scalar(
       ^^^^^^^^^^^^^^^
  File "/home/airflow/.local/lib/python3.12/site-packages/sqlalchemy/orm/session.py", line 1747, in scalar
    return self.execute(
           ^^^^^^^^^^^^^
  File "/home/airflow/.local/lib/python3.12/site-packages/sqlalchemy/orm/session.py", line 1716, in execute
    conn = self._connection_for_bind(bind)
           ^^^^^^^^^^^^^^^^^^^^^^^^^^^^^^^
  File "/home/airflow/.local/lib/python3.12/site-packages/sqlalchemy/orm/session.py", line 1555, in _connection_for_bind
    return self._transaction._connection_for_bind(
           ^^^^^^^^^^^^^^^^^^^^^^^^^^^^^^^^^^^^^^^
  File "/home/airflow/.local/lib/python3.12/site-packages/sqlalchemy/orm/session.py", line 750, in _connection_for_bind
    conn = bind.connect()
           ^^^^^^^^^^^^^^
  File "/home/airflow/.local/lib/python3.12/site-packages/sqlalchemy/future/engine.py", line 412, in connect
    return super(Engine, self).connect()
           ^^^^^^^^^^^^^^^^^^^^^^^^^^^^^
  File "/home/airflow/.local/lib/python3.12/site-packages/sqlalchemy/engine/base.py", line 3325, in connect
    return self._connection_cls(self, close_with_result=close_with_result)
           ^^^^^^^^^^^^^^^^^^^^^^^^^^^^^^^^^^^^^^^^^^^^^^^^^^^^^^^^^^^^^^^
  File "/home/airflow/.local/lib/python3.12/site-packages/sqlalchemy/engine/base.py", line 96, in __init__
    else engine.raw_connection()
         ^^^^^^^^^^^^^^^^^^^^^^^
  File "/home/airflow/.local/lib/python3.12/site-packages/sqlalchemy/engine/base.py", line 3404, in raw_connection
    return self._wrap_pool_connect(self.pool.connect, _connection)
           ^^^^^^^^^^^^^^^^^^^^^^^^^^^^^^^^^^^^^^^^^^^^^^^^^^^^^^^
  File "/home/airflow/.local/lib/python3.12/site-packages/sqlalchemy/engine/base.py", line 3374, in _wrap_pool_connect
    Connection._handle_dbapi_exception_noconnection(
  File "/home/airflow/.local/lib/python3.12/site-packages/sqlalchemy/engine/base.py", line 2208, in _handle_dbapi_exception_noconnection
    util.raise_(
  File "/home/airflow/.local/lib/python3.12/site-packages/sqlalchemy/util/compat.py", line 211, in raise_
    raise exception
  File "/home/airflow/.local/lib/python3.12/site-packages/sqlalchemy/engine/base.py", line 3371, in _wrap_pool_connect
    return fn()
           ^^^^
  File "/home/airflow/.local/lib/python3.12/site-packages/sqlalchemy/pool/base.py", line 327, in connect
    return _ConnectionFairy._checkout(self)
           ^^^^^^^^^^^^^^^^^^^^^^^^^^^^^^^^
  File "/home/airflow/.local/lib/python3.12/site-packages/sqlalchemy/pool/base.py", line 894, in _checkout
    fairy = _ConnectionRecord.checkout(pool)
            ^^^^^^^^^^^^^^^^^^^^^^^^^^^^^^^^
  File "/home/airflow/.local/lib/python3.12/site-packages/sqlalchemy/pool/base.py", line 493, in checkout
    rec = pool._do_get()
          ^^^^^^^^^^^^^^
  File "/home/airflow/.local/lib/python3.12/site-packages/sqlalchemy/pool/impl.py", line 145, in _do_get
    with util.safe_reraise():
         ^^^^^^^^^^^^^^^^^^^
  File "/home/airflow/.local/lib/python3.12/site-packages/sqlalchemy/util/langhelpers.py", line 70, in __exit__
    compat.raise_(
  File "/home/airflow/.local/lib/python3.12/site-packages/sqlalchemy/util/compat.py", line 211, in raise_
    raise exception
  File "/home/airflow/.local/lib/python3.12/site-packages/sqlalchemy/pool/impl.py", line 143, in _do_get
    return self._create_connection()
           ^^^^^^^^^^^^^^^^^^^^^^^^^
  File "/home/airflow/.local/lib/python3.12/site-packages/sqlalchemy/pool/base.py", line 273, in _create_connection
    return _ConnectionRecord(self)
           ^^^^^^^^^^^^^^^^^^^^^^^
  File "/home/airflow/.local/lib/python3.12/site-packages/sqlalchemy/pool/base.py", line 388, in __init__
    self.__connect()
  File "/home/airflow/.local/lib/python3.12/site-packages/sqlalchemy/pool/base.py", line 690, in __connect
    with util.safe_reraise():
         ^^^^^^^^^^^^^^^^^^^
  File "/home/airflow/.local/lib/python3.12/site-packages/sqlalchemy/util/langhelpers.py", line 70, in __exit__
    compat.raise_(
  File "/home/airflow/.local/lib/python3.12/site-packages/sqlalchemy/util/compat.py", line 211, in raise_
    raise exception
  File "/home/airflow/.local/lib/python3.12/site-packages/sqlalchemy/pool/base.py", line 686, in __connect
    self.dbapi_connection = connection = pool._invoke_creator(self)
                                         ^^^^^^^^^^^^^^^^^^^^^^^^^^
  File "/home/airflow/.local/lib/python3.12/site-packages/sqlalchemy/engine/create.py", line 574, in connect
    return dialect.connect(*cargs, **cparams)
           ^^^^^^^^^^^^^^^^^^^^^^^^^^^^^^^^^^
  File "/home/airflow/.local/lib/python3.12/site-packages/sqlalchemy/engine/default.py", line 598, in connect
    return self.dbapi.connect(*cargs, **cparams)
           ^^^^^^^^^^^^^^^^^^^^^^^^^^^^^^^^^^^^^
  File "/home/airflow/.local/lib/python3.12/site-packages/psycopg2/__init__.py", line 122, in connect
    conn = _connect(dsn, connection_factory=connection_factory, **kwasync)
           ^^^^^^^^^^^^^^^^^^^^^^^^^^^^^^^^^^^^^^^^^^^^^^^^^^^^^^^^^^^^^^^
sqlalchemy.exc.OperationalError: (psycopg2.OperationalError) could not translate host name "postgres" to address: Temporary failure in name resolution

(Background on this error at: https://sqlalche.me/e/14/e3q8)
[2026-09-10T07:18:33.871+0000] {processor.py:186} INFO - Started process (PID=574) to work on /opt/airflow/dags/ingestion_pipelines_dag.py
[2026-09-10T07:18:33.877+0000] {processor.py:914} INFO - Processing file /opt/airflow/dags/ingestion_pipelines_dag.py for tasks to queue
[2026-09-10T07:18:33.896+0000] {logging_mixin.py:190} INFO - [2026-09-10T07:18:33.894+0000] {dagbag.py:588} INFO - Filling up the DagBag from /opt/airflow/dags/ingestion_pipelines_dag.py
[2026-09-10T07:18:34.542+0000] {processor.py:925} INFO - DAG(s) 'datalake_ingestion_pipelines' retrieved from /opt/airflow/dags/ingestion_pipelines_dag.py
[2026-09-10T07:18:35.751+0000] {logging_mixin.py:190} INFO - [2026-09-10T07:18:35.751+0000] {dag.py:3239} INFO - Sync 1 DAGs
[2026-09-10T07:18:37.905+0000] {processor.py:208} INFO - Processing /opt/airflow/dags/ingestion_pipelines_dag.py took 4.067 seconds
[2026-09-10T07:19:08.390+0000] {processor.py:186} INFO - Started process (PID=588) to work on /opt/airflow/dags/ingestion_pipelines_dag.py
[2026-09-10T07:19:08.413+0000] {processor.py:914} INFO - Processing file /opt/airflow/dags/ingestion_pipelines_dag.py for tasks to queue
[2026-09-10T07:19:08.436+0000] {logging_mixin.py:190} INFO - [2026-09-10T07:19:08.428+0000] {dagbag.py:588} INFO - Filling up the DagBag from /opt/airflow/dags/ingestion_pipelines_dag.py
[2026-09-10T07:19:08.912+0000] {processor.py:925} INFO - DAG(s) 'datalake_ingestion_pipelines' retrieved from /opt/airflow/dags/ingestion_pipelines_dag.py
[2026-09-10T07:19:40.635+0000] {processor.py:211} ERROR - Got an exception! Propagating...
Traceback (most recent call last):
  File "/home/airflow/.local/lib/python3.12/site-packages/sqlalchemy/engine/base.py", line 3371, in _wrap_pool_connect
    return fn()
           ^^^^
  File "/home/airflow/.local/lib/python3.12/site-packages/sqlalchemy/pool/base.py", line 327, in connect
    return _ConnectionFairy._checkout(self)
           ^^^^^^^^^^^^^^^^^^^^^^^^^^^^^^^^
  File "/home/airflow/.local/lib/python3.12/site-packages/sqlalchemy/pool/base.py", line 894, in _checkout
    fairy = _ConnectionRecord.checkout(pool)
            ^^^^^^^^^^^^^^^^^^^^^^^^^^^^^^^^
  File "/home/airflow/.local/lib/python3.12/site-packages/sqlalchemy/pool/base.py", line 493, in checkout
    rec = pool._do_get()
          ^^^^^^^^^^^^^^
  File "/home/airflow/.local/lib/python3.12/site-packages/sqlalchemy/pool/impl.py", line 145, in _do_get
    with util.safe_reraise():
         ^^^^^^^^^^^^^^^^^^^
  File "/home/airflow/.local/lib/python3.12/site-packages/sqlalchemy/util/langhelpers.py", line 70, in __exit__
    compat.raise_(
  File "/home/airflow/.local/lib/python3.12/site-packages/sqlalchemy/util/compat.py", line 211, in raise_
    raise exception
  File "/home/airflow/.local/lib/python3.12/site-packages/sqlalchemy/pool/impl.py", line 143, in _do_get
    return self._create_connection()
           ^^^^^^^^^^^^^^^^^^^^^^^^^
  File "/home/airflow/.local/lib/python3.12/site-packages/sqlalchemy/pool/base.py", line 273, in _create_connection
    return _ConnectionRecord(self)
           ^^^^^^^^^^^^^^^^^^^^^^^
  File "/home/airflow/.local/lib/python3.12/site-packages/sqlalchemy/pool/base.py", line 388, in __init__
    self.__connect()
  File "/home/airflow/.local/lib/python3.12/site-packages/sqlalchemy/pool/base.py", line 690, in __connect
    with util.safe_reraise():
         ^^^^^^^^^^^^^^^^^^^
  File "/home/airflow/.local/lib/python3.12/site-packages/sqlalchemy/util/langhelpers.py", line 70, in __exit__
    compat.raise_(
  File "/home/airflow/.local/lib/python3.12/site-packages/sqlalchemy/util/compat.py", line 211, in raise_
    raise exception
  File "/home/airflow/.local/lib/python3.12/site-packages/sqlalchemy/pool/base.py", line 686, in __connect
    self.dbapi_connection = connection = pool._invoke_creator(self)
                                         ^^^^^^^^^^^^^^^^^^^^^^^^^^
  File "/home/airflow/.local/lib/python3.12/site-packages/sqlalchemy/engine/create.py", line 574, in connect
    return dialect.connect(*cargs, **cparams)
           ^^^^^^^^^^^^^^^^^^^^^^^^^^^^^^^^^^
  File "/home/airflow/.local/lib/python3.12/site-packages/sqlalchemy/engine/default.py", line 598, in connect
    return self.dbapi.connect(*cargs, **cparams)
           ^^^^^^^^^^^^^^^^^^^^^^^^^^^^^^^^^^^^^
  File "/home/airflow/.local/lib/python3.12/site-packages/psycopg2/__init__.py", line 122, in connect
    conn = _connect(dsn, connection_factory=connection_factory, **kwasync)
           ^^^^^^^^^^^^^^^^^^^^^^^^^^^^^^^^^^^^^^^^^^^^^^^^^^^^^^^^^^^^^^^
psycopg2.OperationalError: could not translate host name "postgres" to address: Temporary failure in name resolution


The above exception was the direct cause of the following exception:

Traceback (most recent call last):
  File "/home/airflow/.local/lib/python3.12/site-packages/airflow/dag_processing/processor.py", line 207, in _run_file_processor
    _handle_dag_file_processing()
  File "/home/airflow/.local/lib/python3.12/site-packages/airflow/dag_processing/processor.py", line 188, in _handle_dag_file_processing
    result: tuple[int, int, int] = dag_file_processor.process_file(
                                   ^^^^^^^^^^^^^^^^^^^^^^^^^^^^^^^^
  File "/home/airflow/.local/lib/python3.12/site-packages/airflow/utils/session.py", line 97, in wrapper
    return func(*args, session=session, **kwargs)
           ^^^^^^^^^^^^^^^^^^^^^^^^^^^^^^^^^^^^^^
  File "/home/airflow/.local/lib/python3.12/site-packages/airflow/dag_processing/processor.py", line 942, in process_file
    serialize_errors = DagFileProcessor.save_dag_to_db(
                       ^^^^^^^^^^^^^^^^^^^^^^^^^^^^^^^^
  File "/home/airflow/.local/lib/python3.12/site-packages/airflow/api_internal/internal_api_call.py", line 166, in wrapper
    return func(*args, **kwargs)
           ^^^^^^^^^^^^^^^^^^^^^
  File "/home/airflow/.local/lib/python3.12/site-packages/airflow/utils/session.py", line 97, in wrapper
    return func(*args, session=session, **kwargs)
           ^^^^^^^^^^^^^^^^^^^^^^^^^^^^^^^^^^^^^^
  File "/home/airflow/.local/lib/python3.12/site-packages/airflow/dag_processing/processor.py", line 982, in save_dag_to_db
    import_errors = DagBag._sync_to_db(dags=dags, processor_subdir=dag_directory, session=session)
                    ^^^^^^^^^^^^^^^^^^^^^^^^^^^^^^^^^^^^^^^^^^^^^^^^^^^^^^^^^^^^^^^^^^^^^^^^^^^^^^
  File "/home/airflow/.local/lib/python3.12/site-packages/airflow/utils/session.py", line 94, in wrapper
    return func(*args, **kwargs)
           ^^^^^^^^^^^^^^^^^^^^^
  File "/home/airflow/.local/lib/python3.12/site-packages/airflow/models/dagbag.py", line 708, in _sync_to_db
    for attempt in run_with_db_retries(logger=log):
                   ^^^^^^^^^^^^^^^^^^^^^^^^^^^^^^^
  File "/home/airflow/.local/lib/python3.12/site-packages/tenacity/__init__.py", line 443, in __iter__
    do = self.iter(retry_state=retry_state)
         ^^^^^^^^^^^^^^^^^^^^^^^^^^^^^^^^^^
  File "/home/airflow/.local/lib/python3.12/site-packages/tenacity/__init__.py", line 376, in iter
    result = action(retry_state)
             ^^^^^^^^^^^^^^^^^^^
  File "/home/airflow/.local/lib/python3.12/site-packages/tenacity/__init__.py", line 418, in exc_check
    raise retry_exc.reraise()
          ^^^^^^^^^^^^^^^^^^^
  File "/home/airflow/.local/lib/python3.12/site-packages/tenacity/__init__.py", line 185, in reraise
    raise self.last_attempt.result()
          ^^^^^^^^^^^^^^^^^^^^^^^^^^
  File "/usr/local/lib/python3.12/concurrent/futures/_base.py", line 449, in result
    return self.__get_result()
           ^^^^^^^^^^^^^^^^^^^
  File "/usr/local/lib/python3.12/concurrent/futures/_base.py", line 401, in __get_result
    raise self._exception
  File "/home/airflow/.local/lib/python3.12/site-packages/airflow/models/dagbag.py", line 721, in _sync_to_db
    _serialize_dag_capturing_errors(dag, session, processor_subdir)
  File "/home/airflow/.local/lib/python3.12/site-packages/airflow/models/dagbag.py", line 686, in _serialize_dag_capturing_errors
    dag_was_updated = SerializedDagModel.write_dag(
                      ^^^^^^^^^^^^^^^^^^^^^^^^^^^^^
  File "/home/airflow/.local/lib/python3.12/site-packages/airflow/utils/session.py", line 94, in wrapper
    return func(*args, **kwargs)
           ^^^^^^^^^^^^^^^^^^^^^
  File "/home/airflow/.local/lib/python3.12/site-packages/airflow/models/serialized_dag.py", line 160, in write_dag
    if session.scalar(
       ^^^^^^^^^^^^^^^
  File "/home/airflow/.local/lib/python3.12/site-packages/sqlalchemy/orm/session.py", line 1747, in scalar
    return self.execute(
           ^^^^^^^^^^^^^
  File "/home/airflow/.local/lib/python3.12/site-packages/sqlalchemy/orm/session.py", line 1716, in execute
    conn = self._connection_for_bind(bind)
           ^^^^^^^^^^^^^^^^^^^^^^^^^^^^^^^
  File "/home/airflow/.local/lib/python3.12/site-packages/sqlalchemy/orm/session.py", line 1555, in _connection_for_bind
    return self._transaction._connection_for_bind(
           ^^^^^^^^^^^^^^^^^^^^^^^^^^^^^^^^^^^^^^^
  File "/home/airflow/.local/lib/python3.12/site-packages/sqlalchemy/orm/session.py", line 750, in _connection_for_bind
    conn = bind.connect()
           ^^^^^^^^^^^^^^
  File "/home/airflow/.local/lib/python3.12/site-packages/sqlalchemy/future/engine.py", line 412, in connect
    return super(Engine, self).connect()
           ^^^^^^^^^^^^^^^^^^^^^^^^^^^^^
  File "/home/airflow/.local/lib/python3.12/site-packages/sqlalchemy/engine/base.py", line 3325, in connect
    return self._connection_cls(self, close_with_result=close_with_result)
           ^^^^^^^^^^^^^^^^^^^^^^^^^^^^^^^^^^^^^^^^^^^^^^^^^^^^^^^^^^^^^^^
  File "/home/airflow/.local/lib/python3.12/site-packages/sqlalchemy/engine/base.py", line 96, in __init__
    else engine.raw_connection()
         ^^^^^^^^^^^^^^^^^^^^^^^
  File "/home/airflow/.local/lib/python3.12/site-packages/sqlalchemy/engine/base.py", line 3404, in raw_connection
    return self._wrap_pool_connect(self.pool.connect, _connection)
           ^^^^^^^^^^^^^^^^^^^^^^^^^^^^^^^^^^^^^^^^^^^^^^^^^^^^^^^
  File "/home/airflow/.local/lib/python3.12/site-packages/sqlalchemy/engine/base.py", line 3374, in _wrap_pool_connect
    Connection._handle_dbapi_exception_noconnection(
  File "/home/airflow/.local/lib/python3.12/site-packages/sqlalchemy/engine/base.py", line 2208, in _handle_dbapi_exception_noconnection
    util.raise_(
  File "/home/airflow/.local/lib/python3.12/site-packages/sqlalchemy/util/compat.py", line 211, in raise_
    raise exception
  File "/home/airflow/.local/lib/python3.12/site-packages/sqlalchemy/engine/base.py", line 3371, in _wrap_pool_connect
    return fn()
           ^^^^
  File "/home/airflow/.local/lib/python3.12/site-packages/sqlalchemy/pool/base.py", line 327, in connect
    return _ConnectionFairy._checkout(self)
           ^^^^^^^^^^^^^^^^^^^^^^^^^^^^^^^^
  File "/home/airflow/.local/lib/python3.12/site-packages/sqlalchemy/pool/base.py", line 894, in _checkout
    fairy = _ConnectionRecord.checkout(pool)
            ^^^^^^^^^^^^^^^^^^^^^^^^^^^^^^^^
  File "/home/airflow/.local/lib/python3.12/site-packages/sqlalchemy/pool/base.py", line 493, in checkout
    rec = pool._do_get()
          ^^^^^^^^^^^^^^
  File "/home/airflow/.local/lib/python3.12/site-packages/sqlalchemy/pool/impl.py", line 145, in _do_get
    with util.safe_reraise():
         ^^^^^^^^^^^^^^^^^^^
  File "/home/airflow/.local/lib/python3.12/site-packages/sqlalchemy/util/langhelpers.py", line 70, in __exit__
    compat.raise_(
  File "/home/airflow/.local/lib/python3.12/site-packages/sqlalchemy/util/compat.py", line 211, in raise_
    raise exception
  File "/home/airflow/.local/lib/python3.12/site-packages/sqlalchemy/pool/impl.py", line 143, in _do_get
    return self._create_connection()
           ^^^^^^^^^^^^^^^^^^^^^^^^^
  File "/home/airflow/.local/lib/python3.12/site-packages/sqlalchemy/pool/base.py", line 273, in _create_connection
    return _ConnectionRecord(self)
           ^^^^^^^^^^^^^^^^^^^^^^^
  File "/home/airflow/.local/lib/python3.12/site-packages/sqlalchemy/pool/base.py", line 388, in __init__
    self.__connect()
  File "/home/airflow/.local/lib/python3.12/site-packages/sqlalchemy/pool/base.py", line 690, in __connect
    with util.safe_reraise():
         ^^^^^^^^^^^^^^^^^^^
  File "/home/airflow/.local/lib/python3.12/site-packages/sqlalchemy/util/langhelpers.py", line 70, in __exit__
    compat.raise_(
  File "/home/airflow/.local/lib/python3.12/site-packages/sqlalchemy/util/compat.py", line 211, in raise_
    raise exception
  File "/home/airflow/.local/lib/python3.12/site-packages/sqlalchemy/pool/base.py", line 686, in __connect
    self.dbapi_connection = connection = pool._invoke_creator(self)
                                         ^^^^^^^^^^^^^^^^^^^^^^^^^^
  File "/home/airflow/.local/lib/python3.12/site-packages/sqlalchemy/engine/create.py", line 574, in connect
    return dialect.connect(*cargs, **cparams)
           ^^^^^^^^^^^^^^^^^^^^^^^^^^^^^^^^^^
  File "/home/airflow/.local/lib/python3.12/site-packages/sqlalchemy/engine/default.py", line 598, in connect
    return self.dbapi.connect(*cargs, **cparams)
           ^^^^^^^^^^^^^^^^^^^^^^^^^^^^^^^^^^^^^
  File "/home/airflow/.local/lib/python3.12/site-packages/psycopg2/__init__.py", line 122, in connect
    conn = _connect(dsn, connection_factory=connection_factory, **kwasync)
           ^^^^^^^^^^^^^^^^^^^^^^^^^^^^^^^^^^^^^^^^^^^^^^^^^^^^^^^^^^^^^^^
sqlalchemy.exc.OperationalError: (psycopg2.OperationalError) could not translate host name "postgres" to address: Temporary failure in name resolution

(Background on this error at: https://sqlalche.me/e/14/e3q8)
[2026-09-10T07:20:27.579+0000] {processor.py:186} INFO - Started process (PID=601) to work on /opt/airflow/dags/ingestion_pipelines_dag.py
[2026-09-10T07:20:27.606+0000] {processor.py:914} INFO - Processing file /opt/airflow/dags/ingestion_pipelines_dag.py for tasks to queue
[2026-09-10T07:20:27.634+0000] {logging_mixin.py:190} INFO - [2026-09-10T07:20:27.622+0000] {dagbag.py:588} INFO - Filling up the DagBag from /opt/airflow/dags/ingestion_pipelines_dag.py
[2026-09-10T07:20:28.333+0000] {processor.py:925} INFO - DAG(s) 'datalake_ingestion_pipelines' retrieved from /opt/airflow/dags/ingestion_pipelines_dag.py
[2026-09-10T07:21:00.133+0000] {processor.py:211} ERROR - Got an exception! Propagating...
Traceback (most recent call last):
  File "/home/airflow/.local/lib/python3.12/site-packages/sqlalchemy/engine/base.py", line 3371, in _wrap_pool_connect
    return fn()
           ^^^^
  File "/home/airflow/.local/lib/python3.12/site-packages/sqlalchemy/pool/base.py", line 327, in connect
    return _ConnectionFairy._checkout(self)
           ^^^^^^^^^^^^^^^^^^^^^^^^^^^^^^^^
  File "/home/airflow/.local/lib/python3.12/site-packages/sqlalchemy/pool/base.py", line 894, in _checkout
    fairy = _ConnectionRecord.checkout(pool)
            ^^^^^^^^^^^^^^^^^^^^^^^^^^^^^^^^
  File "/home/airflow/.local/lib/python3.12/site-packages/sqlalchemy/pool/base.py", line 493, in checkout
    rec = pool._do_get()
          ^^^^^^^^^^^^^^
  File "/home/airflow/.local/lib/python3.12/site-packages/sqlalchemy/pool/impl.py", line 145, in _do_get
    with util.safe_reraise():
         ^^^^^^^^^^^^^^^^^^^
  File "/home/airflow/.local/lib/python3.12/site-packages/sqlalchemy/util/langhelpers.py", line 70, in __exit__
    compat.raise_(
  File "/home/airflow/.local/lib/python3.12/site-packages/sqlalchemy/util/compat.py", line 211, in raise_
    raise exception
  File "/home/airflow/.local/lib/python3.12/site-packages/sqlalchemy/pool/impl.py", line 143, in _do_get
    return self._create_connection()
           ^^^^^^^^^^^^^^^^^^^^^^^^^
  File "/home/airflow/.local/lib/python3.12/site-packages/sqlalchemy/pool/base.py", line 273, in _create_connection
    return _ConnectionRecord(self)
           ^^^^^^^^^^^^^^^^^^^^^^^
  File "/home/airflow/.local/lib/python3.12/site-packages/sqlalchemy/pool/base.py", line 388, in __init__
    self.__connect()
  File "/home/airflow/.local/lib/python3.12/site-packages/sqlalchemy/pool/base.py", line 690, in __connect
    with util.safe_reraise():
         ^^^^^^^^^^^^^^^^^^^
  File "/home/airflow/.local/lib/python3.12/site-packages/sqlalchemy/util/langhelpers.py", line 70, in __exit__
    compat.raise_(
  File "/home/airflow/.local/lib/python3.12/site-packages/sqlalchemy/util/compat.py", line 211, in raise_
    raise exception
  File "/home/airflow/.local/lib/python3.12/site-packages/sqlalchemy/pool/base.py", line 686, in __connect
    self.dbapi_connection = connection = pool._invoke_creator(self)
                                         ^^^^^^^^^^^^^^^^^^^^^^^^^^
  File "/home/airflow/.local/lib/python3.12/site-packages/sqlalchemy/engine/create.py", line 574, in connect
    return dialect.connect(*cargs, **cparams)
           ^^^^^^^^^^^^^^^^^^^^^^^^^^^^^^^^^^
  File "/home/airflow/.local/lib/python3.12/site-packages/sqlalchemy/engine/default.py", line 598, in connect
    return self.dbapi.connect(*cargs, **cparams)
           ^^^^^^^^^^^^^^^^^^^^^^^^^^^^^^^^^^^^^
  File "/home/airflow/.local/lib/python3.12/site-packages/psycopg2/__init__.py", line 122, in connect
    conn = _connect(dsn, connection_factory=connection_factory, **kwasync)
           ^^^^^^^^^^^^^^^^^^^^^^^^^^^^^^^^^^^^^^^^^^^^^^^^^^^^^^^^^^^^^^^
psycopg2.OperationalError: could not translate host name "postgres" to address: Temporary failure in name resolution


The above exception was the direct cause of the following exception:

Traceback (most recent call last):
  File "/home/airflow/.local/lib/python3.12/site-packages/airflow/dag_processing/processor.py", line 207, in _run_file_processor
    _handle_dag_file_processing()
  File "/home/airflow/.local/lib/python3.12/site-packages/airflow/dag_processing/processor.py", line 188, in _handle_dag_file_processing
    result: tuple[int, int, int] = dag_file_processor.process_file(
                                   ^^^^^^^^^^^^^^^^^^^^^^^^^^^^^^^^
  File "/home/airflow/.local/lib/python3.12/site-packages/airflow/utils/session.py", line 97, in wrapper
    return func(*args, session=session, **kwargs)
           ^^^^^^^^^^^^^^^^^^^^^^^^^^^^^^^^^^^^^^
  File "/home/airflow/.local/lib/python3.12/site-packages/airflow/dag_processing/processor.py", line 942, in process_file
    serialize_errors = DagFileProcessor.save_dag_to_db(
                       ^^^^^^^^^^^^^^^^^^^^^^^^^^^^^^^^
  File "/home/airflow/.local/lib/python3.12/site-packages/airflow/api_internal/internal_api_call.py", line 166, in wrapper
    return func(*args, **kwargs)
           ^^^^^^^^^^^^^^^^^^^^^
  File "/home/airflow/.local/lib/python3.12/site-packages/airflow/utils/session.py", line 97, in wrapper
    return func(*args, session=session, **kwargs)
           ^^^^^^^^^^^^^^^^^^^^^^^^^^^^^^^^^^^^^^
  File "/home/airflow/.local/lib/python3.12/site-packages/airflow/dag_processing/processor.py", line 982, in save_dag_to_db
    import_errors = DagBag._sync_to_db(dags=dags, processor_subdir=dag_directory, session=session)
                    ^^^^^^^^^^^^^^^^^^^^^^^^^^^^^^^^^^^^^^^^^^^^^^^^^^^^^^^^^^^^^^^^^^^^^^^^^^^^^^
  File "/home/airflow/.local/lib/python3.12/site-packages/airflow/utils/session.py", line 94, in wrapper
    return func(*args, **kwargs)
           ^^^^^^^^^^^^^^^^^^^^^
  File "/home/airflow/.local/lib/python3.12/site-packages/airflow/models/dagbag.py", line 708, in _sync_to_db
    for attempt in run_with_db_retries(logger=log):
                   ^^^^^^^^^^^^^^^^^^^^^^^^^^^^^^^
  File "/home/airflow/.local/lib/python3.12/site-packages/tenacity/__init__.py", line 443, in __iter__
    do = self.iter(retry_state=retry_state)
         ^^^^^^^^^^^^^^^^^^^^^^^^^^^^^^^^^^
  File "/home/airflow/.local/lib/python3.12/site-packages/tenacity/__init__.py", line 376, in iter
    result = action(retry_state)
             ^^^^^^^^^^^^^^^^^^^
  File "/home/airflow/.local/lib/python3.12/site-packages/tenacity/__init__.py", line 418, in exc_check
    raise retry_exc.reraise()
          ^^^^^^^^^^^^^^^^^^^
  File "/home/airflow/.local/lib/python3.12/site-packages/tenacity/__init__.py", line 185, in reraise
    raise self.last_attempt.result()
          ^^^^^^^^^^^^^^^^^^^^^^^^^^
  File "/usr/local/lib/python3.12/concurrent/futures/_base.py", line 449, in result
    return self.__get_result()
           ^^^^^^^^^^^^^^^^^^^
  File "/usr/local/lib/python3.12/concurrent/futures/_base.py", line 401, in __get_result
    raise self._exception
  File "/home/airflow/.local/lib/python3.12/site-packages/airflow/models/dagbag.py", line 721, in _sync_to_db
    _serialize_dag_capturing_errors(dag, session, processor_subdir)
  File "/home/airflow/.local/lib/python3.12/site-packages/airflow/models/dagbag.py", line 686, in _serialize_dag_capturing_errors
    dag_was_updated = SerializedDagModel.write_dag(
                      ^^^^^^^^^^^^^^^^^^^^^^^^^^^^^
  File "/home/airflow/.local/lib/python3.12/site-packages/airflow/utils/session.py", line 94, in wrapper
    return func(*args, **kwargs)
           ^^^^^^^^^^^^^^^^^^^^^
  File "/home/airflow/.local/lib/python3.12/site-packages/airflow/models/serialized_dag.py", line 160, in write_dag
    if session.scalar(
       ^^^^^^^^^^^^^^^
  File "/home/airflow/.local/lib/python3.12/site-packages/sqlalchemy/orm/session.py", line 1747, in scalar
    return self.execute(
           ^^^^^^^^^^^^^
  File "/home/airflow/.local/lib/python3.12/site-packages/sqlalchemy/orm/session.py", line 1716, in execute
    conn = self._connection_for_bind(bind)
           ^^^^^^^^^^^^^^^^^^^^^^^^^^^^^^^
  File "/home/airflow/.local/lib/python3.12/site-packages/sqlalchemy/orm/session.py", line 1555, in _connection_for_bind
    return self._transaction._connection_for_bind(
           ^^^^^^^^^^^^^^^^^^^^^^^^^^^^^^^^^^^^^^^
  File "/home/airflow/.local/lib/python3.12/site-packages/sqlalchemy/orm/session.py", line 750, in _connection_for_bind
    conn = bind.connect()
           ^^^^^^^^^^^^^^
  File "/home/airflow/.local/lib/python3.12/site-packages/sqlalchemy/future/engine.py", line 412, in connect
    return super(Engine, self).connect()
           ^^^^^^^^^^^^^^^^^^^^^^^^^^^^^
  File "/home/airflow/.local/lib/python3.12/site-packages/sqlalchemy/engine/base.py", line 3325, in connect
    return self._connection_cls(self, close_with_result=close_with_result)
           ^^^^^^^^^^^^^^^^^^^^^^^^^^^^^^^^^^^^^^^^^^^^^^^^^^^^^^^^^^^^^^^
  File "/home/airflow/.local/lib/python3.12/site-packages/sqlalchemy/engine/base.py", line 96, in __init__
    else engine.raw_connection()
         ^^^^^^^^^^^^^^^^^^^^^^^
  File "/home/airflow/.local/lib/python3.12/site-packages/sqlalchemy/engine/base.py", line 3404, in raw_connection
    return self._wrap_pool_connect(self.pool.connect, _connection)
           ^^^^^^^^^^^^^^^^^^^^^^^^^^^^^^^^^^^^^^^^^^^^^^^^^^^^^^^
  File "/home/airflow/.local/lib/python3.12/site-packages/sqlalchemy/engine/base.py", line 3374, in _wrap_pool_connect
    Connection._handle_dbapi_exception_noconnection(
  File "/home/airflow/.local/lib/python3.12/site-packages/sqlalchemy/engine/base.py", line 2208, in _handle_dbapi_exception_noconnection
    util.raise_(
  File "/home/airflow/.local/lib/python3.12/site-packages/sqlalchemy/util/compat.py", line 211, in raise_
    raise exception
  File "/home/airflow/.local/lib/python3.12/site-packages/sqlalchemy/engine/base.py", line 3371, in _wrap_pool_connect
    return fn()
           ^^^^
  File "/home/airflow/.local/lib/python3.12/site-packages/sqlalchemy/pool/base.py", line 327, in connect
    return _ConnectionFairy._checkout(self)
           ^^^^^^^^^^^^^^^^^^^^^^^^^^^^^^^^
  File "/home/airflow/.local/lib/python3.12/site-packages/sqlalchemy/pool/base.py", line 894, in _checkout
    fairy = _ConnectionRecord.checkout(pool)
            ^^^^^^^^^^^^^^^^^^^^^^^^^^^^^^^^
  File "/home/airflow/.local/lib/python3.12/site-packages/sqlalchemy/pool/base.py", line 493, in checkout
    rec = pool._do_get()
          ^^^^^^^^^^^^^^
  File "/home/airflow/.local/lib/python3.12/site-packages/sqlalchemy/pool/impl.py", line 145, in _do_get
    with util.safe_reraise():
         ^^^^^^^^^^^^^^^^^^^
  File "/home/airflow/.local/lib/python3.12/site-packages/sqlalchemy/util/langhelpers.py", line 70, in __exit__
    compat.raise_(
  File "/home/airflow/.local/lib/python3.12/site-packages/sqlalchemy/util/compat.py", line 211, in raise_
    raise exception
  File "/home/airflow/.local/lib/python3.12/site-packages/sqlalchemy/pool/impl.py", line 143, in _do_get
    return self._create_connection()
           ^^^^^^^^^^^^^^^^^^^^^^^^^
  File "/home/airflow/.local/lib/python3.12/site-packages/sqlalchemy/pool/base.py", line 273, in _create_connection
    return _ConnectionRecord(self)
           ^^^^^^^^^^^^^^^^^^^^^^^
  File "/home/airflow/.local/lib/python3.12/site-packages/sqlalchemy/pool/base.py", line 388, in __init__
    self.__connect()
  File "/home/airflow/.local/lib/python3.12/site-packages/sqlalchemy/pool/base.py", line 690, in __connect
    with util.safe_reraise():
         ^^^^^^^^^^^^^^^^^^^
  File "/home/airflow/.local/lib/python3.12/site-packages/sqlalchemy/util/langhelpers.py", line 70, in __exit__
    compat.raise_(
  File "/home/airflow/.local/lib/python3.12/site-packages/sqlalchemy/util/compat.py", line 211, in raise_
    raise exception
  File "/home/airflow/.local/lib/python3.12/site-packages/sqlalchemy/pool/base.py", line 686, in __connect
    self.dbapi_connection = connection = pool._invoke_creator(self)
                                         ^^^^^^^^^^^^^^^^^^^^^^^^^^
  File "/home/airflow/.local/lib/python3.12/site-packages/sqlalchemy/engine/create.py", line 574, in connect
    return dialect.connect(*cargs, **cparams)
           ^^^^^^^^^^^^^^^^^^^^^^^^^^^^^^^^^^
  File "/home/airflow/.local/lib/python3.12/site-packages/sqlalchemy/engine/default.py", line 598, in connect
    return self.dbapi.connect(*cargs, **cparams)
           ^^^^^^^^^^^^^^^^^^^^^^^^^^^^^^^^^^^^^
  File "/home/airflow/.local/lib/python3.12/site-packages/psycopg2/__init__.py", line 122, in connect
    conn = _connect(dsn, connection_factory=connection_factory, **kwasync)
           ^^^^^^^^^^^^^^^^^^^^^^^^^^^^^^^^^^^^^^^^^^^^^^^^^^^^^^^^^^^^^^^
sqlalchemy.exc.OperationalError: (psycopg2.OperationalError) could not translate host name "postgres" to address: Temporary failure in name resolution

(Background on this error at: https://sqlalche.me/e/14/e3q8)
[2026-09-10T07:21:35.552+0000] {processor.py:186} INFO - Started process (PID=606) to work on /opt/airflow/dags/ingestion_pipelines_dag.py
[2026-09-10T07:21:35.717+0000] {processor.py:914} INFO - Processing file /opt/airflow/dags/ingestion_pipelines_dag.py for tasks to queue
[2026-09-10T07:21:36.049+0000] {logging_mixin.py:190} INFO - [2026-09-10T07:21:35.932+0000] {dagbag.py:588} INFO - Filling up the DagBag from /opt/airflow/dags/ingestion_pipelines_dag.py
[2026-09-10T07:21:47.747+0000] {processor.py:925} INFO - DAG(s) 'datalake_ingestion_pipelines' retrieved from /opt/airflow/dags/ingestion_pipelines_dag.py
[2026-09-10T07:23:07.990+0000] {processor.py:186} INFO - Started process (PID=609) to work on /opt/airflow/dags/ingestion_pipelines_dag.py
[2026-09-10T07:23:09.599+0000] {processor.py:914} INFO - Processing file /opt/airflow/dags/ingestion_pipelines_dag.py for tasks to queue
[2026-09-10T07:23:18.184+0000] {logging_mixin.py:190} INFO - [2026-09-10T07:23:16.185+0000] {dagbag.py:588} INFO - Filling up the DagBag from /opt/airflow/dags/ingestion_pipelines_dag.py
[2026-09-10T07:23:58.231+0000] {logging_mixin.py:190} INFO - [2026-09-10T07:23:55.812+0000] {timeout.py:68} ERROR - Process timed out, PID: 609
[2026-09-10T07:24:23.487+0000] {logging_mixin.py:190} INFO - [2026-09-10T07:24:00.913+0000] {dagbag.py:387} ERROR - Failed to import: /opt/airflow/dags/ingestion_pipelines_dag.py
Traceback (most recent call last):
  File "/home/airflow/.local/lib/python3.12/site-packages/airflow/models/dagbag.py", line 383, in parse
    loader.exec_module(new_module)
  File "<frozen importlib._bootstrap_external>", line 999, in exec_module
  File "<frozen importlib._bootstrap>", line 488, in _call_with_frames_removed
  File "/opt/airflow/dags/ingestion_pipelines_dag.py", line 106, in <module>
    datalake_ingestion_pipelines()
  File "/home/airflow/.local/lib/python3.12/site-packages/airflow/models/dag.py", line 4307, in factory
    f(**f_kwargs)
  File "/opt/airflow/dags/ingestion_pipelines_dag.py", line 67, in datalake_ingestion_pipelines
    @task
     ^^^^
  File "/home/airflow/.local/lib/python3.12/site-packages/airflow/decorators/python.py", line 75, in python_task
    return task_decorator_factory(
           ^^^^^^^^^^^^^^^^^^^^^^^
  File "/home/airflow/.local/lib/python3.12/site-packages/airflow/decorators/base.py", line 680, in task_decorator_factory
    decorator = _TaskDecorator(
                ^^^^^^^^^^^^^^^
  File "<attrs generated init airflow.decorators.base._TaskDecorator>", line 8, in __init__
    _setattr('multiple_outputs', __attr_factory_multiple_outputs(self))
                                 ^^^^^^^^^^^^^^^^^^^^^^^^^^^^^^^^^^^^^
  File "/home/airflow/.local/lib/python3.12/site-packages/airflow/decorators/base.py", line 360, in _infer_multiple_outputs
    return isinstance(ttype, type) and issubclass(ttype, Mapping)
                                       ^^^^^^^^^^^^^^^^^^^^^^^^^^
  File "/usr/local/lib/python3.12/typing.py", line 1496, in __subclasscheck__
    return issubclass(cls, self.__origin__)
           ^^^^^^^^^^^^^^^^^^^^^^^^^^^^^^^^
  File "<frozen abc>", line 123, in __subclasscheck__
  File "<frozen abc>", line 121, in __subclasscheck__
  File "/home/airflow/.local/lib/python3.12/site-packages/airflow/utils/timeout.py", line 69, in handle_timeout
    raise AirflowTaskTimeout(self.error_message)
airflow.exceptions.AirflowTaskTimeout: DagBag import timeout for /opt/airflow/dags/ingestion_pipelines_dag.py after 30.0s.
Please take a look at these docs to improve your DAG import time:
* https://airflow.apache.org/docs/apache-airflow/2.10.4/best-practices.html#top-level-python-code
* https://airflow.apache.org/docs/apache-airflow/2.10.4/best-practices.html#reducing-dag-complexity, PID: 609
[2026-09-10T07:24:42.949+0000] {processor.py:927} WARNING - No viable dags retrieved from /opt/airflow/dags/ingestion_pipelines_dag.py
[2026-09-10T07:25:30.355+0000] {processor.py:211} ERROR - Got an exception! Propagating...
Traceback (most recent call last):
  File "/home/airflow/.local/lib/python3.12/site-packages/sqlalchemy/engine/base.py", line 3371, in _wrap_pool_connect
    return fn()
           ^^^^
  File "/home/airflow/.local/lib/python3.12/site-packages/sqlalchemy/pool/base.py", line 327, in connect
    return _ConnectionFairy._checkout(self)
           ^^^^^^^^^^^^^^^^^^^^^^^^^^^^^^^^
  File "/home/airflow/.local/lib/python3.12/site-packages/sqlalchemy/pool/base.py", line 894, in _checkout
    fairy = _ConnectionRecord.checkout(pool)
            ^^^^^^^^^^^^^^^^^^^^^^^^^^^^^^^^
  File "/home/airflow/.local/lib/python3.12/site-packages/sqlalchemy/pool/base.py", line 493, in checkout
    rec = pool._do_get()
          ^^^^^^^^^^^^^^
  File "/home/airflow/.local/lib/python3.12/site-packages/sqlalchemy/pool/impl.py", line 145, in _do_get
    with util.safe_reraise():
         ^^^^^^^^^^^^^^^^^^^
  File "/home/airflow/.local/lib/python3.12/site-packages/sqlalchemy/util/langhelpers.py", line 70, in __exit__
    compat.raise_(
  File "/home/airflow/.local/lib/python3.12/site-packages/sqlalchemy/util/compat.py", line 211, in raise_
    raise exception
  File "/home/airflow/.local/lib/python3.12/site-packages/sqlalchemy/pool/impl.py", line 143, in _do_get
    return self._create_connection()
           ^^^^^^^^^^^^^^^^^^^^^^^^^
  File "/home/airflow/.local/lib/python3.12/site-packages/sqlalchemy/pool/base.py", line 273, in _create_connection
    return _ConnectionRecord(self)
           ^^^^^^^^^^^^^^^^^^^^^^^
  File "/home/airflow/.local/lib/python3.12/site-packages/sqlalchemy/pool/base.py", line 388, in __init__
    self.__connect()
  File "/home/airflow/.local/lib/python3.12/site-packages/sqlalchemy/pool/base.py", line 690, in __connect
    with util.safe_reraise():
         ^^^^^^^^^^^^^^^^^^^
  File "/home/airflow/.local/lib/python3.12/site-packages/sqlalchemy/util/langhelpers.py", line 70, in __exit__
    compat.raise_(
  File "/home/airflow/.local/lib/python3.12/site-packages/sqlalchemy/util/compat.py", line 211, in raise_
    raise exception
  File "/home/airflow/.local/lib/python3.12/site-packages/sqlalchemy/pool/base.py", line 686, in __connect
    self.dbapi_connection = connection = pool._invoke_creator(self)
                                         ^^^^^^^^^^^^^^^^^^^^^^^^^^
  File "/home/airflow/.local/lib/python3.12/site-packages/sqlalchemy/engine/create.py", line 574, in connect
    return dialect.connect(*cargs, **cparams)
           ^^^^^^^^^^^^^^^^^^^^^^^^^^^^^^^^^^
  File "/home/airflow/.local/lib/python3.12/site-packages/sqlalchemy/engine/default.py", line 598, in connect
    return self.dbapi.connect(*cargs, **cparams)
           ^^^^^^^^^^^^^^^^^^^^^^^^^^^^^^^^^^^^^
  File "/home/airflow/.local/lib/python3.12/site-packages/psycopg2/__init__.py", line 122, in connect
    conn = _connect(dsn, connection_factory=connection_factory, **kwasync)
           ^^^^^^^^^^^^^^^^^^^^^^^^^^^^^^^^^^^^^^^^^^^^^^^^^^^^^^^^^^^^^^^
psycopg2.OperationalError: could not translate host name "postgres" to address: Temporary failure in name resolution


The above exception was the direct cause of the following exception:

Traceback (most recent call last):
  File "/home/airflow/.local/lib/python3.12/site-packages/airflow/dag_processing/processor.py", line 207, in _run_file_processor
    _handle_dag_file_processing()
  File "/home/airflow/.local/lib/python3.12/site-packages/airflow/dag_processing/processor.py", line 188, in _handle_dag_file_processing
    result: tuple[int, int, int] = dag_file_processor.process_file(
                                   ^^^^^^^^^^^^^^^^^^^^^^^^^^^^^^^^
  File "/home/airflow/.local/lib/python3.12/site-packages/airflow/utils/session.py", line 97, in wrapper
    return func(*args, session=session, **kwargs)
           ^^^^^^^^^^^^^^^^^^^^^^^^^^^^^^^^^^^^^^
  File "/home/airflow/.local/lib/python3.12/site-packages/airflow/dag_processing/processor.py", line 928, in process_file
    DagFileProcessor.update_import_errors(
  File "/home/airflow/.local/lib/python3.12/site-packages/airflow/api_internal/internal_api_call.py", line 166, in wrapper
    return func(*args, **kwargs)
           ^^^^^^^^^^^^^^^^^^^^^
  File "/home/airflow/.local/lib/python3.12/site-packages/airflow/utils/session.py", line 97, in wrapper
    return func(*args, session=session, **kwargs)
           ^^^^^^^^^^^^^^^^^^^^^^^^^^^^^^^^^^^^^^
  File "/home/airflow/.local/lib/python3.12/site-packages/airflow/dag_processing/processor.py", line 648, in update_import_errors
    existing_import_error_files = [x.filename for x in session.query(ParseImportError.filename).all()]
                                                       ^^^^^^^^^^^^^^^^^^^^^^^^^^^^^^^^^^^^^^^^^^^^^^
  File "/home/airflow/.local/lib/python3.12/site-packages/sqlalchemy/orm/query.py", line 2773, in all
    return self._iter().all()
           ^^^^^^^^^^^^
  File "/home/airflow/.local/lib/python3.12/site-packages/sqlalchemy/orm/query.py", line 2916, in _iter
    result = self.session.execute(
             ^^^^^^^^^^^^^^^^^^^^^
  File "/home/airflow/.local/lib/python3.12/site-packages/sqlalchemy/orm/session.py", line 1716, in execute
    conn = self._connection_for_bind(bind)
           ^^^^^^^^^^^^^^^^^^^^^^^^^^^^^^^
  File "/home/airflow/.local/lib/python3.12/site-packages/sqlalchemy/orm/session.py", line 1555, in _connection_for_bind
    return self._transaction._connection_for_bind(
           ^^^^^^^^^^^^^^^^^^^^^^^^^^^^^^^^^^^^^^^
  File "/home/airflow/.local/lib/python3.12/site-packages/sqlalchemy/orm/session.py", line 750, in _connection_for_bind
    conn = bind.connect()
           ^^^^^^^^^^^^^^
  File "/home/airflow/.local/lib/python3.12/site-packages/sqlalchemy/future/engine.py", line 412, in connect
    return super(Engine, self).connect()
           ^^^^^^^^^^^^^^^^^^^^^^^^^^^^^
  File "/home/airflow/.local/lib/python3.12/site-packages/sqlalchemy/engine/base.py", line 3325, in connect
    return self._connection_cls(self, close_with_result=close_with_result)
           ^^^^^^^^^^^^^^^^^^^^^^^^^^^^^^^^^^^^^^^^^^^^^^^^^^^^^^^^^^^^^^^
  File "/home/airflow/.local/lib/python3.12/site-packages/sqlalchemy/engine/base.py", line 96, in __init__
    else engine.raw_connection()
         ^^^^^^^^^^^^^^^^^^^^^^^
  File "/home/airflow/.local/lib/python3.12/site-packages/sqlalchemy/engine/base.py", line 3404, in raw_connection
    return self._wrap_pool_connect(self.pool.connect, _connection)
           ^^^^^^^^^^^^^^^^^^^^^^^^^^^^^^^^^^^^^^^^^^^^^^^^^^^^^^^
  File "/home/airflow/.local/lib/python3.12/site-packages/sqlalchemy/engine/base.py", line 3374, in _wrap_pool_connect
    Connection._handle_dbapi_exception_noconnection(
  File "/home/airflow/.local/lib/python3.12/site-packages/sqlalchemy/engine/base.py", line 2208, in _handle_dbapi_exception_noconnection
    util.raise_(
  File "/home/airflow/.local/lib/python3.12/site-packages/sqlalchemy/util/compat.py", line 211, in raise_
    raise exception
  File "/home/airflow/.local/lib/python3.12/site-packages/sqlalchemy/engine/base.py", line 3371, in _wrap_pool_connect
    return fn()
           ^^^^
  File "/home/airflow/.local/lib/python3.12/site-packages/sqlalchemy/pool/base.py", line 327, in connect
    return _ConnectionFairy._checkout(self)
           ^^^^^^^^^^^^^^^^^^^^^^^^^^^^^^^^
  File "/home/airflow/.local/lib/python3.12/site-packages/sqlalchemy/pool/base.py", line 894, in _checkout
    fairy = _ConnectionRecord.checkout(pool)
            ^^^^^^^^^^^^^^^^^^^^^^^^^^^^^^^^
  File "/home/airflow/.local/lib/python3.12/site-packages/sqlalchemy/pool/base.py", line 493, in checkout
    rec = pool._do_get()
          ^^^^^^^^^^^^^^
  File "/home/airflow/.local/lib/python3.12/site-packages/sqlalchemy/pool/impl.py", line 145, in _do_get
    with util.safe_reraise():
         ^^^^^^^^^^^^^^^^^^^
  File "/home/airflow/.local/lib/python3.12/site-packages/sqlalchemy/util/langhelpers.py", line 70, in __exit__
    compat.raise_(
  File "/home/airflow/.local/lib/python3.12/site-packages/sqlalchemy/util/compat.py", line 211, in raise_
    raise exception
  File "/home/airflow/.local/lib/python3.12/site-packages/sqlalchemy/pool/impl.py", line 143, in _do_get
    return self._create_connection()
           ^^^^^^^^^^^^^^^^^^^^^^^^^
  File "/home/airflow/.local/lib/python3.12/site-packages/sqlalchemy/pool/base.py", line 273, in _create_connection
    return _ConnectionRecord(self)
           ^^^^^^^^^^^^^^^^^^^^^^^
  File "/home/airflow/.local/lib/python3.12/site-packages/sqlalchemy/pool/base.py", line 388, in __init__
    self.__connect()
  File "/home/airflow/.local/lib/python3.12/site-packages/sqlalchemy/pool/base.py", line 690, in __connect
    with util.safe_reraise():
         ^^^^^^^^^^^^^^^^^^^
  File "/home/airflow/.local/lib/python3.12/site-packages/sqlalchemy/util/langhelpers.py", line 70, in __exit__
    compat.raise_(
  File "/home/airflow/.local/lib/python3.12/site-packages/sqlalchemy/util/compat.py", line 211, in raise_
    raise exception
  File "/home/airflow/.local/lib/python3.12/site-packages/sqlalchemy/pool/base.py", line 686, in __connect
    self.dbapi_connection = connection = pool._invoke_creator(self)
                                         ^^^^^^^^^^^^^^^^^^^^^^^^^^
  File "/home/airflow/.local/lib/python3.12/site-packages/sqlalchemy/engine/create.py", line 574, in connect
    return dialect.connect(*cargs, **cparams)
           ^^^^^^^^^^^^^^^^^^^^^^^^^^^^^^^^^^
  File "/home/airflow/.local/lib/python3.12/site-packages/sqlalchemy/engine/default.py", line 598, in connect
    return self.dbapi.connect(*cargs, **cparams)
           ^^^^^^^^^^^^^^^^^^^^^^^^^^^^^^^^^^^^^
  File "/home/airflow/.local/lib/python3.12/site-packages/psycopg2/__init__.py", line 122, in connect
    conn = _connect(dsn, connection_factory=connection_factory, **kwasync)
           ^^^^^^^^^^^^^^^^^^^^^^^^^^^^^^^^^^^^^^^^^^^^^^^^^^^^^^^^^^^^^^^
sqlalchemy.exc.OperationalError: (psycopg2.OperationalError) could not translate host name "postgres" to address: Temporary failure in name resolution

(Background on this error at: https://sqlalche.me/e/14/e3q8)
[2026-09-10T07:33:06.296+0000] {processor.py:186} INFO - Started process (PID=186) to work on /opt/airflow/dags/ingestion_pipelines_dag.py
[2026-09-10T07:33:06.297+0000] {processor.py:914} INFO - Processing file /opt/airflow/dags/ingestion_pipelines_dag.py for tasks to queue
[2026-09-10T07:33:06.299+0000] {logging_mixin.py:190} INFO - [2026-09-10T07:33:06.299+0000] {dagbag.py:588} INFO - Filling up the DagBag from /opt/airflow/dags/ingestion_pipelines_dag.py
[2026-09-10T07:33:06.359+0000] {processor.py:925} INFO - DAG(s) 'datalake_ingestion_pipelines' retrieved from /opt/airflow/dags/ingestion_pipelines_dag.py
[2026-09-10T07:33:07.083+0000] {logging_mixin.py:190} INFO - [2026-09-10T07:33:07.082+0000] {dag.py:3239} INFO - Sync 1 DAGs
[2026-09-10T07:33:07.191+0000] {processor.py:208} INFO - Processing /opt/airflow/dags/ingestion_pipelines_dag.py took 0.903 seconds
[2026-09-10T07:33:37.690+0000] {processor.py:186} INFO - Started process (PID=206) to work on /opt/airflow/dags/ingestion_pipelines_dag.py
[2026-09-10T07:33:37.692+0000] {processor.py:914} INFO - Processing file /opt/airflow/dags/ingestion_pipelines_dag.py for tasks to queue
[2026-09-10T07:33:37.701+0000] {logging_mixin.py:190} INFO - [2026-09-10T07:33:37.697+0000] {dagbag.py:588} INFO - Filling up the DagBag from /opt/airflow/dags/ingestion_pipelines_dag.py
[2026-09-10T07:33:37.775+0000] {processor.py:925} INFO - DAG(s) 'datalake_ingestion_pipelines' retrieved from /opt/airflow/dags/ingestion_pipelines_dag.py
[2026-09-10T07:33:38.114+0000] {logging_mixin.py:190} INFO - [2026-09-10T07:33:38.113+0000] {dag.py:3239} INFO - Sync 1 DAGs
[2026-09-10T07:33:38.226+0000] {processor.py:208} INFO - Processing /opt/airflow/dags/ingestion_pipelines_dag.py took 0.556 seconds
[2026-09-10T07:35:32.874+0000] {processor.py:186} INFO - Started process (PID=211) to work on /opt/airflow/dags/ingestion_pipelines_dag.py
[2026-09-10T07:35:32.876+0000] {processor.py:914} INFO - Processing file /opt/airflow/dags/ingestion_pipelines_dag.py for tasks to queue
[2026-09-10T07:35:32.887+0000] {logging_mixin.py:190} INFO - [2026-09-10T07:35:32.884+0000] {dagbag.py:588} INFO - Filling up the DagBag from /opt/airflow/dags/ingestion_pipelines_dag.py
[2026-09-10T07:35:32.987+0000] {processor.py:925} INFO - DAG(s) 'datalake_ingestion_pipelines' retrieved from /opt/airflow/dags/ingestion_pipelines_dag.py
[2026-09-10T07:35:33.363+0000] {logging_mixin.py:190} INFO - [2026-09-10T07:35:33.362+0000] {dag.py:3239} INFO - Sync 1 DAGs
[2026-09-10T07:35:33.500+0000] {processor.py:208} INFO - Processing /opt/airflow/dags/ingestion_pipelines_dag.py took 0.658 seconds
[2026-09-10T07:36:05.029+0000] {processor.py:186} INFO - Started process (PID=224) to work on /opt/airflow/dags/ingestion_pipelines_dag.py
[2026-09-10T07:36:05.083+0000] {processor.py:914} INFO - Processing file /opt/airflow/dags/ingestion_pipelines_dag.py for tasks to queue
[2026-09-10T07:36:05.358+0000] {logging_mixin.py:190} INFO - [2026-09-10T07:36:05.191+0000] {dagbag.py:588} INFO - Filling up the DagBag from /opt/airflow/dags/ingestion_pipelines_dag.py
[2026-09-10T07:36:11.284+0000] {processor.py:925} INFO - DAG(s) 'datalake_ingestion_pipelines' retrieved from /opt/airflow/dags/ingestion_pipelines_dag.py
[2026-09-10T07:37:49.711+0000] {processor.py:186} INFO - Started process (PID=227) to work on /opt/airflow/dags/ingestion_pipelines_dag.py
[2026-09-10T07:37:50.161+0000] {processor.py:914} INFO - Processing file /opt/airflow/dags/ingestion_pipelines_dag.py for tasks to queue
[2026-09-10T07:37:51.004+0000] {logging_mixin.py:190} INFO - [2026-09-10T07:37:50.719+0000] {dagbag.py:588} INFO - Filling up the DagBag from /opt/airflow/dags/ingestion_pipelines_dag.py
[2026-09-10T07:38:01.351+0000] {processor.py:925} INFO - DAG(s) 'datalake_ingestion_pipelines' retrieved from /opt/airflow/dags/ingestion_pipelines_dag.py
[2026-09-10T07:38:48.734+0000] {processor.py:211} ERROR - Got an exception! Propagating...
Traceback (most recent call last):
  File "/home/airflow/.local/lib/python3.12/site-packages/sqlalchemy/engine/base.py", line 3371, in _wrap_pool_connect
    return fn()
           ^^^^
  File "/home/airflow/.local/lib/python3.12/site-packages/sqlalchemy/pool/base.py", line 327, in connect
    return _ConnectionFairy._checkout(self)
           ^^^^^^^^^^^^^^^^^^^^^^^^^^^^^^^^
  File "/home/airflow/.local/lib/python3.12/site-packages/sqlalchemy/pool/base.py", line 894, in _checkout
    fairy = _ConnectionRecord.checkout(pool)
            ^^^^^^^^^^^^^^^^^^^^^^^^^^^^^^^^
  File "/home/airflow/.local/lib/python3.12/site-packages/sqlalchemy/pool/base.py", line 493, in checkout
    rec = pool._do_get()
          ^^^^^^^^^^^^^^
  File "/home/airflow/.local/lib/python3.12/site-packages/sqlalchemy/pool/impl.py", line 145, in _do_get
    with util.safe_reraise():
         ^^^^^^^^^^^^^^^^^^^
  File "/home/airflow/.local/lib/python3.12/site-packages/sqlalchemy/util/langhelpers.py", line 70, in __exit__
    compat.raise_(
  File "/home/airflow/.local/lib/python3.12/site-packages/sqlalchemy/util/compat.py", line 211, in raise_
    raise exception
  File "/home/airflow/.local/lib/python3.12/site-packages/sqlalchemy/pool/impl.py", line 143, in _do_get
    return self._create_connection()
           ^^^^^^^^^^^^^^^^^^^^^^^^^
  File "/home/airflow/.local/lib/python3.12/site-packages/sqlalchemy/pool/base.py", line 273, in _create_connection
    return _ConnectionRecord(self)
           ^^^^^^^^^^^^^^^^^^^^^^^
  File "/home/airflow/.local/lib/python3.12/site-packages/sqlalchemy/pool/base.py", line 388, in __init__
    self.__connect()
  File "/home/airflow/.local/lib/python3.12/site-packages/sqlalchemy/pool/base.py", line 690, in __connect
    with util.safe_reraise():
         ^^^^^^^^^^^^^^^^^^^
  File "/home/airflow/.local/lib/python3.12/site-packages/sqlalchemy/util/langhelpers.py", line 70, in __exit__
    compat.raise_(
  File "/home/airflow/.local/lib/python3.12/site-packages/sqlalchemy/util/compat.py", line 211, in raise_
    raise exception
  File "/home/airflow/.local/lib/python3.12/site-packages/sqlalchemy/pool/base.py", line 686, in __connect
    self.dbapi_connection = connection = pool._invoke_creator(self)
                                         ^^^^^^^^^^^^^^^^^^^^^^^^^^
  File "/home/airflow/.local/lib/python3.12/site-packages/sqlalchemy/engine/create.py", line 574, in connect
    return dialect.connect(*cargs, **cparams)
           ^^^^^^^^^^^^^^^^^^^^^^^^^^^^^^^^^^
  File "/home/airflow/.local/lib/python3.12/site-packages/sqlalchemy/engine/default.py", line 598, in connect
    return self.dbapi.connect(*cargs, **cparams)
           ^^^^^^^^^^^^^^^^^^^^^^^^^^^^^^^^^^^^^
  File "/home/airflow/.local/lib/python3.12/site-packages/psycopg2/__init__.py", line 122, in connect
    conn = _connect(dsn, connection_factory=connection_factory, **kwasync)
           ^^^^^^^^^^^^^^^^^^^^^^^^^^^^^^^^^^^^^^^^^^^^^^^^^^^^^^^^^^^^^^^
psycopg2.OperationalError: could not translate host name "postgres" to address: Temporary failure in name resolution


The above exception was the direct cause of the following exception:

Traceback (most recent call last):
  File "/home/airflow/.local/lib/python3.12/site-packages/airflow/dag_processing/processor.py", line 207, in _run_file_processor
    _handle_dag_file_processing()
  File "/home/airflow/.local/lib/python3.12/site-packages/airflow/dag_processing/processor.py", line 188, in _handle_dag_file_processing
    result: tuple[int, int, int] = dag_file_processor.process_file(
                                   ^^^^^^^^^^^^^^^^^^^^^^^^^^^^^^^^
  File "/home/airflow/.local/lib/python3.12/site-packages/airflow/utils/session.py", line 97, in wrapper
    return func(*args, session=session, **kwargs)
           ^^^^^^^^^^^^^^^^^^^^^^^^^^^^^^^^^^^^^^
  File "/home/airflow/.local/lib/python3.12/site-packages/airflow/dag_processing/processor.py", line 942, in process_file
    serialize_errors = DagFileProcessor.save_dag_to_db(
                       ^^^^^^^^^^^^^^^^^^^^^^^^^^^^^^^^
  File "/home/airflow/.local/lib/python3.12/site-packages/airflow/api_internal/internal_api_call.py", line 166, in wrapper
    return func(*args, **kwargs)
           ^^^^^^^^^^^^^^^^^^^^^
  File "/home/airflow/.local/lib/python3.12/site-packages/airflow/utils/session.py", line 97, in wrapper
    return func(*args, session=session, **kwargs)
           ^^^^^^^^^^^^^^^^^^^^^^^^^^^^^^^^^^^^^^
  File "/home/airflow/.local/lib/python3.12/site-packages/airflow/dag_processing/processor.py", line 982, in save_dag_to_db
    import_errors = DagBag._sync_to_db(dags=dags, processor_subdir=dag_directory, session=session)
                    ^^^^^^^^^^^^^^^^^^^^^^^^^^^^^^^^^^^^^^^^^^^^^^^^^^^^^^^^^^^^^^^^^^^^^^^^^^^^^^
  File "/home/airflow/.local/lib/python3.12/site-packages/airflow/utils/session.py", line 94, in wrapper
    return func(*args, **kwargs)
           ^^^^^^^^^^^^^^^^^^^^^
  File "/home/airflow/.local/lib/python3.12/site-packages/airflow/models/dagbag.py", line 708, in _sync_to_db
    for attempt in run_with_db_retries(logger=log):
                   ^^^^^^^^^^^^^^^^^^^^^^^^^^^^^^^
  File "/home/airflow/.local/lib/python3.12/site-packages/tenacity/__init__.py", line 443, in __iter__
    do = self.iter(retry_state=retry_state)
         ^^^^^^^^^^^^^^^^^^^^^^^^^^^^^^^^^^
  File "/home/airflow/.local/lib/python3.12/site-packages/tenacity/__init__.py", line 376, in iter
    result = action(retry_state)
             ^^^^^^^^^^^^^^^^^^^
  File "/home/airflow/.local/lib/python3.12/site-packages/tenacity/__init__.py", line 418, in exc_check
    raise retry_exc.reraise()
          ^^^^^^^^^^^^^^^^^^^
  File "/home/airflow/.local/lib/python3.12/site-packages/tenacity/__init__.py", line 185, in reraise
    raise self.last_attempt.result()
          ^^^^^^^^^^^^^^^^^^^^^^^^^^
  File "/usr/local/lib/python3.12/concurrent/futures/_base.py", line 449, in result
    return self.__get_result()
           ^^^^^^^^^^^^^^^^^^^
  File "/usr/local/lib/python3.12/concurrent/futures/_base.py", line 401, in __get_result
    raise self._exception
  File "/home/airflow/.local/lib/python3.12/site-packages/airflow/models/dagbag.py", line 721, in _sync_to_db
    _serialize_dag_capturing_errors(dag, session, processor_subdir)
  File "/home/airflow/.local/lib/python3.12/site-packages/airflow/models/dagbag.py", line 686, in _serialize_dag_capturing_errors
    dag_was_updated = SerializedDagModel.write_dag(
                      ^^^^^^^^^^^^^^^^^^^^^^^^^^^^^
  File "/home/airflow/.local/lib/python3.12/site-packages/airflow/utils/session.py", line 94, in wrapper
    return func(*args, **kwargs)
           ^^^^^^^^^^^^^^^^^^^^^
  File "/home/airflow/.local/lib/python3.12/site-packages/airflow/models/serialized_dag.py", line 160, in write_dag
    if session.scalar(
       ^^^^^^^^^^^^^^^
  File "/home/airflow/.local/lib/python3.12/site-packages/sqlalchemy/orm/session.py", line 1747, in scalar
    return self.execute(
           ^^^^^^^^^^^^^
  File "/home/airflow/.local/lib/python3.12/site-packages/sqlalchemy/orm/session.py", line 1716, in execute
    conn = self._connection_for_bind(bind)
           ^^^^^^^^^^^^^^^^^^^^^^^^^^^^^^^
  File "/home/airflow/.local/lib/python3.12/site-packages/sqlalchemy/orm/session.py", line 1555, in _connection_for_bind
    return self._transaction._connection_for_bind(
           ^^^^^^^^^^^^^^^^^^^^^^^^^^^^^^^^^^^^^^^
  File "/home/airflow/.local/lib/python3.12/site-packages/sqlalchemy/orm/session.py", line 750, in _connection_for_bind
    conn = bind.connect()
           ^^^^^^^^^^^^^^
  File "/home/airflow/.local/lib/python3.12/site-packages/sqlalchemy/future/engine.py", line 412, in connect
    return super(Engine, self).connect()
           ^^^^^^^^^^^^^^^^^^^^^^^^^^^^^
  File "/home/airflow/.local/lib/python3.12/site-packages/sqlalchemy/engine/base.py", line 3325, in connect
    return self._connection_cls(self, close_with_result=close_with_result)
           ^^^^^^^^^^^^^^^^^^^^^^^^^^^^^^^^^^^^^^^^^^^^^^^^^^^^^^^^^^^^^^^
  File "/home/airflow/.local/lib/python3.12/site-packages/sqlalchemy/engine/base.py", line 96, in __init__
    else engine.raw_connection()
         ^^^^^^^^^^^^^^^^^^^^^^^
  File "/home/airflow/.local/lib/python3.12/site-packages/sqlalchemy/engine/base.py", line 3404, in raw_connection
    return self._wrap_pool_connect(self.pool.connect, _connection)
           ^^^^^^^^^^^^^^^^^^^^^^^^^^^^^^^^^^^^^^^^^^^^^^^^^^^^^^^
  File "/home/airflow/.local/lib/python3.12/site-packages/sqlalchemy/engine/base.py", line 3374, in _wrap_pool_connect
    Connection._handle_dbapi_exception_noconnection(
  File "/home/airflow/.local/lib/python3.12/site-packages/sqlalchemy/engine/base.py", line 2208, in _handle_dbapi_exception_noconnection
    util.raise_(
  File "/home/airflow/.local/lib/python3.12/site-packages/sqlalchemy/util/compat.py", line 211, in raise_
    raise exception
  File "/home/airflow/.local/lib/python3.12/site-packages/sqlalchemy/engine/base.py", line 3371, in _wrap_pool_connect
    return fn()
           ^^^^
  File "/home/airflow/.local/lib/python3.12/site-packages/sqlalchemy/pool/base.py", line 327, in connect
    return _ConnectionFairy._checkout(self)
           ^^^^^^^^^^^^^^^^^^^^^^^^^^^^^^^^
  File "/home/airflow/.local/lib/python3.12/site-packages/sqlalchemy/pool/base.py", line 894, in _checkout
    fairy = _ConnectionRecord.checkout(pool)
            ^^^^^^^^^^^^^^^^^^^^^^^^^^^^^^^^
  File "/home/airflow/.local/lib/python3.12/site-packages/sqlalchemy/pool/base.py", line 493, in checkout
    rec = pool._do_get()
          ^^^^^^^^^^^^^^
  File "/home/airflow/.local/lib/python3.12/site-packages/sqlalchemy/pool/impl.py", line 145, in _do_get
    with util.safe_reraise():
         ^^^^^^^^^^^^^^^^^^^
  File "/home/airflow/.local/lib/python3.12/site-packages/sqlalchemy/util/langhelpers.py", line 70, in __exit__
    compat.raise_(
  File "/home/airflow/.local/lib/python3.12/site-packages/sqlalchemy/util/compat.py", line 211, in raise_
    raise exception
  File "/home/airflow/.local/lib/python3.12/site-packages/sqlalchemy/pool/impl.py", line 143, in _do_get
    return self._create_connection()
           ^^^^^^^^^^^^^^^^^^^^^^^^^
  File "/home/airflow/.local/lib/python3.12/site-packages/sqlalchemy/pool/base.py", line 273, in _create_connection
    return _ConnectionRecord(self)
           ^^^^^^^^^^^^^^^^^^^^^^^
  File "/home/airflow/.local/lib/python3.12/site-packages/sqlalchemy/pool/base.py", line 388, in __init__
    self.__connect()
  File "/home/airflow/.local/lib/python3.12/site-packages/sqlalchemy/pool/base.py", line 690, in __connect
    with util.safe_reraise():
         ^^^^^^^^^^^^^^^^^^^
  File "/home/airflow/.local/lib/python3.12/site-packages/sqlalchemy/util/langhelpers.py", line 70, in __exit__
    compat.raise_(
  File "/home/airflow/.local/lib/python3.12/site-packages/sqlalchemy/util/compat.py", line 211, in raise_
    raise exception
  File "/home/airflow/.local/lib/python3.12/site-packages/sqlalchemy/pool/base.py", line 686, in __connect
    self.dbapi_connection = connection = pool._invoke_creator(self)
                                         ^^^^^^^^^^^^^^^^^^^^^^^^^^
  File "/home/airflow/.local/lib/python3.12/site-packages/sqlalchemy/engine/create.py", line 574, in connect
    return dialect.connect(*cargs, **cparams)
           ^^^^^^^^^^^^^^^^^^^^^^^^^^^^^^^^^^
  File "/home/airflow/.local/lib/python3.12/site-packages/sqlalchemy/engine/default.py", line 598, in connect
    return self.dbapi.connect(*cargs, **cparams)
           ^^^^^^^^^^^^^^^^^^^^^^^^^^^^^^^^^^^^^
  File "/home/airflow/.local/lib/python3.12/site-packages/psycopg2/__init__.py", line 122, in connect
    conn = _connect(dsn, connection_factory=connection_factory, **kwasync)
           ^^^^^^^^^^^^^^^^^^^^^^^^^^^^^^^^^^^^^^^^^^^^^^^^^^^^^^^^^^^^^^^
sqlalchemy.exc.OperationalError: (psycopg2.OperationalError) could not translate host name "postgres" to address: Temporary failure in name resolution

(Background on this error at: https://sqlalche.me/e/14/e3q8)
[2026-09-10T07:41:57.676+0000] {processor.py:186} INFO - Started process (PID=232) to work on /opt/airflow/dags/ingestion_pipelines_dag.py
[2026-09-10T07:41:57.952+0000] {processor.py:914} INFO - Processing file /opt/airflow/dags/ingestion_pipelines_dag.py for tasks to queue
[2026-09-10T07:41:58.800+0000] {logging_mixin.py:190} INFO - [2026-09-10T07:41:58.270+0000] {dagbag.py:588} INFO - Filling up the DagBag from /opt/airflow/dags/ingestion_pipelines_dag.py
[2026-09-10T07:42:17.738+0000] {processor.py:925} INFO - DAG(s) 'datalake_ingestion_pipelines' retrieved from /opt/airflow/dags/ingestion_pipelines_dag.py
[2026-09-10T07:43:37.338+0000] {processor.py:186} INFO - Started process (PID=235) to work on /opt/airflow/dags/ingestion_pipelines_dag.py
[2026-09-10T07:43:40.691+0000] {processor.py:914} INFO - Processing file /opt/airflow/dags/ingestion_pipelines_dag.py for tasks to queue
[2026-09-10T07:45:23.776+0000] {logging_mixin.py:190} INFO - [2026-09-10T07:44:54.028+0000] {dagbag.py:588} INFO - Filling up the DagBag from /opt/airflow/dags/ingestion_pipelines_dag.py
[2026-09-10T07:45:54.362+0000] {processor.py:186} INFO - Started process (PID=246) to work on /opt/airflow/dags/ingestion_pipelines_dag.py
[2026-09-10T07:45:54.363+0000] {processor.py:914} INFO - Processing file /opt/airflow/dags/ingestion_pipelines_dag.py for tasks to queue
[2026-09-10T07:45:54.367+0000] {logging_mixin.py:190} INFO - [2026-09-10T07:45:54.365+0000] {dagbag.py:588} INFO - Filling up the DagBag from /opt/airflow/dags/ingestion_pipelines_dag.py
[2026-09-10T07:45:54.436+0000] {processor.py:925} INFO - DAG(s) 'datalake_ingestion_pipelines' retrieved from /opt/airflow/dags/ingestion_pipelines_dag.py
[2026-09-10T07:45:54.903+0000] {logging_mixin.py:190} INFO - [2026-09-10T07:45:54.904+0000] {dag.py:3239} INFO - Sync 1 DAGs
[2026-09-10T07:45:55.018+0000] {processor.py:208} INFO - Processing /opt/airflow/dags/ingestion_pipelines_dag.py took 0.674 seconds
[2026-09-10T07:46:25.947+0000] {processor.py:186} INFO - Started process (PID=265) to work on /opt/airflow/dags/ingestion_pipelines_dag.py
[2026-09-10T07:46:25.963+0000] {processor.py:914} INFO - Processing file /opt/airflow/dags/ingestion_pipelines_dag.py for tasks to queue
[2026-09-10T07:46:25.980+0000] {logging_mixin.py:190} INFO - [2026-09-10T07:46:25.970+0000] {dagbag.py:588} INFO - Filling up the DagBag from /opt/airflow/dags/ingestion_pipelines_dag.py
[2026-09-10T07:46:26.599+0000] {processor.py:925} INFO - DAG(s) 'datalake_ingestion_pipelines' retrieved from /opt/airflow/dags/ingestion_pipelines_dag.py
[2026-09-10T07:46:32.668+0000] {logging_mixin.py:190} INFO - [2026-09-10T07:46:32.667+0000] {dag.py:3239} INFO - Sync 1 DAGs
[2026-09-10T07:46:32.755+0000] {processor.py:208} INFO - Processing /opt/airflow/dags/ingestion_pipelines_dag.py took 7.008 seconds
[2026-09-10T07:47:03.322+0000] {processor.py:186} INFO - Started process (PID=270) to work on /opt/airflow/dags/ingestion_pipelines_dag.py
[2026-09-10T07:47:03.428+0000] {processor.py:914} INFO - Processing file /opt/airflow/dags/ingestion_pipelines_dag.py for tasks to queue
[2026-09-10T07:47:03.511+0000] {logging_mixin.py:190} INFO - [2026-09-10T07:47:03.503+0000] {dagbag.py:588} INFO - Filling up the DagBag from /opt/airflow/dags/ingestion_pipelines_dag.py
[2026-09-10T07:47:03.891+0000] {processor.py:925} INFO - DAG(s) 'datalake_ingestion_pipelines' retrieved from /opt/airflow/dags/ingestion_pipelines_dag.py
[2026-09-10T07:47:35.736+0000] {processor.py:211} ERROR - Got an exception! Propagating...
Traceback (most recent call last):
  File "/home/airflow/.local/lib/python3.12/site-packages/sqlalchemy/engine/base.py", line 3371, in _wrap_pool_connect
    return fn()
           ^^^^
  File "/home/airflow/.local/lib/python3.12/site-packages/sqlalchemy/pool/base.py", line 327, in connect
    return _ConnectionFairy._checkout(self)
           ^^^^^^^^^^^^^^^^^^^^^^^^^^^^^^^^
  File "/home/airflow/.local/lib/python3.12/site-packages/sqlalchemy/pool/base.py", line 894, in _checkout
    fairy = _ConnectionRecord.checkout(pool)
            ^^^^^^^^^^^^^^^^^^^^^^^^^^^^^^^^
  File "/home/airflow/.local/lib/python3.12/site-packages/sqlalchemy/pool/base.py", line 493, in checkout
    rec = pool._do_get()
          ^^^^^^^^^^^^^^
  File "/home/airflow/.local/lib/python3.12/site-packages/sqlalchemy/pool/impl.py", line 145, in _do_get
    with util.safe_reraise():
         ^^^^^^^^^^^^^^^^^^^
  File "/home/airflow/.local/lib/python3.12/site-packages/sqlalchemy/util/langhelpers.py", line 70, in __exit__
    compat.raise_(
  File "/home/airflow/.local/lib/python3.12/site-packages/sqlalchemy/util/compat.py", line 211, in raise_
    raise exception
  File "/home/airflow/.local/lib/python3.12/site-packages/sqlalchemy/pool/impl.py", line 143, in _do_get
    return self._create_connection()
           ^^^^^^^^^^^^^^^^^^^^^^^^^
  File "/home/airflow/.local/lib/python3.12/site-packages/sqlalchemy/pool/base.py", line 273, in _create_connection
    return _ConnectionRecord(self)
           ^^^^^^^^^^^^^^^^^^^^^^^
  File "/home/airflow/.local/lib/python3.12/site-packages/sqlalchemy/pool/base.py", line 388, in __init__
    self.__connect()
  File "/home/airflow/.local/lib/python3.12/site-packages/sqlalchemy/pool/base.py", line 690, in __connect
    with util.safe_reraise():
         ^^^^^^^^^^^^^^^^^^^
  File "/home/airflow/.local/lib/python3.12/site-packages/sqlalchemy/util/langhelpers.py", line 70, in __exit__
    compat.raise_(
  File "/home/airflow/.local/lib/python3.12/site-packages/sqlalchemy/util/compat.py", line 211, in raise_
    raise exception
  File "/home/airflow/.local/lib/python3.12/site-packages/sqlalchemy/pool/base.py", line 686, in __connect
    self.dbapi_connection = connection = pool._invoke_creator(self)
                                         ^^^^^^^^^^^^^^^^^^^^^^^^^^
  File "/home/airflow/.local/lib/python3.12/site-packages/sqlalchemy/engine/create.py", line 574, in connect
    return dialect.connect(*cargs, **cparams)
           ^^^^^^^^^^^^^^^^^^^^^^^^^^^^^^^^^^
  File "/home/airflow/.local/lib/python3.12/site-packages/sqlalchemy/engine/default.py", line 598, in connect
    return self.dbapi.connect(*cargs, **cparams)
           ^^^^^^^^^^^^^^^^^^^^^^^^^^^^^^^^^^^^^
  File "/home/airflow/.local/lib/python3.12/site-packages/psycopg2/__init__.py", line 122, in connect
    conn = _connect(dsn, connection_factory=connection_factory, **kwasync)
           ^^^^^^^^^^^^^^^^^^^^^^^^^^^^^^^^^^^^^^^^^^^^^^^^^^^^^^^^^^^^^^^
psycopg2.OperationalError: could not translate host name "postgres" to address: Temporary failure in name resolution


The above exception was the direct cause of the following exception:

Traceback (most recent call last):
  File "/home/airflow/.local/lib/python3.12/site-packages/airflow/dag_processing/processor.py", line 207, in _run_file_processor
    _handle_dag_file_processing()
  File "/home/airflow/.local/lib/python3.12/site-packages/airflow/dag_processing/processor.py", line 188, in _handle_dag_file_processing
    result: tuple[int, int, int] = dag_file_processor.process_file(
                                   ^^^^^^^^^^^^^^^^^^^^^^^^^^^^^^^^
  File "/home/airflow/.local/lib/python3.12/site-packages/airflow/utils/session.py", line 97, in wrapper
    return func(*args, session=session, **kwargs)
           ^^^^^^^^^^^^^^^^^^^^^^^^^^^^^^^^^^^^^^
  File "/home/airflow/.local/lib/python3.12/site-packages/airflow/dag_processing/processor.py", line 942, in process_file
    serialize_errors = DagFileProcessor.save_dag_to_db(
                       ^^^^^^^^^^^^^^^^^^^^^^^^^^^^^^^^
  File "/home/airflow/.local/lib/python3.12/site-packages/airflow/api_internal/internal_api_call.py", line 166, in wrapper
    return func(*args, **kwargs)
           ^^^^^^^^^^^^^^^^^^^^^
  File "/home/airflow/.local/lib/python3.12/site-packages/airflow/utils/session.py", line 97, in wrapper
    return func(*args, session=session, **kwargs)
           ^^^^^^^^^^^^^^^^^^^^^^^^^^^^^^^^^^^^^^
  File "/home/airflow/.local/lib/python3.12/site-packages/airflow/dag_processing/processor.py", line 982, in save_dag_to_db
    import_errors = DagBag._sync_to_db(dags=dags, processor_subdir=dag_directory, session=session)
                    ^^^^^^^^^^^^^^^^^^^^^^^^^^^^^^^^^^^^^^^^^^^^^^^^^^^^^^^^^^^^^^^^^^^^^^^^^^^^^^
  File "/home/airflow/.local/lib/python3.12/site-packages/airflow/utils/session.py", line 94, in wrapper
    return func(*args, **kwargs)
           ^^^^^^^^^^^^^^^^^^^^^
  File "/home/airflow/.local/lib/python3.12/site-packages/airflow/models/dagbag.py", line 708, in _sync_to_db
    for attempt in run_with_db_retries(logger=log):
                   ^^^^^^^^^^^^^^^^^^^^^^^^^^^^^^^
  File "/home/airflow/.local/lib/python3.12/site-packages/tenacity/__init__.py", line 443, in __iter__
    do = self.iter(retry_state=retry_state)
         ^^^^^^^^^^^^^^^^^^^^^^^^^^^^^^^^^^
  File "/home/airflow/.local/lib/python3.12/site-packages/tenacity/__init__.py", line 376, in iter
    result = action(retry_state)
             ^^^^^^^^^^^^^^^^^^^
  File "/home/airflow/.local/lib/python3.12/site-packages/tenacity/__init__.py", line 418, in exc_check
    raise retry_exc.reraise()
          ^^^^^^^^^^^^^^^^^^^
  File "/home/airflow/.local/lib/python3.12/site-packages/tenacity/__init__.py", line 185, in reraise
    raise self.last_attempt.result()
          ^^^^^^^^^^^^^^^^^^^^^^^^^^
  File "/usr/local/lib/python3.12/concurrent/futures/_base.py", line 449, in result
    return self.__get_result()
           ^^^^^^^^^^^^^^^^^^^
  File "/usr/local/lib/python3.12/concurrent/futures/_base.py", line 401, in __get_result
    raise self._exception
  File "/home/airflow/.local/lib/python3.12/site-packages/airflow/models/dagbag.py", line 721, in _sync_to_db
    _serialize_dag_capturing_errors(dag, session, processor_subdir)
  File "/home/airflow/.local/lib/python3.12/site-packages/airflow/models/dagbag.py", line 686, in _serialize_dag_capturing_errors
    dag_was_updated = SerializedDagModel.write_dag(
                      ^^^^^^^^^^^^^^^^^^^^^^^^^^^^^
  File "/home/airflow/.local/lib/python3.12/site-packages/airflow/utils/session.py", line 94, in wrapper
    return func(*args, **kwargs)
           ^^^^^^^^^^^^^^^^^^^^^
  File "/home/airflow/.local/lib/python3.12/site-packages/airflow/models/serialized_dag.py", line 160, in write_dag
    if session.scalar(
       ^^^^^^^^^^^^^^^
  File "/home/airflow/.local/lib/python3.12/site-packages/sqlalchemy/orm/session.py", line 1747, in scalar
    return self.execute(
           ^^^^^^^^^^^^^
  File "/home/airflow/.local/lib/python3.12/site-packages/sqlalchemy/orm/session.py", line 1716, in execute
    conn = self._connection_for_bind(bind)
           ^^^^^^^^^^^^^^^^^^^^^^^^^^^^^^^
  File "/home/airflow/.local/lib/python3.12/site-packages/sqlalchemy/orm/session.py", line 1555, in _connection_for_bind
    return self._transaction._connection_for_bind(
           ^^^^^^^^^^^^^^^^^^^^^^^^^^^^^^^^^^^^^^^
  File "/home/airflow/.local/lib/python3.12/site-packages/sqlalchemy/orm/session.py", line 750, in _connection_for_bind
    conn = bind.connect()
           ^^^^^^^^^^^^^^
  File "/home/airflow/.local/lib/python3.12/site-packages/sqlalchemy/future/engine.py", line 412, in connect
    return super(Engine, self).connect()
           ^^^^^^^^^^^^^^^^^^^^^^^^^^^^^
  File "/home/airflow/.local/lib/python3.12/site-packages/sqlalchemy/engine/base.py", line 3325, in connect
    return self._connection_cls(self, close_with_result=close_with_result)
           ^^^^^^^^^^^^^^^^^^^^^^^^^^^^^^^^^^^^^^^^^^^^^^^^^^^^^^^^^^^^^^^
  File "/home/airflow/.local/lib/python3.12/site-packages/sqlalchemy/engine/base.py", line 96, in __init__
    else engine.raw_connection()
         ^^^^^^^^^^^^^^^^^^^^^^^
  File "/home/airflow/.local/lib/python3.12/site-packages/sqlalchemy/engine/base.py", line 3404, in raw_connection
    return self._wrap_pool_connect(self.pool.connect, _connection)
           ^^^^^^^^^^^^^^^^^^^^^^^^^^^^^^^^^^^^^^^^^^^^^^^^^^^^^^^
  File "/home/airflow/.local/lib/python3.12/site-packages/sqlalchemy/engine/base.py", line 3374, in _wrap_pool_connect
    Connection._handle_dbapi_exception_noconnection(
  File "/home/airflow/.local/lib/python3.12/site-packages/sqlalchemy/engine/base.py", line 2208, in _handle_dbapi_exception_noconnection
    util.raise_(
  File "/home/airflow/.local/lib/python3.12/site-packages/sqlalchemy/util/compat.py", line 211, in raise_
    raise exception
  File "/home/airflow/.local/lib/python3.12/site-packages/sqlalchemy/engine/base.py", line 3371, in _wrap_pool_connect
    return fn()
           ^^^^
  File "/home/airflow/.local/lib/python3.12/site-packages/sqlalchemy/pool/base.py", line 327, in connect
    return _ConnectionFairy._checkout(self)
           ^^^^^^^^^^^^^^^^^^^^^^^^^^^^^^^^
  File "/home/airflow/.local/lib/python3.12/site-packages/sqlalchemy/pool/base.py", line 894, in _checkout
    fairy = _ConnectionRecord.checkout(pool)
            ^^^^^^^^^^^^^^^^^^^^^^^^^^^^^^^^
  File "/home/airflow/.local/lib/python3.12/site-packages/sqlalchemy/pool/base.py", line 493, in checkout
    rec = pool._do_get()
          ^^^^^^^^^^^^^^
  File "/home/airflow/.local/lib/python3.12/site-packages/sqlalchemy/pool/impl.py", line 145, in _do_get
    with util.safe_reraise():
         ^^^^^^^^^^^^^^^^^^^
  File "/home/airflow/.local/lib/python3.12/site-packages/sqlalchemy/util/langhelpers.py", line 70, in __exit__
    compat.raise_(
  File "/home/airflow/.local/lib/python3.12/site-packages/sqlalchemy/util/compat.py", line 211, in raise_
    raise exception
  File "/home/airflow/.local/lib/python3.12/site-packages/sqlalchemy/pool/impl.py", line 143, in _do_get
    return self._create_connection()
           ^^^^^^^^^^^^^^^^^^^^^^^^^
  File "/home/airflow/.local/lib/python3.12/site-packages/sqlalchemy/pool/base.py", line 273, in _create_connection
    return _ConnectionRecord(self)
           ^^^^^^^^^^^^^^^^^^^^^^^
  File "/home/airflow/.local/lib/python3.12/site-packages/sqlalchemy/pool/base.py", line 388, in __init__
    self.__connect()
  File "/home/airflow/.local/lib/python3.12/site-packages/sqlalchemy/pool/base.py", line 690, in __connect
    with util.safe_reraise():
         ^^^^^^^^^^^^^^^^^^^
  File "/home/airflow/.local/lib/python3.12/site-packages/sqlalchemy/util/langhelpers.py", line 70, in __exit__
    compat.raise_(
  File "/home/airflow/.local/lib/python3.12/site-packages/sqlalchemy/util/compat.py", line 211, in raise_
    raise exception
  File "/home/airflow/.local/lib/python3.12/site-packages/sqlalchemy/pool/base.py", line 686, in __connect
    self.dbapi_connection = connection = pool._invoke_creator(self)
                                         ^^^^^^^^^^^^^^^^^^^^^^^^^^
  File "/home/airflow/.local/lib/python3.12/site-packages/sqlalchemy/engine/create.py", line 574, in connect
    return dialect.connect(*cargs, **cparams)
           ^^^^^^^^^^^^^^^^^^^^^^^^^^^^^^^^^^
  File "/home/airflow/.local/lib/python3.12/site-packages/sqlalchemy/engine/default.py", line 598, in connect
    return self.dbapi.connect(*cargs, **cparams)
           ^^^^^^^^^^^^^^^^^^^^^^^^^^^^^^^^^^^^^
  File "/home/airflow/.local/lib/python3.12/site-packages/psycopg2/__init__.py", line 122, in connect
    conn = _connect(dsn, connection_factory=connection_factory, **kwasync)
           ^^^^^^^^^^^^^^^^^^^^^^^^^^^^^^^^^^^^^^^^^^^^^^^^^^^^^^^^^^^^^^^
sqlalchemy.exc.OperationalError: (psycopg2.OperationalError) could not translate host name "postgres" to address: Temporary failure in name resolution

(Background on this error at: https://sqlalche.me/e/14/e3q8)
[2026-09-10T07:49:57.860+0000] {processor.py:186} INFO - Started process (PID=275) to work on /opt/airflow/dags/ingestion_pipelines_dag.py
[2026-09-10T07:49:57.883+0000] {processor.py:914} INFO - Processing file /opt/airflow/dags/ingestion_pipelines_dag.py for tasks to queue
[2026-09-10T07:49:57.913+0000] {logging_mixin.py:190} INFO - [2026-09-10T07:49:57.890+0000] {dagbag.py:588} INFO - Filling up the DagBag from /opt/airflow/dags/ingestion_pipelines_dag.py
[2026-09-10T07:50:28.990+0000] {processor.py:186} INFO - Started process (PID=285) to work on /opt/airflow/dags/ingestion_pipelines_dag.py
[2026-09-10T07:50:28.993+0000] {processor.py:914} INFO - Processing file /opt/airflow/dags/ingestion_pipelines_dag.py for tasks to queue
[2026-09-10T07:50:29.001+0000] {logging_mixin.py:190} INFO - [2026-09-10T07:50:28.998+0000] {dagbag.py:588} INFO - Filling up the DagBag from /opt/airflow/dags/ingestion_pipelines_dag.py
[2026-09-10T07:50:29.123+0000] {processor.py:925} INFO - DAG(s) 'datalake_ingestion_pipelines' retrieved from /opt/airflow/dags/ingestion_pipelines_dag.py
[2026-09-10T07:50:30.323+0000] {logging_mixin.py:190} INFO - [2026-09-10T07:50:30.308+0000] {dag.py:3239} INFO - Sync 1 DAGs
[2026-09-10T07:50:33.854+0000] {processor.py:208} INFO - Processing /opt/airflow/dags/ingestion_pipelines_dag.py took 4.931 seconds
[2026-09-10T07:51:07.098+0000] {processor.py:186} INFO - Started process (PID=290) to work on /opt/airflow/dags/ingestion_pipelines_dag.py
[2026-09-10T07:51:07.249+0000] {processor.py:914} INFO - Processing file /opt/airflow/dags/ingestion_pipelines_dag.py for tasks to queue
[2026-09-10T07:51:07.772+0000] {logging_mixin.py:190} INFO - [2026-09-10T07:51:07.426+0000] {dagbag.py:588} INFO - Filling up the DagBag from /opt/airflow/dags/ingestion_pipelines_dag.py
[2026-09-10T07:51:12.836+0000] {processor.py:925} INFO - DAG(s) 'datalake_ingestion_pipelines' retrieved from /opt/airflow/dags/ingestion_pipelines_dag.py
[2026-09-10T07:52:29.257+0000] {processor.py:186} INFO - Started process (PID=293) to work on /opt/airflow/dags/ingestion_pipelines_dag.py
[2026-09-10T07:52:29.674+0000] {processor.py:914} INFO - Processing file /opt/airflow/dags/ingestion_pipelines_dag.py for tasks to queue
[2026-09-10T07:52:29.867+0000] {logging_mixin.py:190} INFO - [2026-09-10T07:52:29.784+0000] {dagbag.py:588} INFO - Filling up the DagBag from /opt/airflow/dags/ingestion_pipelines_dag.py
[2026-09-10T07:52:57.232+0000] {processor.py:925} INFO - DAG(s) 'datalake_ingestion_pipelines' retrieved from /opt/airflow/dags/ingestion_pipelines_dag.py
[2026-09-10T07:59:08.057+0000] {processor.py:186} INFO - Started process (PID=305) to work on /opt/airflow/dags/ingestion_pipelines_dag.py
[2026-09-10T07:59:08.059+0000] {processor.py:914} INFO - Processing file /opt/airflow/dags/ingestion_pipelines_dag.py for tasks to queue
[2026-09-10T07:59:08.065+0000] {logging_mixin.py:190} INFO - [2026-09-10T07:59:08.061+0000] {dagbag.py:588} INFO - Filling up the DagBag from /opt/airflow/dags/ingestion_pipelines_dag.py
[2026-09-10T07:59:08.179+0000] {processor.py:925} INFO - DAG(s) 'datalake_ingestion_pipelines' retrieved from /opt/airflow/dags/ingestion_pipelines_dag.py
[2026-09-10T07:59:09.002+0000] {logging_mixin.py:190} INFO - [2026-09-10T07:59:09.001+0000] {dag.py:3239} INFO - Sync 1 DAGs
[2026-09-10T07:59:09.118+0000] {logging_mixin.py:190} INFO - [2026-09-10T07:59:09.118+0000] {dag.py:4180} INFO - Setting next_dagrun for datalake_ingestion_pipelines to 2026-09-10 07:00:00+00:00, run_after=2026-09-10 08:00:00+00:00
[2026-09-10T07:59:09.211+0000] {processor.py:208} INFO - Processing /opt/airflow/dags/ingestion_pipelines_dag.py took 1.178 seconds
[2026-09-10T08:01:53.626+0000] {processor.py:186} INFO - Started process (PID=310) to work on /opt/airflow/dags/ingestion_pipelines_dag.py
[2026-09-10T08:01:53.636+0000] {processor.py:914} INFO - Processing file /opt/airflow/dags/ingestion_pipelines_dag.py for tasks to queue
[2026-09-10T08:01:53.661+0000] {logging_mixin.py:190} INFO - [2026-09-10T08:01:53.640+0000] {dagbag.py:588} INFO - Filling up the DagBag from /opt/airflow/dags/ingestion_pipelines_dag.py
[2026-09-10T08:01:53.925+0000] {processor.py:925} INFO - DAG(s) 'datalake_ingestion_pipelines' retrieved from /opt/airflow/dags/ingestion_pipelines_dag.py
[2026-09-10T08:01:54.942+0000] {logging_mixin.py:190} INFO - [2026-09-10T08:01:54.941+0000] {dag.py:3239} INFO - Sync 1 DAGs
[2026-09-10T08:01:55.148+0000] {processor.py:208} INFO - Processing /opt/airflow/dags/ingestion_pipelines_dag.py took 14.425 seconds
[2026-09-10T08:02:25.614+0000] {processor.py:186} INFO - Started process (PID=334) to work on /opt/airflow/dags/ingestion_pipelines_dag.py
[2026-09-10T08:02:25.616+0000] {processor.py:914} INFO - Processing file /opt/airflow/dags/ingestion_pipelines_dag.py for tasks to queue
[2026-09-10T08:02:25.623+0000] {logging_mixin.py:190} INFO - [2026-09-10T08:02:25.619+0000] {dagbag.py:588} INFO - Filling up the DagBag from /opt/airflow/dags/ingestion_pipelines_dag.py
[2026-09-10T08:02:25.692+0000] {processor.py:925} INFO - DAG(s) 'datalake_ingestion_pipelines' retrieved from /opt/airflow/dags/ingestion_pipelines_dag.py
[2026-09-10T08:02:25.813+0000] {logging_mixin.py:190} INFO - [2026-09-10T08:02:25.812+0000] {dag.py:3239} INFO - Sync 1 DAGs
[2026-09-10T08:02:25.931+0000] {processor.py:208} INFO - Processing /opt/airflow/dags/ingestion_pipelines_dag.py took 0.334 seconds
[2026-09-10T08:02:56.392+0000] {processor.py:186} INFO - Started process (PID=340) to work on /opt/airflow/dags/ingestion_pipelines_dag.py
[2026-09-10T08:02:56.394+0000] {processor.py:914} INFO - Processing file /opt/airflow/dags/ingestion_pipelines_dag.py for tasks to queue
[2026-09-10T08:02:56.398+0000] {logging_mixin.py:190} INFO - [2026-09-10T08:02:56.396+0000] {dagbag.py:588} INFO - Filling up the DagBag from /opt/airflow/dags/ingestion_pipelines_dag.py
[2026-09-10T08:02:56.462+0000] {processor.py:925} INFO - DAG(s) 'datalake_ingestion_pipelines' retrieved from /opt/airflow/dags/ingestion_pipelines_dag.py
[2026-09-10T08:02:56.624+0000] {logging_mixin.py:190} INFO - [2026-09-10T08:02:56.624+0000] {dag.py:3239} INFO - Sync 1 DAGs
[2026-09-10T08:02:56.712+0000] {processor.py:208} INFO - Processing /opt/airflow/dags/ingestion_pipelines_dag.py took 0.333 seconds
[2026-09-10T08:03:27.131+0000] {processor.py:186} INFO - Started process (PID=353) to work on /opt/airflow/dags/ingestion_pipelines_dag.py
[2026-09-10T08:03:27.133+0000] {processor.py:914} INFO - Processing file /opt/airflow/dags/ingestion_pipelines_dag.py for tasks to queue
[2026-09-10T08:03:27.140+0000] {logging_mixin.py:190} INFO - [2026-09-10T08:03:27.135+0000] {dagbag.py:588} INFO - Filling up the DagBag from /opt/airflow/dags/ingestion_pipelines_dag.py
[2026-09-10T08:03:27.229+0000] {processor.py:925} INFO - DAG(s) 'datalake_ingestion_pipelines' retrieved from /opt/airflow/dags/ingestion_pipelines_dag.py
[2026-09-10T08:03:27.355+0000] {logging_mixin.py:190} INFO - [2026-09-10T08:03:27.355+0000] {dag.py:3239} INFO - Sync 1 DAGs
[2026-09-10T08:03:27.409+0000] {processor.py:208} INFO - Processing /opt/airflow/dags/ingestion_pipelines_dag.py took 0.292 seconds
[2026-09-10T08:03:57.902+0000] {processor.py:186} INFO - Started process (PID=366) to work on /opt/airflow/dags/ingestion_pipelines_dag.py
[2026-09-10T08:03:57.903+0000] {processor.py:914} INFO - Processing file /opt/airflow/dags/ingestion_pipelines_dag.py for tasks to queue
[2026-09-10T08:03:57.907+0000] {logging_mixin.py:190} INFO - [2026-09-10T08:03:57.905+0000] {dagbag.py:588} INFO - Filling up the DagBag from /opt/airflow/dags/ingestion_pipelines_dag.py
[2026-09-10T08:03:57.973+0000] {processor.py:925} INFO - DAG(s) 'datalake_ingestion_pipelines' retrieved from /opt/airflow/dags/ingestion_pipelines_dag.py
[2026-09-10T08:03:58.075+0000] {logging_mixin.py:190} INFO - [2026-09-10T08:03:58.075+0000] {dag.py:3239} INFO - Sync 1 DAGs
[2026-09-10T08:03:58.143+0000] {processor.py:208} INFO - Processing /opt/airflow/dags/ingestion_pipelines_dag.py took 0.257 seconds
[2026-09-10T08:04:28.337+0000] {processor.py:186} INFO - Started process (PID=380) to work on /opt/airflow/dags/ingestion_pipelines_dag.py
[2026-09-10T08:04:28.339+0000] {processor.py:914} INFO - Processing file /opt/airflow/dags/ingestion_pipelines_dag.py for tasks to queue
[2026-09-10T08:04:28.346+0000] {logging_mixin.py:190} INFO - [2026-09-10T08:04:28.341+0000] {dagbag.py:588} INFO - Filling up the DagBag from /opt/airflow/dags/ingestion_pipelines_dag.py
[2026-09-10T08:04:28.413+0000] {processor.py:925} INFO - DAG(s) 'datalake_ingestion_pipelines' retrieved from /opt/airflow/dags/ingestion_pipelines_dag.py
[2026-09-10T08:04:28.497+0000] {logging_mixin.py:190} INFO - [2026-09-10T08:04:28.496+0000] {dag.py:3239} INFO - Sync 1 DAGs
[2026-09-10T08:04:28.559+0000] {processor.py:208} INFO - Processing /opt/airflow/dags/ingestion_pipelines_dag.py took 0.235 seconds
[2026-09-10T08:04:59.039+0000] {processor.py:186} INFO - Started process (PID=393) to work on /opt/airflow/dags/ingestion_pipelines_dag.py
[2026-09-10T08:04:59.058+0000] {processor.py:914} INFO - Processing file /opt/airflow/dags/ingestion_pipelines_dag.py for tasks to queue
[2026-09-10T08:04:59.063+0000] {logging_mixin.py:190} INFO - [2026-09-10T08:04:59.061+0000] {dagbag.py:588} INFO - Filling up the DagBag from /opt/airflow/dags/ingestion_pipelines_dag.py
[2026-09-10T08:04:59.163+0000] {processor.py:925} INFO - DAG(s) 'datalake_ingestion_pipelines' retrieved from /opt/airflow/dags/ingestion_pipelines_dag.py
[2026-09-10T08:04:59.260+0000] {logging_mixin.py:190} INFO - [2026-09-10T08:04:59.259+0000] {dag.py:3239} INFO - Sync 1 DAGs
[2026-09-10T08:04:59.334+0000] {processor.py:208} INFO - Processing /opt/airflow/dags/ingestion_pipelines_dag.py took 0.386 seconds
[2026-09-10T08:05:29.757+0000] {processor.py:186} INFO - Started process (PID=405) to work on /opt/airflow/dags/ingestion_pipelines_dag.py
[2026-09-10T08:05:29.758+0000] {processor.py:914} INFO - Processing file /opt/airflow/dags/ingestion_pipelines_dag.py for tasks to queue
[2026-09-10T08:05:29.760+0000] {logging_mixin.py:190} INFO - [2026-09-10T08:05:29.759+0000] {dagbag.py:588} INFO - Filling up the DagBag from /opt/airflow/dags/ingestion_pipelines_dag.py
[2026-09-10T08:05:29.790+0000] {processor.py:925} INFO - DAG(s) 'datalake_ingestion_pipelines' retrieved from /opt/airflow/dags/ingestion_pipelines_dag.py
[2026-09-10T08:05:29.878+0000] {logging_mixin.py:190} INFO - [2026-09-10T08:05:29.878+0000] {dag.py:3239} INFO - Sync 1 DAGs
[2026-09-10T08:05:29.943+0000] {processor.py:208} INFO - Processing /opt/airflow/dags/ingestion_pipelines_dag.py took 0.194 seconds
[2026-09-10T08:06:00.139+0000] {processor.py:186} INFO - Started process (PID=411) to work on /opt/airflow/dags/ingestion_pipelines_dag.py
[2026-09-10T08:06:00.141+0000] {processor.py:914} INFO - Processing file /opt/airflow/dags/ingestion_pipelines_dag.py for tasks to queue
[2026-09-10T08:06:00.146+0000] {logging_mixin.py:190} INFO - [2026-09-10T08:06:00.143+0000] {dagbag.py:588} INFO - Filling up the DagBag from /opt/airflow/dags/ingestion_pipelines_dag.py
[2026-09-10T08:06:00.210+0000] {processor.py:925} INFO - DAG(s) 'datalake_ingestion_pipelines' retrieved from /opt/airflow/dags/ingestion_pipelines_dag.py
[2026-09-10T08:06:00.320+0000] {logging_mixin.py:190} INFO - [2026-09-10T08:06:00.320+0000] {dag.py:3239} INFO - Sync 1 DAGs
[2026-09-10T08:06:00.390+0000] {processor.py:208} INFO - Processing /opt/airflow/dags/ingestion_pipelines_dag.py took 0.269 seconds
[2026-09-10T08:06:30.867+0000] {processor.py:186} INFO - Started process (PID=424) to work on /opt/airflow/dags/ingestion_pipelines_dag.py
[2026-09-10T08:06:30.869+0000] {processor.py:914} INFO - Processing file /opt/airflow/dags/ingestion_pipelines_dag.py for tasks to queue
[2026-09-10T08:06:30.873+0000] {logging_mixin.py:190} INFO - [2026-09-10T08:06:30.871+0000] {dagbag.py:588} INFO - Filling up the DagBag from /opt/airflow/dags/ingestion_pipelines_dag.py
[2026-09-10T08:06:30.937+0000] {processor.py:925} INFO - DAG(s) 'datalake_ingestion_pipelines' retrieved from /opt/airflow/dags/ingestion_pipelines_dag.py
[2026-09-10T08:06:31.064+0000] {logging_mixin.py:190} INFO - [2026-09-10T08:06:31.064+0000] {dag.py:3239} INFO - Sync 1 DAGs
[2026-09-10T08:06:31.120+0000] {processor.py:208} INFO - Processing /opt/airflow/dags/ingestion_pipelines_dag.py took 0.275 seconds
[2026-09-10T08:07:01.241+0000] {processor.py:186} INFO - Started process (PID=446) to work on /opt/airflow/dags/ingestion_pipelines_dag.py
[2026-09-10T08:07:01.243+0000] {processor.py:914} INFO - Processing file /opt/airflow/dags/ingestion_pipelines_dag.py for tasks to queue
[2026-09-10T08:07:01.244+0000] {logging_mixin.py:190} INFO - [2026-09-10T08:07:01.244+0000] {dagbag.py:588} INFO - Filling up the DagBag from /opt/airflow/dags/ingestion_pipelines_dag.py
[2026-09-10T08:07:01.279+0000] {processor.py:925} INFO - DAG(s) 'datalake_ingestion_pipelines' retrieved from /opt/airflow/dags/ingestion_pipelines_dag.py
[2026-09-10T08:07:01.336+0000] {logging_mixin.py:190} INFO - [2026-09-10T08:07:01.336+0000] {dag.py:3239} INFO - Sync 1 DAGs
[2026-09-10T08:07:01.388+0000] {processor.py:208} INFO - Processing /opt/airflow/dags/ingestion_pipelines_dag.py took 0.157 seconds
[2026-09-10T08:07:32.578+0000] {processor.py:186} INFO - Started process (PID=458) to work on /opt/airflow/dags/ingestion_pipelines_dag.py
[2026-09-10T08:07:32.579+0000] {processor.py:914} INFO - Processing file /opt/airflow/dags/ingestion_pipelines_dag.py for tasks to queue
[2026-09-10T08:07:32.584+0000] {logging_mixin.py:190} INFO - [2026-09-10T08:07:32.582+0000] {dagbag.py:588} INFO - Filling up the DagBag from /opt/airflow/dags/ingestion_pipelines_dag.py
[2026-09-10T08:07:32.656+0000] {processor.py:925} INFO - DAG(s) 'datalake_ingestion_pipelines' retrieved from /opt/airflow/dags/ingestion_pipelines_dag.py
[2026-09-10T08:08:03.858+0000] {processor.py:211} ERROR - Got an exception! Propagating...
Traceback (most recent call last):
  File "/home/airflow/.local/lib/python3.12/site-packages/sqlalchemy/engine/base.py", line 3371, in _wrap_pool_connect
    return fn()
           ^^^^
  File "/home/airflow/.local/lib/python3.12/site-packages/sqlalchemy/pool/base.py", line 327, in connect
    return _ConnectionFairy._checkout(self)
           ^^^^^^^^^^^^^^^^^^^^^^^^^^^^^^^^
  File "/home/airflow/.local/lib/python3.12/site-packages/sqlalchemy/pool/base.py", line 894, in _checkout
    fairy = _ConnectionRecord.checkout(pool)
            ^^^^^^^^^^^^^^^^^^^^^^^^^^^^^^^^
  File "/home/airflow/.local/lib/python3.12/site-packages/sqlalchemy/pool/base.py", line 493, in checkout
    rec = pool._do_get()
          ^^^^^^^^^^^^^^
  File "/home/airflow/.local/lib/python3.12/site-packages/sqlalchemy/pool/impl.py", line 145, in _do_get
    with util.safe_reraise():
         ^^^^^^^^^^^^^^^^^^^
  File "/home/airflow/.local/lib/python3.12/site-packages/sqlalchemy/util/langhelpers.py", line 70, in __exit__
    compat.raise_(
  File "/home/airflow/.local/lib/python3.12/site-packages/sqlalchemy/util/compat.py", line 211, in raise_
    raise exception
  File "/home/airflow/.local/lib/python3.12/site-packages/sqlalchemy/pool/impl.py", line 143, in _do_get
    return self._create_connection()
           ^^^^^^^^^^^^^^^^^^^^^^^^^
  File "/home/airflow/.local/lib/python3.12/site-packages/sqlalchemy/pool/base.py", line 273, in _create_connection
    return _ConnectionRecord(self)
           ^^^^^^^^^^^^^^^^^^^^^^^
  File "/home/airflow/.local/lib/python3.12/site-packages/sqlalchemy/pool/base.py", line 388, in __init__
    self.__connect()
  File "/home/airflow/.local/lib/python3.12/site-packages/sqlalchemy/pool/base.py", line 690, in __connect
    with util.safe_reraise():
         ^^^^^^^^^^^^^^^^^^^
  File "/home/airflow/.local/lib/python3.12/site-packages/sqlalchemy/util/langhelpers.py", line 70, in __exit__
    compat.raise_(
  File "/home/airflow/.local/lib/python3.12/site-packages/sqlalchemy/util/compat.py", line 211, in raise_
    raise exception
  File "/home/airflow/.local/lib/python3.12/site-packages/sqlalchemy/pool/base.py", line 686, in __connect
    self.dbapi_connection = connection = pool._invoke_creator(self)
                                         ^^^^^^^^^^^^^^^^^^^^^^^^^^
  File "/home/airflow/.local/lib/python3.12/site-packages/sqlalchemy/engine/create.py", line 574, in connect
    return dialect.connect(*cargs, **cparams)
           ^^^^^^^^^^^^^^^^^^^^^^^^^^^^^^^^^^
  File "/home/airflow/.local/lib/python3.12/site-packages/sqlalchemy/engine/default.py", line 598, in connect
    return self.dbapi.connect(*cargs, **cparams)
           ^^^^^^^^^^^^^^^^^^^^^^^^^^^^^^^^^^^^^
  File "/home/airflow/.local/lib/python3.12/site-packages/psycopg2/__init__.py", line 122, in connect
    conn = _connect(dsn, connection_factory=connection_factory, **kwasync)
           ^^^^^^^^^^^^^^^^^^^^^^^^^^^^^^^^^^^^^^^^^^^^^^^^^^^^^^^^^^^^^^^
psycopg2.OperationalError: could not translate host name "postgres" to address: Temporary failure in name resolution


The above exception was the direct cause of the following exception:

Traceback (most recent call last):
  File "/home/airflow/.local/lib/python3.12/site-packages/airflow/dag_processing/processor.py", line 207, in _run_file_processor
    _handle_dag_file_processing()
  File "/home/airflow/.local/lib/python3.12/site-packages/airflow/dag_processing/processor.py", line 188, in _handle_dag_file_processing
    result: tuple[int, int, int] = dag_file_processor.process_file(
                                   ^^^^^^^^^^^^^^^^^^^^^^^^^^^^^^^^
  File "/home/airflow/.local/lib/python3.12/site-packages/airflow/utils/session.py", line 97, in wrapper
    return func(*args, session=session, **kwargs)
           ^^^^^^^^^^^^^^^^^^^^^^^^^^^^^^^^^^^^^^
  File "/home/airflow/.local/lib/python3.12/site-packages/airflow/dag_processing/processor.py", line 942, in process_file
    serialize_errors = DagFileProcessor.save_dag_to_db(
                       ^^^^^^^^^^^^^^^^^^^^^^^^^^^^^^^^
  File "/home/airflow/.local/lib/python3.12/site-packages/airflow/api_internal/internal_api_call.py", line 166, in wrapper
    return func(*args, **kwargs)
           ^^^^^^^^^^^^^^^^^^^^^
  File "/home/airflow/.local/lib/python3.12/site-packages/airflow/utils/session.py", line 97, in wrapper
    return func(*args, session=session, **kwargs)
           ^^^^^^^^^^^^^^^^^^^^^^^^^^^^^^^^^^^^^^
  File "/home/airflow/.local/lib/python3.12/site-packages/airflow/dag_processing/processor.py", line 982, in save_dag_to_db
    import_errors = DagBag._sync_to_db(dags=dags, processor_subdir=dag_directory, session=session)
                    ^^^^^^^^^^^^^^^^^^^^^^^^^^^^^^^^^^^^^^^^^^^^^^^^^^^^^^^^^^^^^^^^^^^^^^^^^^^^^^
  File "/home/airflow/.local/lib/python3.12/site-packages/airflow/utils/session.py", line 94, in wrapper
    return func(*args, **kwargs)
           ^^^^^^^^^^^^^^^^^^^^^
  File "/home/airflow/.local/lib/python3.12/site-packages/airflow/models/dagbag.py", line 708, in _sync_to_db
    for attempt in run_with_db_retries(logger=log):
                   ^^^^^^^^^^^^^^^^^^^^^^^^^^^^^^^
  File "/home/airflow/.local/lib/python3.12/site-packages/tenacity/__init__.py", line 443, in __iter__
    do = self.iter(retry_state=retry_state)
         ^^^^^^^^^^^^^^^^^^^^^^^^^^^^^^^^^^
  File "/home/airflow/.local/lib/python3.12/site-packages/tenacity/__init__.py", line 376, in iter
    result = action(retry_state)
             ^^^^^^^^^^^^^^^^^^^
  File "/home/airflow/.local/lib/python3.12/site-packages/tenacity/__init__.py", line 418, in exc_check
    raise retry_exc.reraise()
          ^^^^^^^^^^^^^^^^^^^
  File "/home/airflow/.local/lib/python3.12/site-packages/tenacity/__init__.py", line 185, in reraise
    raise self.last_attempt.result()
          ^^^^^^^^^^^^^^^^^^^^^^^^^^
  File "/usr/local/lib/python3.12/concurrent/futures/_base.py", line 449, in result
    return self.__get_result()
           ^^^^^^^^^^^^^^^^^^^
  File "/usr/local/lib/python3.12/concurrent/futures/_base.py", line 401, in __get_result
    raise self._exception
  File "/home/airflow/.local/lib/python3.12/site-packages/airflow/models/dagbag.py", line 721, in _sync_to_db
    _serialize_dag_capturing_errors(dag, session, processor_subdir)
  File "/home/airflow/.local/lib/python3.12/site-packages/airflow/models/dagbag.py", line 686, in _serialize_dag_capturing_errors
    dag_was_updated = SerializedDagModel.write_dag(
                      ^^^^^^^^^^^^^^^^^^^^^^^^^^^^^
  File "/home/airflow/.local/lib/python3.12/site-packages/airflow/utils/session.py", line 94, in wrapper
    return func(*args, **kwargs)
           ^^^^^^^^^^^^^^^^^^^^^
  File "/home/airflow/.local/lib/python3.12/site-packages/airflow/models/serialized_dag.py", line 160, in write_dag
    if session.scalar(
       ^^^^^^^^^^^^^^^
  File "/home/airflow/.local/lib/python3.12/site-packages/sqlalchemy/orm/session.py", line 1747, in scalar
    return self.execute(
           ^^^^^^^^^^^^^
  File "/home/airflow/.local/lib/python3.12/site-packages/sqlalchemy/orm/session.py", line 1716, in execute
    conn = self._connection_for_bind(bind)
           ^^^^^^^^^^^^^^^^^^^^^^^^^^^^^^^
  File "/home/airflow/.local/lib/python3.12/site-packages/sqlalchemy/orm/session.py", line 1555, in _connection_for_bind
    return self._transaction._connection_for_bind(
           ^^^^^^^^^^^^^^^^^^^^^^^^^^^^^^^^^^^^^^^
  File "/home/airflow/.local/lib/python3.12/site-packages/sqlalchemy/orm/session.py", line 750, in _connection_for_bind
    conn = bind.connect()
           ^^^^^^^^^^^^^^
  File "/home/airflow/.local/lib/python3.12/site-packages/sqlalchemy/future/engine.py", line 412, in connect
    return super(Engine, self).connect()
           ^^^^^^^^^^^^^^^^^^^^^^^^^^^^^
  File "/home/airflow/.local/lib/python3.12/site-packages/sqlalchemy/engine/base.py", line 3325, in connect
    return self._connection_cls(self, close_with_result=close_with_result)
           ^^^^^^^^^^^^^^^^^^^^^^^^^^^^^^^^^^^^^^^^^^^^^^^^^^^^^^^^^^^^^^^
  File "/home/airflow/.local/lib/python3.12/site-packages/sqlalchemy/engine/base.py", line 96, in __init__
    else engine.raw_connection()
         ^^^^^^^^^^^^^^^^^^^^^^^
  File "/home/airflow/.local/lib/python3.12/site-packages/sqlalchemy/engine/base.py", line 3404, in raw_connection
    return self._wrap_pool_connect(self.pool.connect, _connection)
           ^^^^^^^^^^^^^^^^^^^^^^^^^^^^^^^^^^^^^^^^^^^^^^^^^^^^^^^
  File "/home/airflow/.local/lib/python3.12/site-packages/sqlalchemy/engine/base.py", line 3374, in _wrap_pool_connect
    Connection._handle_dbapi_exception_noconnection(
  File "/home/airflow/.local/lib/python3.12/site-packages/sqlalchemy/engine/base.py", line 2208, in _handle_dbapi_exception_noconnection
    util.raise_(
  File "/home/airflow/.local/lib/python3.12/site-packages/sqlalchemy/util/compat.py", line 211, in raise_
    raise exception
  File "/home/airflow/.local/lib/python3.12/site-packages/sqlalchemy/engine/base.py", line 3371, in _wrap_pool_connect
    return fn()
           ^^^^
  File "/home/airflow/.local/lib/python3.12/site-packages/sqlalchemy/pool/base.py", line 327, in connect
    return _ConnectionFairy._checkout(self)
           ^^^^^^^^^^^^^^^^^^^^^^^^^^^^^^^^
  File "/home/airflow/.local/lib/python3.12/site-packages/sqlalchemy/pool/base.py", line 894, in _checkout
    fairy = _ConnectionRecord.checkout(pool)
            ^^^^^^^^^^^^^^^^^^^^^^^^^^^^^^^^
  File "/home/airflow/.local/lib/python3.12/site-packages/sqlalchemy/pool/base.py", line 493, in checkout
    rec = pool._do_get()
          ^^^^^^^^^^^^^^
  File "/home/airflow/.local/lib/python3.12/site-packages/sqlalchemy/pool/impl.py", line 145, in _do_get
    with util.safe_reraise():
         ^^^^^^^^^^^^^^^^^^^
  File "/home/airflow/.local/lib/python3.12/site-packages/sqlalchemy/util/langhelpers.py", line 70, in __exit__
    compat.raise_(
  File "/home/airflow/.local/lib/python3.12/site-packages/sqlalchemy/util/compat.py", line 211, in raise_
    raise exception
  File "/home/airflow/.local/lib/python3.12/site-packages/sqlalchemy/pool/impl.py", line 143, in _do_get
    return self._create_connection()
           ^^^^^^^^^^^^^^^^^^^^^^^^^
  File "/home/airflow/.local/lib/python3.12/site-packages/sqlalchemy/pool/base.py", line 273, in _create_connection
    return _ConnectionRecord(self)
           ^^^^^^^^^^^^^^^^^^^^^^^
  File "/home/airflow/.local/lib/python3.12/site-packages/sqlalchemy/pool/base.py", line 388, in __init__
    self.__connect()
  File "/home/airflow/.local/lib/python3.12/site-packages/sqlalchemy/pool/base.py", line 690, in __connect
    with util.safe_reraise():
         ^^^^^^^^^^^^^^^^^^^
  File "/home/airflow/.local/lib/python3.12/site-packages/sqlalchemy/util/langhelpers.py", line 70, in __exit__
    compat.raise_(
  File "/home/airflow/.local/lib/python3.12/site-packages/sqlalchemy/util/compat.py", line 211, in raise_
    raise exception
  File "/home/airflow/.local/lib/python3.12/site-packages/sqlalchemy/pool/base.py", line 686, in __connect
    self.dbapi_connection = connection = pool._invoke_creator(self)
                                         ^^^^^^^^^^^^^^^^^^^^^^^^^^
  File "/home/airflow/.local/lib/python3.12/site-packages/sqlalchemy/engine/create.py", line 574, in connect
    return dialect.connect(*cargs, **cparams)
           ^^^^^^^^^^^^^^^^^^^^^^^^^^^^^^^^^^
  File "/home/airflow/.local/lib/python3.12/site-packages/sqlalchemy/engine/default.py", line 598, in connect
    return self.dbapi.connect(*cargs, **cparams)
           ^^^^^^^^^^^^^^^^^^^^^^^^^^^^^^^^^^^^^
  File "/home/airflow/.local/lib/python3.12/site-packages/psycopg2/__init__.py", line 122, in connect
    conn = _connect(dsn, connection_factory=connection_factory, **kwasync)
           ^^^^^^^^^^^^^^^^^^^^^^^^^^^^^^^^^^^^^^^^^^^^^^^^^^^^^^^^^^^^^^^
sqlalchemy.exc.OperationalError: (psycopg2.OperationalError) could not translate host name "postgres" to address: Temporary failure in name resolution

(Background on this error at: https://sqlalche.me/e/14/e3q8)
[2026-09-10T08:08:52.468+0000] {processor.py:186} INFO - Started process (PID=464) to work on /opt/airflow/dags/ingestion_pipelines_dag.py
[2026-09-10T08:08:52.522+0000] {processor.py:914} INFO - Processing file /opt/airflow/dags/ingestion_pipelines_dag.py for tasks to queue
[2026-09-10T08:09:13.632+0000] {logging_mixin.py:190} INFO - [2026-09-10T08:09:01.994+0000] {dagbag.py:588} INFO - Filling up the DagBag from /opt/airflow/dags/ingestion_pipelines_dag.py
[2026-09-10T08:09:13.784+0000] {processor.py:925} INFO - DAG(s) 'datalake_ingestion_pipelines' retrieved from /opt/airflow/dags/ingestion_pipelines_dag.py
[2026-09-10T08:09:18.680+0000] {logging_mixin.py:190} INFO - [2026-09-10T08:09:18.680+0000] {dag.py:3239} INFO - Sync 1 DAGs
[2026-09-10T08:09:18.780+0000] {processor.py:208} INFO - Processing /opt/airflow/dags/ingestion_pipelines_dag.py took 39.367 seconds
[2026-09-10T08:09:49.721+0000] {processor.py:186} INFO - Started process (PID=470) to work on /opt/airflow/dags/ingestion_pipelines_dag.py
[2026-09-10T08:09:49.737+0000] {processor.py:914} INFO - Processing file /opt/airflow/dags/ingestion_pipelines_dag.py for tasks to queue
[2026-09-10T08:09:49.745+0000] {logging_mixin.py:190} INFO - [2026-09-10T08:09:49.740+0000] {dagbag.py:588} INFO - Filling up the DagBag from /opt/airflow/dags/ingestion_pipelines_dag.py
[2026-09-10T08:09:50.756+0000] {processor.py:925} INFO - DAG(s) 'datalake_ingestion_pipelines' retrieved from /opt/airflow/dags/ingestion_pipelines_dag.py
[2026-09-10T08:10:21.430+0000] {processor.py:211} ERROR - Got an exception! Propagating...
Traceback (most recent call last):
  File "/home/airflow/.local/lib/python3.12/site-packages/sqlalchemy/engine/base.py", line 3371, in _wrap_pool_connect
    return fn()
           ^^^^
  File "/home/airflow/.local/lib/python3.12/site-packages/sqlalchemy/pool/base.py", line 327, in connect
    return _ConnectionFairy._checkout(self)
           ^^^^^^^^^^^^^^^^^^^^^^^^^^^^^^^^
  File "/home/airflow/.local/lib/python3.12/site-packages/sqlalchemy/pool/base.py", line 894, in _checkout
    fairy = _ConnectionRecord.checkout(pool)
            ^^^^^^^^^^^^^^^^^^^^^^^^^^^^^^^^
  File "/home/airflow/.local/lib/python3.12/site-packages/sqlalchemy/pool/base.py", line 493, in checkout
    rec = pool._do_get()
          ^^^^^^^^^^^^^^
  File "/home/airflow/.local/lib/python3.12/site-packages/sqlalchemy/pool/impl.py", line 145, in _do_get
    with util.safe_reraise():
         ^^^^^^^^^^^^^^^^^^^
  File "/home/airflow/.local/lib/python3.12/site-packages/sqlalchemy/util/langhelpers.py", line 70, in __exit__
    compat.raise_(
  File "/home/airflow/.local/lib/python3.12/site-packages/sqlalchemy/util/compat.py", line 211, in raise_
    raise exception
  File "/home/airflow/.local/lib/python3.12/site-packages/sqlalchemy/pool/impl.py", line 143, in _do_get
    return self._create_connection()
           ^^^^^^^^^^^^^^^^^^^^^^^^^
  File "/home/airflow/.local/lib/python3.12/site-packages/sqlalchemy/pool/base.py", line 273, in _create_connection
    return _ConnectionRecord(self)
           ^^^^^^^^^^^^^^^^^^^^^^^
  File "/home/airflow/.local/lib/python3.12/site-packages/sqlalchemy/pool/base.py", line 388, in __init__
    self.__connect()
  File "/home/airflow/.local/lib/python3.12/site-packages/sqlalchemy/pool/base.py", line 690, in __connect
    with util.safe_reraise():
         ^^^^^^^^^^^^^^^^^^^
  File "/home/airflow/.local/lib/python3.12/site-packages/sqlalchemy/util/langhelpers.py", line 70, in __exit__
    compat.raise_(
  File "/home/airflow/.local/lib/python3.12/site-packages/sqlalchemy/util/compat.py", line 211, in raise_
    raise exception
  File "/home/airflow/.local/lib/python3.12/site-packages/sqlalchemy/pool/base.py", line 686, in __connect
    self.dbapi_connection = connection = pool._invoke_creator(self)
                                         ^^^^^^^^^^^^^^^^^^^^^^^^^^
  File "/home/airflow/.local/lib/python3.12/site-packages/sqlalchemy/engine/create.py", line 574, in connect
    return dialect.connect(*cargs, **cparams)
           ^^^^^^^^^^^^^^^^^^^^^^^^^^^^^^^^^^
  File "/home/airflow/.local/lib/python3.12/site-packages/sqlalchemy/engine/default.py", line 598, in connect
    return self.dbapi.connect(*cargs, **cparams)
           ^^^^^^^^^^^^^^^^^^^^^^^^^^^^^^^^^^^^^
  File "/home/airflow/.local/lib/python3.12/site-packages/psycopg2/__init__.py", line 122, in connect
    conn = _connect(dsn, connection_factory=connection_factory, **kwasync)
           ^^^^^^^^^^^^^^^^^^^^^^^^^^^^^^^^^^^^^^^^^^^^^^^^^^^^^^^^^^^^^^^
psycopg2.OperationalError: could not translate host name "postgres" to address: Temporary failure in name resolution


The above exception was the direct cause of the following exception:

Traceback (most recent call last):
  File "/home/airflow/.local/lib/python3.12/site-packages/airflow/dag_processing/processor.py", line 207, in _run_file_processor
    _handle_dag_file_processing()
  File "/home/airflow/.local/lib/python3.12/site-packages/airflow/dag_processing/processor.py", line 188, in _handle_dag_file_processing
    result: tuple[int, int, int] = dag_file_processor.process_file(
                                   ^^^^^^^^^^^^^^^^^^^^^^^^^^^^^^^^
  File "/home/airflow/.local/lib/python3.12/site-packages/airflow/utils/session.py", line 97, in wrapper
    return func(*args, session=session, **kwargs)
           ^^^^^^^^^^^^^^^^^^^^^^^^^^^^^^^^^^^^^^
  File "/home/airflow/.local/lib/python3.12/site-packages/airflow/dag_processing/processor.py", line 942, in process_file
    serialize_errors = DagFileProcessor.save_dag_to_db(
                       ^^^^^^^^^^^^^^^^^^^^^^^^^^^^^^^^
  File "/home/airflow/.local/lib/python3.12/site-packages/airflow/api_internal/internal_api_call.py", line 166, in wrapper
    return func(*args, **kwargs)
           ^^^^^^^^^^^^^^^^^^^^^
  File "/home/airflow/.local/lib/python3.12/site-packages/airflow/utils/session.py", line 97, in wrapper
    return func(*args, session=session, **kwargs)
           ^^^^^^^^^^^^^^^^^^^^^^^^^^^^^^^^^^^^^^
  File "/home/airflow/.local/lib/python3.12/site-packages/airflow/dag_processing/processor.py", line 982, in save_dag_to_db
    import_errors = DagBag._sync_to_db(dags=dags, processor_subdir=dag_directory, session=session)
                    ^^^^^^^^^^^^^^^^^^^^^^^^^^^^^^^^^^^^^^^^^^^^^^^^^^^^^^^^^^^^^^^^^^^^^^^^^^^^^^
  File "/home/airflow/.local/lib/python3.12/site-packages/airflow/utils/session.py", line 94, in wrapper
    return func(*args, **kwargs)
           ^^^^^^^^^^^^^^^^^^^^^
  File "/home/airflow/.local/lib/python3.12/site-packages/airflow/models/dagbag.py", line 708, in _sync_to_db
    for attempt in run_with_db_retries(logger=log):
                   ^^^^^^^^^^^^^^^^^^^^^^^^^^^^^^^
  File "/home/airflow/.local/lib/python3.12/site-packages/tenacity/__init__.py", line 443, in __iter__
    do = self.iter(retry_state=retry_state)
         ^^^^^^^^^^^^^^^^^^^^^^^^^^^^^^^^^^
  File "/home/airflow/.local/lib/python3.12/site-packages/tenacity/__init__.py", line 376, in iter
    result = action(retry_state)
             ^^^^^^^^^^^^^^^^^^^
  File "/home/airflow/.local/lib/python3.12/site-packages/tenacity/__init__.py", line 418, in exc_check
    raise retry_exc.reraise()
          ^^^^^^^^^^^^^^^^^^^
  File "/home/airflow/.local/lib/python3.12/site-packages/tenacity/__init__.py", line 185, in reraise
    raise self.last_attempt.result()
          ^^^^^^^^^^^^^^^^^^^^^^^^^^
  File "/usr/local/lib/python3.12/concurrent/futures/_base.py", line 449, in result
    return self.__get_result()
           ^^^^^^^^^^^^^^^^^^^
  File "/usr/local/lib/python3.12/concurrent/futures/_base.py", line 401, in __get_result
    raise self._exception
  File "/home/airflow/.local/lib/python3.12/site-packages/airflow/models/dagbag.py", line 721, in _sync_to_db
    _serialize_dag_capturing_errors(dag, session, processor_subdir)
  File "/home/airflow/.local/lib/python3.12/site-packages/airflow/models/dagbag.py", line 686, in _serialize_dag_capturing_errors
    dag_was_updated = SerializedDagModel.write_dag(
                      ^^^^^^^^^^^^^^^^^^^^^^^^^^^^^
  File "/home/airflow/.local/lib/python3.12/site-packages/airflow/utils/session.py", line 94, in wrapper
    return func(*args, **kwargs)
           ^^^^^^^^^^^^^^^^^^^^^
  File "/home/airflow/.local/lib/python3.12/site-packages/airflow/models/serialized_dag.py", line 160, in write_dag
    if session.scalar(
       ^^^^^^^^^^^^^^^
  File "/home/airflow/.local/lib/python3.12/site-packages/sqlalchemy/orm/session.py", line 1747, in scalar
    return self.execute(
           ^^^^^^^^^^^^^
  File "/home/airflow/.local/lib/python3.12/site-packages/sqlalchemy/orm/session.py", line 1716, in execute
    conn = self._connection_for_bind(bind)
           ^^^^^^^^^^^^^^^^^^^^^^^^^^^^^^^
  File "/home/airflow/.local/lib/python3.12/site-packages/sqlalchemy/orm/session.py", line 1555, in _connection_for_bind
    return self._transaction._connection_for_bind(
           ^^^^^^^^^^^^^^^^^^^^^^^^^^^^^^^^^^^^^^^
  File "/home/airflow/.local/lib/python3.12/site-packages/sqlalchemy/orm/session.py", line 750, in _connection_for_bind
    conn = bind.connect()
           ^^^^^^^^^^^^^^
  File "/home/airflow/.local/lib/python3.12/site-packages/sqlalchemy/future/engine.py", line 412, in connect
    return super(Engine, self).connect()
           ^^^^^^^^^^^^^^^^^^^^^^^^^^^^^
  File "/home/airflow/.local/lib/python3.12/site-packages/sqlalchemy/engine/base.py", line 3325, in connect
    return self._connection_cls(self, close_with_result=close_with_result)
           ^^^^^^^^^^^^^^^^^^^^^^^^^^^^^^^^^^^^^^^^^^^^^^^^^^^^^^^^^^^^^^^
  File "/home/airflow/.local/lib/python3.12/site-packages/sqlalchemy/engine/base.py", line 96, in __init__
    else engine.raw_connection()
         ^^^^^^^^^^^^^^^^^^^^^^^
  File "/home/airflow/.local/lib/python3.12/site-packages/sqlalchemy/engine/base.py", line 3404, in raw_connection
    return self._wrap_pool_connect(self.pool.connect, _connection)
           ^^^^^^^^^^^^^^^^^^^^^^^^^^^^^^^^^^^^^^^^^^^^^^^^^^^^^^^
  File "/home/airflow/.local/lib/python3.12/site-packages/sqlalchemy/engine/base.py", line 3374, in _wrap_pool_connect
    Connection._handle_dbapi_exception_noconnection(
  File "/home/airflow/.local/lib/python3.12/site-packages/sqlalchemy/engine/base.py", line 2208, in _handle_dbapi_exception_noconnection
    util.raise_(
  File "/home/airflow/.local/lib/python3.12/site-packages/sqlalchemy/util/compat.py", line 211, in raise_
    raise exception
  File "/home/airflow/.local/lib/python3.12/site-packages/sqlalchemy/engine/base.py", line 3371, in _wrap_pool_connect
    return fn()
           ^^^^
  File "/home/airflow/.local/lib/python3.12/site-packages/sqlalchemy/pool/base.py", line 327, in connect
    return _ConnectionFairy._checkout(self)
           ^^^^^^^^^^^^^^^^^^^^^^^^^^^^^^^^
  File "/home/airflow/.local/lib/python3.12/site-packages/sqlalchemy/pool/base.py", line 894, in _checkout
    fairy = _ConnectionRecord.checkout(pool)
            ^^^^^^^^^^^^^^^^^^^^^^^^^^^^^^^^
  File "/home/airflow/.local/lib/python3.12/site-packages/sqlalchemy/pool/base.py", line 493, in checkout
    rec = pool._do_get()
          ^^^^^^^^^^^^^^
  File "/home/airflow/.local/lib/python3.12/site-packages/sqlalchemy/pool/impl.py", line 145, in _do_get
    with util.safe_reraise():
         ^^^^^^^^^^^^^^^^^^^
  File "/home/airflow/.local/lib/python3.12/site-packages/sqlalchemy/util/langhelpers.py", line 70, in __exit__
    compat.raise_(
  File "/home/airflow/.local/lib/python3.12/site-packages/sqlalchemy/util/compat.py", line 211, in raise_
    raise exception
  File "/home/airflow/.local/lib/python3.12/site-packages/sqlalchemy/pool/impl.py", line 143, in _do_get
    return self._create_connection()
           ^^^^^^^^^^^^^^^^^^^^^^^^^
  File "/home/airflow/.local/lib/python3.12/site-packages/sqlalchemy/pool/base.py", line 273, in _create_connection
    return _ConnectionRecord(self)
           ^^^^^^^^^^^^^^^^^^^^^^^
  File "/home/airflow/.local/lib/python3.12/site-packages/sqlalchemy/pool/base.py", line 388, in __init__
    self.__connect()
  File "/home/airflow/.local/lib/python3.12/site-packages/sqlalchemy/pool/base.py", line 690, in __connect
    with util.safe_reraise():
         ^^^^^^^^^^^^^^^^^^^
  File "/home/airflow/.local/lib/python3.12/site-packages/sqlalchemy/util/langhelpers.py", line 70, in __exit__
    compat.raise_(
  File "/home/airflow/.local/lib/python3.12/site-packages/sqlalchemy/util/compat.py", line 211, in raise_
    raise exception
  File "/home/airflow/.local/lib/python3.12/site-packages/sqlalchemy/pool/base.py", line 686, in __connect
    self.dbapi_connection = connection = pool._invoke_creator(self)
                                         ^^^^^^^^^^^^^^^^^^^^^^^^^^
  File "/home/airflow/.local/lib/python3.12/site-packages/sqlalchemy/engine/create.py", line 574, in connect
    return dialect.connect(*cargs, **cparams)
           ^^^^^^^^^^^^^^^^^^^^^^^^^^^^^^^^^^
  File "/home/airflow/.local/lib/python3.12/site-packages/sqlalchemy/engine/default.py", line 598, in connect
    return self.dbapi.connect(*cargs, **cparams)
           ^^^^^^^^^^^^^^^^^^^^^^^^^^^^^^^^^^^^^
  File "/home/airflow/.local/lib/python3.12/site-packages/psycopg2/__init__.py", line 122, in connect
    conn = _connect(dsn, connection_factory=connection_factory, **kwasync)
           ^^^^^^^^^^^^^^^^^^^^^^^^^^^^^^^^^^^^^^^^^^^^^^^^^^^^^^^^^^^^^^^
sqlalchemy.exc.OperationalError: (psycopg2.OperationalError) could not translate host name "postgres" to address: Temporary failure in name resolution

(Background on this error at: https://sqlalche.me/e/14/e3q8)
[2026-09-10T08:10:54.442+0000] {processor.py:186} INFO - Started process (PID=475) to work on /opt/airflow/dags/ingestion_pipelines_dag.py
[2026-09-10T08:10:54.477+0000] {processor.py:914} INFO - Processing file /opt/airflow/dags/ingestion_pipelines_dag.py for tasks to queue
[2026-09-10T08:10:54.547+0000] {logging_mixin.py:190} INFO - [2026-09-10T08:10:54.529+0000] {dagbag.py:588} INFO - Filling up the DagBag from /opt/airflow/dags/ingestion_pipelines_dag.py
[2026-09-10T08:10:55.875+0000] {processor.py:925} INFO - DAG(s) 'datalake_ingestion_pipelines' retrieved from /opt/airflow/dags/ingestion_pipelines_dag.py
[2026-09-10T08:13:43.521+0000] {processor.py:186} INFO - Started process (PID=478) to work on /opt/airflow/dags/ingestion_pipelines_dag.py
[2026-09-10T08:13:44.205+0000] {processor.py:914} INFO - Processing file /opt/airflow/dags/ingestion_pipelines_dag.py for tasks to queue
[2026-09-10T08:13:46.237+0000] {logging_mixin.py:190} INFO - [2026-09-10T08:13:45.520+0000] {dagbag.py:588} INFO - Filling up the DagBag from /opt/airflow/dags/ingestion_pipelines_dag.py
[2026-09-10T08:15:50.642+0000] {processor.py:925} INFO - DAG(s) 'datalake_ingestion_pipelines' retrieved from /opt/airflow/dags/ingestion_pipelines_dag.py
[2026-09-10T08:19:30.894+0000] {processor.py:186} INFO - Started process (PID=481) to work on /opt/airflow/dags/ingestion_pipelines_dag.py
[2026-09-10T08:19:30.897+0000] {processor.py:914} INFO - Processing file /opt/airflow/dags/ingestion_pipelines_dag.py for tasks to queue
[2026-09-10T08:19:30.908+0000] {logging_mixin.py:190} INFO - [2026-09-10T08:19:30.902+0000] {dagbag.py:588} INFO - Filling up the DagBag from /opt/airflow/dags/ingestion_pipelines_dag.py
[2026-09-10T08:19:31.145+0000] {processor.py:925} INFO - DAG(s) 'datalake_ingestion_pipelines' retrieved from /opt/airflow/dags/ingestion_pipelines_dag.py
[2026-09-10T08:19:31.712+0000] {logging_mixin.py:190} INFO - [2026-09-10T08:19:31.711+0000] {taskinstance.py:3313} ERROR - {'DAG Id': 'datalake_ingestion_pipelines', 'Task Id': 'run_pipeline', 'Run Id': 'scheduled__2026-09-10T07:00:00+00:00', 'Map Index': 1, 'Hostname': '00365e89777a'}
[2026-09-10T08:19:32.184+0000] {logging_mixin.py:190} INFO - [2026-09-10T08:19:32.182+0000] {taskinstance.py:1225} INFO - Marking task as UP_FOR_RETRY. dag_id=datalake_ingestion_pipelines, task_id=run_pipeline, run_id=scheduled__2026-09-10T07:00:00+00:00, map_index=1, execution_date=20260910T070000, start_date=20260910T080700, end_date=20260910T081931
[2026-09-10T08:19:32.310+0000] {logging_mixin.py:190} INFO - [2026-09-10T08:19:32.308+0000] {processor.py:876} INFO - Executed callback for <TaskInstance: datalake_ingestion_pipelines.run_pipeline scheduled__2026-09-10T07:00:00+00:00 map_index=1 [up_for_retry]> in state up_for_retry
[2026-09-10T08:19:34.927+0000] {logging_mixin.py:190} INFO - [2026-09-10T08:19:34.927+0000] {dag.py:3239} INFO - Sync 1 DAGs
[2026-09-10T08:19:34.998+0000] {processor.py:208} INFO - Processing /opt/airflow/dags/ingestion_pipelines_dag.py took 4.158 seconds
[2026-09-10T08:20:05.190+0000] {processor.py:186} INFO - Started process (PID=497) to work on /opt/airflow/dags/ingestion_pipelines_dag.py
[2026-09-10T08:20:05.192+0000] {processor.py:914} INFO - Processing file /opt/airflow/dags/ingestion_pipelines_dag.py for tasks to queue
[2026-09-10T08:20:05.196+0000] {logging_mixin.py:190} INFO - [2026-09-10T08:20:05.194+0000] {dagbag.py:588} INFO - Filling up the DagBag from /opt/airflow/dags/ingestion_pipelines_dag.py
[2026-09-10T08:20:05.245+0000] {processor.py:925} INFO - DAG(s) 'datalake_ingestion_pipelines' retrieved from /opt/airflow/dags/ingestion_pipelines_dag.py
[2026-09-10T08:20:05.373+0000] {logging_mixin.py:190} INFO - [2026-09-10T08:20:05.372+0000] {dag.py:3239} INFO - Sync 1 DAGs
[2026-09-10T08:20:05.462+0000] {processor.py:208} INFO - Processing /opt/airflow/dags/ingestion_pipelines_dag.py took 0.282 seconds
[2026-09-10T08:20:35.925+0000] {processor.py:186} INFO - Started process (PID=510) to work on /opt/airflow/dags/ingestion_pipelines_dag.py
[2026-09-10T08:20:35.928+0000] {processor.py:914} INFO - Processing file /opt/airflow/dags/ingestion_pipelines_dag.py for tasks to queue
[2026-09-10T08:20:35.931+0000] {logging_mixin.py:190} INFO - [2026-09-10T08:20:35.929+0000] {dagbag.py:588} INFO - Filling up the DagBag from /opt/airflow/dags/ingestion_pipelines_dag.py
[2026-09-10T08:20:35.984+0000] {processor.py:925} INFO - DAG(s) 'datalake_ingestion_pipelines' retrieved from /opt/airflow/dags/ingestion_pipelines_dag.py
[2026-09-10T08:20:36.111+0000] {logging_mixin.py:190} INFO - [2026-09-10T08:20:36.111+0000] {dag.py:3239} INFO - Sync 1 DAGs
[2026-09-10T08:20:36.182+0000] {processor.py:208} INFO - Processing /opt/airflow/dags/ingestion_pipelines_dag.py took 0.273 seconds
[2026-09-10T08:21:06.477+0000] {processor.py:186} INFO - Started process (PID=523) to work on /opt/airflow/dags/ingestion_pipelines_dag.py
[2026-09-10T08:21:06.479+0000] {processor.py:914} INFO - Processing file /opt/airflow/dags/ingestion_pipelines_dag.py for tasks to queue
[2026-09-10T08:21:06.488+0000] {logging_mixin.py:190} INFO - [2026-09-10T08:21:06.486+0000] {dagbag.py:588} INFO - Filling up the DagBag from /opt/airflow/dags/ingestion_pipelines_dag.py
[2026-09-10T08:21:06.551+0000] {processor.py:925} INFO - DAG(s) 'datalake_ingestion_pipelines' retrieved from /opt/airflow/dags/ingestion_pipelines_dag.py
[2026-09-10T08:21:06.708+0000] {logging_mixin.py:190} INFO - [2026-09-10T08:21:06.707+0000] {dag.py:3239} INFO - Sync 1 DAGs
[2026-09-10T08:21:06.815+0000] {processor.py:208} INFO - Processing /opt/airflow/dags/ingestion_pipelines_dag.py took 0.352 seconds
[2026-09-10T08:21:37.167+0000] {processor.py:186} INFO - Started process (PID=535) to work on /opt/airflow/dags/ingestion_pipelines_dag.py
[2026-09-10T08:21:37.169+0000] {processor.py:914} INFO - Processing file /opt/airflow/dags/ingestion_pipelines_dag.py for tasks to queue
[2026-09-10T08:21:37.172+0000] {logging_mixin.py:190} INFO - [2026-09-10T08:21:37.171+0000] {dagbag.py:588} INFO - Filling up the DagBag from /opt/airflow/dags/ingestion_pipelines_dag.py
[2026-09-10T08:21:37.222+0000] {processor.py:925} INFO - DAG(s) 'datalake_ingestion_pipelines' retrieved from /opt/airflow/dags/ingestion_pipelines_dag.py
[2026-09-10T08:21:50.172+0000] {logging_mixin.py:190} INFO - [2026-09-10T08:21:50.167+0000] {dag.py:3239} INFO - Sync 1 DAGs
[2026-09-10T08:21:50.241+0000] {processor.py:208} INFO - Processing /opt/airflow/dags/ingestion_pipelines_dag.py took 13.085 seconds
[2026-09-10T08:22:20.742+0000] {processor.py:186} INFO - Started process (PID=541) to work on /opt/airflow/dags/ingestion_pipelines_dag.py
[2026-09-10T08:22:20.744+0000] {processor.py:914} INFO - Processing file /opt/airflow/dags/ingestion_pipelines_dag.py for tasks to queue
[2026-09-10T08:22:20.747+0000] {logging_mixin.py:190} INFO - [2026-09-10T08:22:20.746+0000] {dagbag.py:588} INFO - Filling up the DagBag from /opt/airflow/dags/ingestion_pipelines_dag.py
[2026-09-10T08:22:20.793+0000] {processor.py:925} INFO - DAG(s) 'datalake_ingestion_pipelines' retrieved from /opt/airflow/dags/ingestion_pipelines_dag.py
[2026-09-10T08:22:20.928+0000] {logging_mixin.py:190} INFO - [2026-09-10T08:22:20.927+0000] {dag.py:3239} INFO - Sync 1 DAGs
[2026-09-10T08:22:20.985+0000] {processor.py:208} INFO - Processing /opt/airflow/dags/ingestion_pipelines_dag.py took 0.262 seconds
[2026-09-10T08:22:51.383+0000] {processor.py:186} INFO - Started process (PID=554) to work on /opt/airflow/dags/ingestion_pipelines_dag.py
[2026-09-10T08:22:51.387+0000] {processor.py:914} INFO - Processing file /opt/airflow/dags/ingestion_pipelines_dag.py for tasks to queue
[2026-09-10T08:22:51.393+0000] {logging_mixin.py:190} INFO - [2026-09-10T08:22:51.390+0000] {dagbag.py:588} INFO - Filling up the DagBag from /opt/airflow/dags/ingestion_pipelines_dag.py
[2026-09-10T08:22:51.459+0000] {processor.py:925} INFO - DAG(s) 'datalake_ingestion_pipelines' retrieved from /opt/airflow/dags/ingestion_pipelines_dag.py
[2026-09-10T08:22:51.572+0000] {logging_mixin.py:190} INFO - [2026-09-10T08:22:51.569+0000] {dag.py:3239} INFO - Sync 1 DAGs
[2026-09-10T08:22:51.629+0000] {processor.py:208} INFO - Processing /opt/airflow/dags/ingestion_pipelines_dag.py took 0.268 seconds
[2026-09-10T08:23:22.161+0000] {processor.py:186} INFO - Started process (PID=567) to work on /opt/airflow/dags/ingestion_pipelines_dag.py
[2026-09-10T08:23:22.165+0000] {processor.py:914} INFO - Processing file /opt/airflow/dags/ingestion_pipelines_dag.py for tasks to queue
[2026-09-10T08:23:22.170+0000] {logging_mixin.py:190} INFO - [2026-09-10T08:23:22.167+0000] {dagbag.py:588} INFO - Filling up the DagBag from /opt/airflow/dags/ingestion_pipelines_dag.py
[2026-09-10T08:23:22.262+0000] {processor.py:925} INFO - DAG(s) 'datalake_ingestion_pipelines' retrieved from /opt/airflow/dags/ingestion_pipelines_dag.py
[2026-09-10T08:23:22.412+0000] {logging_mixin.py:190} INFO - [2026-09-10T08:23:22.412+0000] {dag.py:3239} INFO - Sync 1 DAGs
[2026-09-10T08:23:22.488+0000] {processor.py:208} INFO - Processing /opt/airflow/dags/ingestion_pipelines_dag.py took 0.348 seconds
[2026-09-10T08:23:52.712+0000] {processor.py:186} INFO - Started process (PID=580) to work on /opt/airflow/dags/ingestion_pipelines_dag.py
[2026-09-10T08:23:52.717+0000] {processor.py:914} INFO - Processing file /opt/airflow/dags/ingestion_pipelines_dag.py for tasks to queue
[2026-09-10T08:23:52.722+0000] {logging_mixin.py:190} INFO - [2026-09-10T08:23:52.719+0000] {dagbag.py:588} INFO - Filling up the DagBag from /opt/airflow/dags/ingestion_pipelines_dag.py
[2026-09-10T08:23:52.783+0000] {processor.py:925} INFO - DAG(s) 'datalake_ingestion_pipelines' retrieved from /opt/airflow/dags/ingestion_pipelines_dag.py
[2026-09-10T08:23:52.909+0000] {logging_mixin.py:190} INFO - [2026-09-10T08:23:52.908+0000] {dag.py:3239} INFO - Sync 1 DAGs
[2026-09-10T08:23:52.975+0000] {processor.py:208} INFO - Processing /opt/airflow/dags/ingestion_pipelines_dag.py took 0.284 seconds
[2026-09-10T08:24:23.153+0000] {processor.py:186} INFO - Started process (PID=593) to work on /opt/airflow/dags/ingestion_pipelines_dag.py
[2026-09-10T08:24:23.156+0000] {processor.py:914} INFO - Processing file /opt/airflow/dags/ingestion_pipelines_dag.py for tasks to queue
[2026-09-10T08:24:23.160+0000] {logging_mixin.py:190} INFO - [2026-09-10T08:24:23.157+0000] {dagbag.py:588} INFO - Filling up the DagBag from /opt/airflow/dags/ingestion_pipelines_dag.py
[2026-09-10T08:24:23.217+0000] {processor.py:925} INFO - DAG(s) 'datalake_ingestion_pipelines' retrieved from /opt/airflow/dags/ingestion_pipelines_dag.py
[2026-09-10T08:24:26.548+0000] {logging_mixin.py:190} INFO - [2026-09-10T08:24:26.540+0000] {dag.py:3239} INFO - Sync 1 DAGs
[2026-09-10T08:24:27.206+0000] {processor.py:208} INFO - Processing /opt/airflow/dags/ingestion_pipelines_dag.py took 4.069 seconds
[2026-09-10T08:24:57.586+0000] {processor.py:186} INFO - Started process (PID=601) to work on /opt/airflow/dags/ingestion_pipelines_dag.py
[2026-09-10T08:24:57.589+0000] {processor.py:914} INFO - Processing file /opt/airflow/dags/ingestion_pipelines_dag.py for tasks to queue
[2026-09-10T08:24:57.592+0000] {logging_mixin.py:190} INFO - [2026-09-10T08:24:57.590+0000] {dagbag.py:588} INFO - Filling up the DagBag from /opt/airflow/dags/ingestion_pipelines_dag.py
[2026-09-10T08:24:57.675+0000] {processor.py:925} INFO - DAG(s) 'datalake_ingestion_pipelines' retrieved from /opt/airflow/dags/ingestion_pipelines_dag.py
[2026-09-10T08:25:28.959+0000] {processor.py:211} ERROR - Got an exception! Propagating...
Traceback (most recent call last):
  File "/home/airflow/.local/lib/python3.12/site-packages/sqlalchemy/engine/base.py", line 3371, in _wrap_pool_connect
    return fn()
           ^^^^
  File "/home/airflow/.local/lib/python3.12/site-packages/sqlalchemy/pool/base.py", line 327, in connect
    return _ConnectionFairy._checkout(self)
           ^^^^^^^^^^^^^^^^^^^^^^^^^^^^^^^^
  File "/home/airflow/.local/lib/python3.12/site-packages/sqlalchemy/pool/base.py", line 894, in _checkout
    fairy = _ConnectionRecord.checkout(pool)
            ^^^^^^^^^^^^^^^^^^^^^^^^^^^^^^^^
  File "/home/airflow/.local/lib/python3.12/site-packages/sqlalchemy/pool/base.py", line 493, in checkout
    rec = pool._do_get()
          ^^^^^^^^^^^^^^
  File "/home/airflow/.local/lib/python3.12/site-packages/sqlalchemy/pool/impl.py", line 145, in _do_get
    with util.safe_reraise():
         ^^^^^^^^^^^^^^^^^^^
  File "/home/airflow/.local/lib/python3.12/site-packages/sqlalchemy/util/langhelpers.py", line 70, in __exit__
    compat.raise_(
  File "/home/airflow/.local/lib/python3.12/site-packages/sqlalchemy/util/compat.py", line 211, in raise_
    raise exception
  File "/home/airflow/.local/lib/python3.12/site-packages/sqlalchemy/pool/impl.py", line 143, in _do_get
    return self._create_connection()
           ^^^^^^^^^^^^^^^^^^^^^^^^^
  File "/home/airflow/.local/lib/python3.12/site-packages/sqlalchemy/pool/base.py", line 273, in _create_connection
    return _ConnectionRecord(self)
           ^^^^^^^^^^^^^^^^^^^^^^^
  File "/home/airflow/.local/lib/python3.12/site-packages/sqlalchemy/pool/base.py", line 388, in __init__
    self.__connect()
  File "/home/airflow/.local/lib/python3.12/site-packages/sqlalchemy/pool/base.py", line 690, in __connect
    with util.safe_reraise():
         ^^^^^^^^^^^^^^^^^^^
  File "/home/airflow/.local/lib/python3.12/site-packages/sqlalchemy/util/langhelpers.py", line 70, in __exit__
    compat.raise_(
  File "/home/airflow/.local/lib/python3.12/site-packages/sqlalchemy/util/compat.py", line 211, in raise_
    raise exception
  File "/home/airflow/.local/lib/python3.12/site-packages/sqlalchemy/pool/base.py", line 686, in __connect
    self.dbapi_connection = connection = pool._invoke_creator(self)
                                         ^^^^^^^^^^^^^^^^^^^^^^^^^^
  File "/home/airflow/.local/lib/python3.12/site-packages/sqlalchemy/engine/create.py", line 574, in connect
    return dialect.connect(*cargs, **cparams)
           ^^^^^^^^^^^^^^^^^^^^^^^^^^^^^^^^^^
  File "/home/airflow/.local/lib/python3.12/site-packages/sqlalchemy/engine/default.py", line 598, in connect
    return self.dbapi.connect(*cargs, **cparams)
           ^^^^^^^^^^^^^^^^^^^^^^^^^^^^^^^^^^^^^
  File "/home/airflow/.local/lib/python3.12/site-packages/psycopg2/__init__.py", line 122, in connect
    conn = _connect(dsn, connection_factory=connection_factory, **kwasync)
           ^^^^^^^^^^^^^^^^^^^^^^^^^^^^^^^^^^^^^^^^^^^^^^^^^^^^^^^^^^^^^^^
psycopg2.OperationalError: could not translate host name "postgres" to address: Temporary failure in name resolution


The above exception was the direct cause of the following exception:

Traceback (most recent call last):
  File "/home/airflow/.local/lib/python3.12/site-packages/airflow/dag_processing/processor.py", line 207, in _run_file_processor
    _handle_dag_file_processing()
  File "/home/airflow/.local/lib/python3.12/site-packages/airflow/dag_processing/processor.py", line 188, in _handle_dag_file_processing
    result: tuple[int, int, int] = dag_file_processor.process_file(
                                   ^^^^^^^^^^^^^^^^^^^^^^^^^^^^^^^^
  File "/home/airflow/.local/lib/python3.12/site-packages/airflow/utils/session.py", line 97, in wrapper
    return func(*args, session=session, **kwargs)
           ^^^^^^^^^^^^^^^^^^^^^^^^^^^^^^^^^^^^^^
  File "/home/airflow/.local/lib/python3.12/site-packages/airflow/dag_processing/processor.py", line 942, in process_file
    serialize_errors = DagFileProcessor.save_dag_to_db(
                       ^^^^^^^^^^^^^^^^^^^^^^^^^^^^^^^^
  File "/home/airflow/.local/lib/python3.12/site-packages/airflow/api_internal/internal_api_call.py", line 166, in wrapper
    return func(*args, **kwargs)
           ^^^^^^^^^^^^^^^^^^^^^
  File "/home/airflow/.local/lib/python3.12/site-packages/airflow/utils/session.py", line 97, in wrapper
    return func(*args, session=session, **kwargs)
           ^^^^^^^^^^^^^^^^^^^^^^^^^^^^^^^^^^^^^^
  File "/home/airflow/.local/lib/python3.12/site-packages/airflow/dag_processing/processor.py", line 982, in save_dag_to_db
    import_errors = DagBag._sync_to_db(dags=dags, processor_subdir=dag_directory, session=session)
                    ^^^^^^^^^^^^^^^^^^^^^^^^^^^^^^^^^^^^^^^^^^^^^^^^^^^^^^^^^^^^^^^^^^^^^^^^^^^^^^
  File "/home/airflow/.local/lib/python3.12/site-packages/airflow/utils/session.py", line 94, in wrapper
    return func(*args, **kwargs)
           ^^^^^^^^^^^^^^^^^^^^^
  File "/home/airflow/.local/lib/python3.12/site-packages/airflow/models/dagbag.py", line 708, in _sync_to_db
    for attempt in run_with_db_retries(logger=log):
                   ^^^^^^^^^^^^^^^^^^^^^^^^^^^^^^^
  File "/home/airflow/.local/lib/python3.12/site-packages/tenacity/__init__.py", line 443, in __iter__
    do = self.iter(retry_state=retry_state)
         ^^^^^^^^^^^^^^^^^^^^^^^^^^^^^^^^^^
  File "/home/airflow/.local/lib/python3.12/site-packages/tenacity/__init__.py", line 376, in iter
    result = action(retry_state)
             ^^^^^^^^^^^^^^^^^^^
  File "/home/airflow/.local/lib/python3.12/site-packages/tenacity/__init__.py", line 418, in exc_check
    raise retry_exc.reraise()
          ^^^^^^^^^^^^^^^^^^^
  File "/home/airflow/.local/lib/python3.12/site-packages/tenacity/__init__.py", line 185, in reraise
    raise self.last_attempt.result()
          ^^^^^^^^^^^^^^^^^^^^^^^^^^
  File "/usr/local/lib/python3.12/concurrent/futures/_base.py", line 449, in result
    return self.__get_result()
           ^^^^^^^^^^^^^^^^^^^
  File "/usr/local/lib/python3.12/concurrent/futures/_base.py", line 401, in __get_result
    raise self._exception
  File "/home/airflow/.local/lib/python3.12/site-packages/airflow/models/dagbag.py", line 721, in _sync_to_db
    _serialize_dag_capturing_errors(dag, session, processor_subdir)
  File "/home/airflow/.local/lib/python3.12/site-packages/airflow/models/dagbag.py", line 686, in _serialize_dag_capturing_errors
    dag_was_updated = SerializedDagModel.write_dag(
                      ^^^^^^^^^^^^^^^^^^^^^^^^^^^^^
  File "/home/airflow/.local/lib/python3.12/site-packages/airflow/utils/session.py", line 94, in wrapper
    return func(*args, **kwargs)
           ^^^^^^^^^^^^^^^^^^^^^
  File "/home/airflow/.local/lib/python3.12/site-packages/airflow/models/serialized_dag.py", line 160, in write_dag
    if session.scalar(
       ^^^^^^^^^^^^^^^
  File "/home/airflow/.local/lib/python3.12/site-packages/sqlalchemy/orm/session.py", line 1747, in scalar
    return self.execute(
           ^^^^^^^^^^^^^
  File "/home/airflow/.local/lib/python3.12/site-packages/sqlalchemy/orm/session.py", line 1716, in execute
    conn = self._connection_for_bind(bind)
           ^^^^^^^^^^^^^^^^^^^^^^^^^^^^^^^
  File "/home/airflow/.local/lib/python3.12/site-packages/sqlalchemy/orm/session.py", line 1555, in _connection_for_bind
    return self._transaction._connection_for_bind(
           ^^^^^^^^^^^^^^^^^^^^^^^^^^^^^^^^^^^^^^^
  File "/home/airflow/.local/lib/python3.12/site-packages/sqlalchemy/orm/session.py", line 750, in _connection_for_bind
    conn = bind.connect()
           ^^^^^^^^^^^^^^
  File "/home/airflow/.local/lib/python3.12/site-packages/sqlalchemy/future/engine.py", line 412, in connect
    return super(Engine, self).connect()
           ^^^^^^^^^^^^^^^^^^^^^^^^^^^^^
  File "/home/airflow/.local/lib/python3.12/site-packages/sqlalchemy/engine/base.py", line 3325, in connect
    return self._connection_cls(self, close_with_result=close_with_result)
           ^^^^^^^^^^^^^^^^^^^^^^^^^^^^^^^^^^^^^^^^^^^^^^^^^^^^^^^^^^^^^^^
  File "/home/airflow/.local/lib/python3.12/site-packages/sqlalchemy/engine/base.py", line 96, in __init__
    else engine.raw_connection()
         ^^^^^^^^^^^^^^^^^^^^^^^
  File "/home/airflow/.local/lib/python3.12/site-packages/sqlalchemy/engine/base.py", line 3404, in raw_connection
    return self._wrap_pool_connect(self.pool.connect, _connection)
           ^^^^^^^^^^^^^^^^^^^^^^^^^^^^^^^^^^^^^^^^^^^^^^^^^^^^^^^
  File "/home/airflow/.local/lib/python3.12/site-packages/sqlalchemy/engine/base.py", line 3374, in _wrap_pool_connect
    Connection._handle_dbapi_exception_noconnection(
  File "/home/airflow/.local/lib/python3.12/site-packages/sqlalchemy/engine/base.py", line 2208, in _handle_dbapi_exception_noconnection
    util.raise_(
  File "/home/airflow/.local/lib/python3.12/site-packages/sqlalchemy/util/compat.py", line 211, in raise_
    raise exception
  File "/home/airflow/.local/lib/python3.12/site-packages/sqlalchemy/engine/base.py", line 3371, in _wrap_pool_connect
    return fn()
           ^^^^
  File "/home/airflow/.local/lib/python3.12/site-packages/sqlalchemy/pool/base.py", line 327, in connect
    return _ConnectionFairy._checkout(self)
           ^^^^^^^^^^^^^^^^^^^^^^^^^^^^^^^^
  File "/home/airflow/.local/lib/python3.12/site-packages/sqlalchemy/pool/base.py", line 894, in _checkout
    fairy = _ConnectionRecord.checkout(pool)
            ^^^^^^^^^^^^^^^^^^^^^^^^^^^^^^^^
  File "/home/airflow/.local/lib/python3.12/site-packages/sqlalchemy/pool/base.py", line 493, in checkout
    rec = pool._do_get()
          ^^^^^^^^^^^^^^
  File "/home/airflow/.local/lib/python3.12/site-packages/sqlalchemy/pool/impl.py", line 145, in _do_get
    with util.safe_reraise():
         ^^^^^^^^^^^^^^^^^^^
  File "/home/airflow/.local/lib/python3.12/site-packages/sqlalchemy/util/langhelpers.py", line 70, in __exit__
    compat.raise_(
  File "/home/airflow/.local/lib/python3.12/site-packages/sqlalchemy/util/compat.py", line 211, in raise_
    raise exception
  File "/home/airflow/.local/lib/python3.12/site-packages/sqlalchemy/pool/impl.py", line 143, in _do_get
    return self._create_connection()
           ^^^^^^^^^^^^^^^^^^^^^^^^^
  File "/home/airflow/.local/lib/python3.12/site-packages/sqlalchemy/pool/base.py", line 273, in _create_connection
    return _ConnectionRecord(self)
           ^^^^^^^^^^^^^^^^^^^^^^^
  File "/home/airflow/.local/lib/python3.12/site-packages/sqlalchemy/pool/base.py", line 388, in __init__
    self.__connect()
  File "/home/airflow/.local/lib/python3.12/site-packages/sqlalchemy/pool/base.py", line 690, in __connect
    with util.safe_reraise():
         ^^^^^^^^^^^^^^^^^^^
  File "/home/airflow/.local/lib/python3.12/site-packages/sqlalchemy/util/langhelpers.py", line 70, in __exit__
    compat.raise_(
  File "/home/airflow/.local/lib/python3.12/site-packages/sqlalchemy/util/compat.py", line 211, in raise_
    raise exception
  File "/home/airflow/.local/lib/python3.12/site-packages/sqlalchemy/pool/base.py", line 686, in __connect
    self.dbapi_connection = connection = pool._invoke_creator(self)
                                         ^^^^^^^^^^^^^^^^^^^^^^^^^^
  File "/home/airflow/.local/lib/python3.12/site-packages/sqlalchemy/engine/create.py", line 574, in connect
    return dialect.connect(*cargs, **cparams)
           ^^^^^^^^^^^^^^^^^^^^^^^^^^^^^^^^^^
  File "/home/airflow/.local/lib/python3.12/site-packages/sqlalchemy/engine/default.py", line 598, in connect
    return self.dbapi.connect(*cargs, **cparams)
           ^^^^^^^^^^^^^^^^^^^^^^^^^^^^^^^^^^^^^
  File "/home/airflow/.local/lib/python3.12/site-packages/psycopg2/__init__.py", line 122, in connect
    conn = _connect(dsn, connection_factory=connection_factory, **kwasync)
           ^^^^^^^^^^^^^^^^^^^^^^^^^^^^^^^^^^^^^^^^^^^^^^^^^^^^^^^^^^^^^^^
sqlalchemy.exc.OperationalError: (psycopg2.OperationalError) could not translate host name "postgres" to address: Temporary failure in name resolution

(Background on this error at: https://sqlalche.me/e/14/e3q8)
[2026-09-10T08:25:59.597+0000] {processor.py:186} INFO - Started process (PID=606) to work on /opt/airflow/dags/ingestion_pipelines_dag.py
[2026-09-10T08:25:59.600+0000] {processor.py:914} INFO - Processing file /opt/airflow/dags/ingestion_pipelines_dag.py for tasks to queue
[2026-09-10T08:25:59.603+0000] {logging_mixin.py:190} INFO - [2026-09-10T08:25:59.601+0000] {dagbag.py:588} INFO - Filling up the DagBag from /opt/airflow/dags/ingestion_pipelines_dag.py
[2026-09-10T08:25:59.666+0000] {processor.py:925} INFO - DAG(s) 'datalake_ingestion_pipelines' retrieved from /opt/airflow/dags/ingestion_pipelines_dag.py
[2026-09-10T08:26:30.264+0000] {processor.py:211} ERROR - Got an exception! Propagating...
Traceback (most recent call last):
  File "/home/airflow/.local/lib/python3.12/site-packages/sqlalchemy/engine/base.py", line 3371, in _wrap_pool_connect
    return fn()
           ^^^^
  File "/home/airflow/.local/lib/python3.12/site-packages/sqlalchemy/pool/base.py", line 327, in connect
    return _ConnectionFairy._checkout(self)
           ^^^^^^^^^^^^^^^^^^^^^^^^^^^^^^^^
  File "/home/airflow/.local/lib/python3.12/site-packages/sqlalchemy/pool/base.py", line 894, in _checkout
    fairy = _ConnectionRecord.checkout(pool)
            ^^^^^^^^^^^^^^^^^^^^^^^^^^^^^^^^
  File "/home/airflow/.local/lib/python3.12/site-packages/sqlalchemy/pool/base.py", line 493, in checkout
    rec = pool._do_get()
          ^^^^^^^^^^^^^^
  File "/home/airflow/.local/lib/python3.12/site-packages/sqlalchemy/pool/impl.py", line 145, in _do_get
    with util.safe_reraise():
         ^^^^^^^^^^^^^^^^^^^
  File "/home/airflow/.local/lib/python3.12/site-packages/sqlalchemy/util/langhelpers.py", line 70, in __exit__
    compat.raise_(
  File "/home/airflow/.local/lib/python3.12/site-packages/sqlalchemy/util/compat.py", line 211, in raise_
    raise exception
  File "/home/airflow/.local/lib/python3.12/site-packages/sqlalchemy/pool/impl.py", line 143, in _do_get
    return self._create_connection()
           ^^^^^^^^^^^^^^^^^^^^^^^^^
  File "/home/airflow/.local/lib/python3.12/site-packages/sqlalchemy/pool/base.py", line 273, in _create_connection
    return _ConnectionRecord(self)
           ^^^^^^^^^^^^^^^^^^^^^^^
  File "/home/airflow/.local/lib/python3.12/site-packages/sqlalchemy/pool/base.py", line 388, in __init__
    self.__connect()
  File "/home/airflow/.local/lib/python3.12/site-packages/sqlalchemy/pool/base.py", line 690, in __connect
    with util.safe_reraise():
         ^^^^^^^^^^^^^^^^^^^
  File "/home/airflow/.local/lib/python3.12/site-packages/sqlalchemy/util/langhelpers.py", line 70, in __exit__
    compat.raise_(
  File "/home/airflow/.local/lib/python3.12/site-packages/sqlalchemy/util/compat.py", line 211, in raise_
    raise exception
  File "/home/airflow/.local/lib/python3.12/site-packages/sqlalchemy/pool/base.py", line 686, in __connect
    self.dbapi_connection = connection = pool._invoke_creator(self)
                                         ^^^^^^^^^^^^^^^^^^^^^^^^^^
  File "/home/airflow/.local/lib/python3.12/site-packages/sqlalchemy/engine/create.py", line 574, in connect
    return dialect.connect(*cargs, **cparams)
           ^^^^^^^^^^^^^^^^^^^^^^^^^^^^^^^^^^
  File "/home/airflow/.local/lib/python3.12/site-packages/sqlalchemy/engine/default.py", line 598, in connect
    return self.dbapi.connect(*cargs, **cparams)
           ^^^^^^^^^^^^^^^^^^^^^^^^^^^^^^^^^^^^^
  File "/home/airflow/.local/lib/python3.12/site-packages/psycopg2/__init__.py", line 122, in connect
    conn = _connect(dsn, connection_factory=connection_factory, **kwasync)
           ^^^^^^^^^^^^^^^^^^^^^^^^^^^^^^^^^^^^^^^^^^^^^^^^^^^^^^^^^^^^^^^
psycopg2.OperationalError: could not translate host name "postgres" to address: Temporary failure in name resolution


The above exception was the direct cause of the following exception:

Traceback (most recent call last):
  File "/home/airflow/.local/lib/python3.12/site-packages/airflow/dag_processing/processor.py", line 207, in _run_file_processor
    _handle_dag_file_processing()
  File "/home/airflow/.local/lib/python3.12/site-packages/airflow/dag_processing/processor.py", line 188, in _handle_dag_file_processing
    result: tuple[int, int, int] = dag_file_processor.process_file(
                                   ^^^^^^^^^^^^^^^^^^^^^^^^^^^^^^^^
  File "/home/airflow/.local/lib/python3.12/site-packages/airflow/utils/session.py", line 97, in wrapper
    return func(*args, session=session, **kwargs)
           ^^^^^^^^^^^^^^^^^^^^^^^^^^^^^^^^^^^^^^
  File "/home/airflow/.local/lib/python3.12/site-packages/airflow/dag_processing/processor.py", line 942, in process_file
    serialize_errors = DagFileProcessor.save_dag_to_db(
                       ^^^^^^^^^^^^^^^^^^^^^^^^^^^^^^^^
  File "/home/airflow/.local/lib/python3.12/site-packages/airflow/api_internal/internal_api_call.py", line 166, in wrapper
    return func(*args, **kwargs)
           ^^^^^^^^^^^^^^^^^^^^^
  File "/home/airflow/.local/lib/python3.12/site-packages/airflow/utils/session.py", line 97, in wrapper
    return func(*args, session=session, **kwargs)
           ^^^^^^^^^^^^^^^^^^^^^^^^^^^^^^^^^^^^^^
  File "/home/airflow/.local/lib/python3.12/site-packages/airflow/dag_processing/processor.py", line 982, in save_dag_to_db
    import_errors = DagBag._sync_to_db(dags=dags, processor_subdir=dag_directory, session=session)
                    ^^^^^^^^^^^^^^^^^^^^^^^^^^^^^^^^^^^^^^^^^^^^^^^^^^^^^^^^^^^^^^^^^^^^^^^^^^^^^^
  File "/home/airflow/.local/lib/python3.12/site-packages/airflow/utils/session.py", line 94, in wrapper
    return func(*args, **kwargs)
           ^^^^^^^^^^^^^^^^^^^^^
  File "/home/airflow/.local/lib/python3.12/site-packages/airflow/models/dagbag.py", line 708, in _sync_to_db
    for attempt in run_with_db_retries(logger=log):
                   ^^^^^^^^^^^^^^^^^^^^^^^^^^^^^^^
  File "/home/airflow/.local/lib/python3.12/site-packages/tenacity/__init__.py", line 443, in __iter__
    do = self.iter(retry_state=retry_state)
         ^^^^^^^^^^^^^^^^^^^^^^^^^^^^^^^^^^
  File "/home/airflow/.local/lib/python3.12/site-packages/tenacity/__init__.py", line 376, in iter
    result = action(retry_state)
             ^^^^^^^^^^^^^^^^^^^
  File "/home/airflow/.local/lib/python3.12/site-packages/tenacity/__init__.py", line 418, in exc_check
    raise retry_exc.reraise()
          ^^^^^^^^^^^^^^^^^^^
  File "/home/airflow/.local/lib/python3.12/site-packages/tenacity/__init__.py", line 185, in reraise
    raise self.last_attempt.result()
          ^^^^^^^^^^^^^^^^^^^^^^^^^^
  File "/usr/local/lib/python3.12/concurrent/futures/_base.py", line 449, in result
    return self.__get_result()
           ^^^^^^^^^^^^^^^^^^^
  File "/usr/local/lib/python3.12/concurrent/futures/_base.py", line 401, in __get_result
    raise self._exception
  File "/home/airflow/.local/lib/python3.12/site-packages/airflow/models/dagbag.py", line 721, in _sync_to_db
    _serialize_dag_capturing_errors(dag, session, processor_subdir)
  File "/home/airflow/.local/lib/python3.12/site-packages/airflow/models/dagbag.py", line 686, in _serialize_dag_capturing_errors
    dag_was_updated = SerializedDagModel.write_dag(
                      ^^^^^^^^^^^^^^^^^^^^^^^^^^^^^
  File "/home/airflow/.local/lib/python3.12/site-packages/airflow/utils/session.py", line 94, in wrapper
    return func(*args, **kwargs)
           ^^^^^^^^^^^^^^^^^^^^^
  File "/home/airflow/.local/lib/python3.12/site-packages/airflow/models/serialized_dag.py", line 160, in write_dag
    if session.scalar(
       ^^^^^^^^^^^^^^^
  File "/home/airflow/.local/lib/python3.12/site-packages/sqlalchemy/orm/session.py", line 1747, in scalar
    return self.execute(
           ^^^^^^^^^^^^^
  File "/home/airflow/.local/lib/python3.12/site-packages/sqlalchemy/orm/session.py", line 1716, in execute
    conn = self._connection_for_bind(bind)
           ^^^^^^^^^^^^^^^^^^^^^^^^^^^^^^^
  File "/home/airflow/.local/lib/python3.12/site-packages/sqlalchemy/orm/session.py", line 1555, in _connection_for_bind
    return self._transaction._connection_for_bind(
           ^^^^^^^^^^^^^^^^^^^^^^^^^^^^^^^^^^^^^^^
  File "/home/airflow/.local/lib/python3.12/site-packages/sqlalchemy/orm/session.py", line 750, in _connection_for_bind
    conn = bind.connect()
           ^^^^^^^^^^^^^^
  File "/home/airflow/.local/lib/python3.12/site-packages/sqlalchemy/future/engine.py", line 412, in connect
    return super(Engine, self).connect()
           ^^^^^^^^^^^^^^^^^^^^^^^^^^^^^
  File "/home/airflow/.local/lib/python3.12/site-packages/sqlalchemy/engine/base.py", line 3325, in connect
    return self._connection_cls(self, close_with_result=close_with_result)
           ^^^^^^^^^^^^^^^^^^^^^^^^^^^^^^^^^^^^^^^^^^^^^^^^^^^^^^^^^^^^^^^
  File "/home/airflow/.local/lib/python3.12/site-packages/sqlalchemy/engine/base.py", line 96, in __init__
    else engine.raw_connection()
         ^^^^^^^^^^^^^^^^^^^^^^^
  File "/home/airflow/.local/lib/python3.12/site-packages/sqlalchemy/engine/base.py", line 3404, in raw_connection
    return self._wrap_pool_connect(self.pool.connect, _connection)
           ^^^^^^^^^^^^^^^^^^^^^^^^^^^^^^^^^^^^^^^^^^^^^^^^^^^^^^^
  File "/home/airflow/.local/lib/python3.12/site-packages/sqlalchemy/engine/base.py", line 3374, in _wrap_pool_connect
    Connection._handle_dbapi_exception_noconnection(
  File "/home/airflow/.local/lib/python3.12/site-packages/sqlalchemy/engine/base.py", line 2208, in _handle_dbapi_exception_noconnection
    util.raise_(
  File "/home/airflow/.local/lib/python3.12/site-packages/sqlalchemy/util/compat.py", line 211, in raise_
    raise exception
  File "/home/airflow/.local/lib/python3.12/site-packages/sqlalchemy/engine/base.py", line 3371, in _wrap_pool_connect
    return fn()
           ^^^^
  File "/home/airflow/.local/lib/python3.12/site-packages/sqlalchemy/pool/base.py", line 327, in connect
    return _ConnectionFairy._checkout(self)
           ^^^^^^^^^^^^^^^^^^^^^^^^^^^^^^^^
  File "/home/airflow/.local/lib/python3.12/site-packages/sqlalchemy/pool/base.py", line 894, in _checkout
    fairy = _ConnectionRecord.checkout(pool)
            ^^^^^^^^^^^^^^^^^^^^^^^^^^^^^^^^
  File "/home/airflow/.local/lib/python3.12/site-packages/sqlalchemy/pool/base.py", line 493, in checkout
    rec = pool._do_get()
          ^^^^^^^^^^^^^^
  File "/home/airflow/.local/lib/python3.12/site-packages/sqlalchemy/pool/impl.py", line 145, in _do_get
    with util.safe_reraise():
         ^^^^^^^^^^^^^^^^^^^
  File "/home/airflow/.local/lib/python3.12/site-packages/sqlalchemy/util/langhelpers.py", line 70, in __exit__
    compat.raise_(
  File "/home/airflow/.local/lib/python3.12/site-packages/sqlalchemy/util/compat.py", line 211, in raise_
    raise exception
  File "/home/airflow/.local/lib/python3.12/site-packages/sqlalchemy/pool/impl.py", line 143, in _do_get
    return self._create_connection()
           ^^^^^^^^^^^^^^^^^^^^^^^^^
  File "/home/airflow/.local/lib/python3.12/site-packages/sqlalchemy/pool/base.py", line 273, in _create_connection
    return _ConnectionRecord(self)
           ^^^^^^^^^^^^^^^^^^^^^^^
  File "/home/airflow/.local/lib/python3.12/site-packages/sqlalchemy/pool/base.py", line 388, in __init__
    self.__connect()
  File "/home/airflow/.local/lib/python3.12/site-packages/sqlalchemy/pool/base.py", line 690, in __connect
    with util.safe_reraise():
         ^^^^^^^^^^^^^^^^^^^
  File "/home/airflow/.local/lib/python3.12/site-packages/sqlalchemy/util/langhelpers.py", line 70, in __exit__
    compat.raise_(
  File "/home/airflow/.local/lib/python3.12/site-packages/sqlalchemy/util/compat.py", line 211, in raise_
    raise exception
  File "/home/airflow/.local/lib/python3.12/site-packages/sqlalchemy/pool/base.py", line 686, in __connect
    self.dbapi_connection = connection = pool._invoke_creator(self)
                                         ^^^^^^^^^^^^^^^^^^^^^^^^^^
  File "/home/airflow/.local/lib/python3.12/site-packages/sqlalchemy/engine/create.py", line 574, in connect
    return dialect.connect(*cargs, **cparams)
           ^^^^^^^^^^^^^^^^^^^^^^^^^^^^^^^^^^
  File "/home/airflow/.local/lib/python3.12/site-packages/sqlalchemy/engine/default.py", line 598, in connect
    return self.dbapi.connect(*cargs, **cparams)
           ^^^^^^^^^^^^^^^^^^^^^^^^^^^^^^^^^^^^^
  File "/home/airflow/.local/lib/python3.12/site-packages/psycopg2/__init__.py", line 122, in connect
    conn = _connect(dsn, connection_factory=connection_factory, **kwasync)
           ^^^^^^^^^^^^^^^^^^^^^^^^^^^^^^^^^^^^^^^^^^^^^^^^^^^^^^^^^^^^^^^
sqlalchemy.exc.OperationalError: (psycopg2.OperationalError) could not translate host name "postgres" to address: Temporary failure in name resolution

(Background on this error at: https://sqlalche.me/e/14/e3q8)
[2026-09-10T08:27:00.637+0000] {processor.py:186} INFO - Started process (PID=611) to work on /opt/airflow/dags/ingestion_pipelines_dag.py
[2026-09-10T08:27:00.640+0000] {processor.py:914} INFO - Processing file /opt/airflow/dags/ingestion_pipelines_dag.py for tasks to queue
[2026-09-10T08:27:00.645+0000] {logging_mixin.py:190} INFO - [2026-09-10T08:27:00.642+0000] {dagbag.py:588} INFO - Filling up the DagBag from /opt/airflow/dags/ingestion_pipelines_dag.py
[2026-09-10T08:27:00.728+0000] {processor.py:925} INFO - DAG(s) 'datalake_ingestion_pipelines' retrieved from /opt/airflow/dags/ingestion_pipelines_dag.py
[2026-09-10T08:27:31.267+0000] {processor.py:211} ERROR - Got an exception! Propagating...
Traceback (most recent call last):
  File "/home/airflow/.local/lib/python3.12/site-packages/sqlalchemy/engine/base.py", line 3371, in _wrap_pool_connect
    return fn()
           ^^^^
  File "/home/airflow/.local/lib/python3.12/site-packages/sqlalchemy/pool/base.py", line 327, in connect
    return _ConnectionFairy._checkout(self)
           ^^^^^^^^^^^^^^^^^^^^^^^^^^^^^^^^
  File "/home/airflow/.local/lib/python3.12/site-packages/sqlalchemy/pool/base.py", line 894, in _checkout
    fairy = _ConnectionRecord.checkout(pool)
            ^^^^^^^^^^^^^^^^^^^^^^^^^^^^^^^^
  File "/home/airflow/.local/lib/python3.12/site-packages/sqlalchemy/pool/base.py", line 493, in checkout
    rec = pool._do_get()
          ^^^^^^^^^^^^^^
  File "/home/airflow/.local/lib/python3.12/site-packages/sqlalchemy/pool/impl.py", line 145, in _do_get
    with util.safe_reraise():
         ^^^^^^^^^^^^^^^^^^^
  File "/home/airflow/.local/lib/python3.12/site-packages/sqlalchemy/util/langhelpers.py", line 70, in __exit__
    compat.raise_(
  File "/home/airflow/.local/lib/python3.12/site-packages/sqlalchemy/util/compat.py", line 211, in raise_
    raise exception
  File "/home/airflow/.local/lib/python3.12/site-packages/sqlalchemy/pool/impl.py", line 143, in _do_get
    return self._create_connection()
           ^^^^^^^^^^^^^^^^^^^^^^^^^
  File "/home/airflow/.local/lib/python3.12/site-packages/sqlalchemy/pool/base.py", line 273, in _create_connection
    return _ConnectionRecord(self)
           ^^^^^^^^^^^^^^^^^^^^^^^
  File "/home/airflow/.local/lib/python3.12/site-packages/sqlalchemy/pool/base.py", line 388, in __init__
    self.__connect()
  File "/home/airflow/.local/lib/python3.12/site-packages/sqlalchemy/pool/base.py", line 690, in __connect
    with util.safe_reraise():
         ^^^^^^^^^^^^^^^^^^^
  File "/home/airflow/.local/lib/python3.12/site-packages/sqlalchemy/util/langhelpers.py", line 70, in __exit__
    compat.raise_(
  File "/home/airflow/.local/lib/python3.12/site-packages/sqlalchemy/util/compat.py", line 211, in raise_
    raise exception
  File "/home/airflow/.local/lib/python3.12/site-packages/sqlalchemy/pool/base.py", line 686, in __connect
    self.dbapi_connection = connection = pool._invoke_creator(self)
                                         ^^^^^^^^^^^^^^^^^^^^^^^^^^
  File "/home/airflow/.local/lib/python3.12/site-packages/sqlalchemy/engine/create.py", line 574, in connect
    return dialect.connect(*cargs, **cparams)
           ^^^^^^^^^^^^^^^^^^^^^^^^^^^^^^^^^^
  File "/home/airflow/.local/lib/python3.12/site-packages/sqlalchemy/engine/default.py", line 598, in connect
    return self.dbapi.connect(*cargs, **cparams)
           ^^^^^^^^^^^^^^^^^^^^^^^^^^^^^^^^^^^^^
  File "/home/airflow/.local/lib/python3.12/site-packages/psycopg2/__init__.py", line 122, in connect
    conn = _connect(dsn, connection_factory=connection_factory, **kwasync)
           ^^^^^^^^^^^^^^^^^^^^^^^^^^^^^^^^^^^^^^^^^^^^^^^^^^^^^^^^^^^^^^^
psycopg2.OperationalError: could not translate host name "postgres" to address: Temporary failure in name resolution


The above exception was the direct cause of the following exception:

Traceback (most recent call last):
  File "/home/airflow/.local/lib/python3.12/site-packages/airflow/dag_processing/processor.py", line 207, in _run_file_processor
    _handle_dag_file_processing()
  File "/home/airflow/.local/lib/python3.12/site-packages/airflow/dag_processing/processor.py", line 188, in _handle_dag_file_processing
    result: tuple[int, int, int] = dag_file_processor.process_file(
                                   ^^^^^^^^^^^^^^^^^^^^^^^^^^^^^^^^
  File "/home/airflow/.local/lib/python3.12/site-packages/airflow/utils/session.py", line 97, in wrapper
    return func(*args, session=session, **kwargs)
           ^^^^^^^^^^^^^^^^^^^^^^^^^^^^^^^^^^^^^^
  File "/home/airflow/.local/lib/python3.12/site-packages/airflow/dag_processing/processor.py", line 942, in process_file
    serialize_errors = DagFileProcessor.save_dag_to_db(
                       ^^^^^^^^^^^^^^^^^^^^^^^^^^^^^^^^
  File "/home/airflow/.local/lib/python3.12/site-packages/airflow/api_internal/internal_api_call.py", line 166, in wrapper
    return func(*args, **kwargs)
           ^^^^^^^^^^^^^^^^^^^^^
  File "/home/airflow/.local/lib/python3.12/site-packages/airflow/utils/session.py", line 97, in wrapper
    return func(*args, session=session, **kwargs)
           ^^^^^^^^^^^^^^^^^^^^^^^^^^^^^^^^^^^^^^
  File "/home/airflow/.local/lib/python3.12/site-packages/airflow/dag_processing/processor.py", line 982, in save_dag_to_db
    import_errors = DagBag._sync_to_db(dags=dags, processor_subdir=dag_directory, session=session)
                    ^^^^^^^^^^^^^^^^^^^^^^^^^^^^^^^^^^^^^^^^^^^^^^^^^^^^^^^^^^^^^^^^^^^^^^^^^^^^^^
  File "/home/airflow/.local/lib/python3.12/site-packages/airflow/utils/session.py", line 94, in wrapper
    return func(*args, **kwargs)
           ^^^^^^^^^^^^^^^^^^^^^
  File "/home/airflow/.local/lib/python3.12/site-packages/airflow/models/dagbag.py", line 708, in _sync_to_db
    for attempt in run_with_db_retries(logger=log):
                   ^^^^^^^^^^^^^^^^^^^^^^^^^^^^^^^
  File "/home/airflow/.local/lib/python3.12/site-packages/tenacity/__init__.py", line 443, in __iter__
    do = self.iter(retry_state=retry_state)
         ^^^^^^^^^^^^^^^^^^^^^^^^^^^^^^^^^^
  File "/home/airflow/.local/lib/python3.12/site-packages/tenacity/__init__.py", line 376, in iter
    result = action(retry_state)
             ^^^^^^^^^^^^^^^^^^^
  File "/home/airflow/.local/lib/python3.12/site-packages/tenacity/__init__.py", line 418, in exc_check
    raise retry_exc.reraise()
          ^^^^^^^^^^^^^^^^^^^
  File "/home/airflow/.local/lib/python3.12/site-packages/tenacity/__init__.py", line 185, in reraise
    raise self.last_attempt.result()
          ^^^^^^^^^^^^^^^^^^^^^^^^^^
  File "/usr/local/lib/python3.12/concurrent/futures/_base.py", line 449, in result
    return self.__get_result()
           ^^^^^^^^^^^^^^^^^^^
  File "/usr/local/lib/python3.12/concurrent/futures/_base.py", line 401, in __get_result
    raise self._exception
  File "/home/airflow/.local/lib/python3.12/site-packages/airflow/models/dagbag.py", line 721, in _sync_to_db
    _serialize_dag_capturing_errors(dag, session, processor_subdir)
  File "/home/airflow/.local/lib/python3.12/site-packages/airflow/models/dagbag.py", line 686, in _serialize_dag_capturing_errors
    dag_was_updated = SerializedDagModel.write_dag(
                      ^^^^^^^^^^^^^^^^^^^^^^^^^^^^^
  File "/home/airflow/.local/lib/python3.12/site-packages/airflow/utils/session.py", line 94, in wrapper
    return func(*args, **kwargs)
           ^^^^^^^^^^^^^^^^^^^^^
  File "/home/airflow/.local/lib/python3.12/site-packages/airflow/models/serialized_dag.py", line 160, in write_dag
    if session.scalar(
       ^^^^^^^^^^^^^^^
  File "/home/airflow/.local/lib/python3.12/site-packages/sqlalchemy/orm/session.py", line 1747, in scalar
    return self.execute(
           ^^^^^^^^^^^^^
  File "/home/airflow/.local/lib/python3.12/site-packages/sqlalchemy/orm/session.py", line 1716, in execute
    conn = self._connection_for_bind(bind)
           ^^^^^^^^^^^^^^^^^^^^^^^^^^^^^^^
  File "/home/airflow/.local/lib/python3.12/site-packages/sqlalchemy/orm/session.py", line 1555, in _connection_for_bind
    return self._transaction._connection_for_bind(
           ^^^^^^^^^^^^^^^^^^^^^^^^^^^^^^^^^^^^^^^
  File "/home/airflow/.local/lib/python3.12/site-packages/sqlalchemy/orm/session.py", line 750, in _connection_for_bind
    conn = bind.connect()
           ^^^^^^^^^^^^^^
  File "/home/airflow/.local/lib/python3.12/site-packages/sqlalchemy/future/engine.py", line 412, in connect
    return super(Engine, self).connect()
           ^^^^^^^^^^^^^^^^^^^^^^^^^^^^^
  File "/home/airflow/.local/lib/python3.12/site-packages/sqlalchemy/engine/base.py", line 3325, in connect
    return self._connection_cls(self, close_with_result=close_with_result)
           ^^^^^^^^^^^^^^^^^^^^^^^^^^^^^^^^^^^^^^^^^^^^^^^^^^^^^^^^^^^^^^^
  File "/home/airflow/.local/lib/python3.12/site-packages/sqlalchemy/engine/base.py", line 96, in __init__
    else engine.raw_connection()
         ^^^^^^^^^^^^^^^^^^^^^^^
  File "/home/airflow/.local/lib/python3.12/site-packages/sqlalchemy/engine/base.py", line 3404, in raw_connection
    return self._wrap_pool_connect(self.pool.connect, _connection)
           ^^^^^^^^^^^^^^^^^^^^^^^^^^^^^^^^^^^^^^^^^^^^^^^^^^^^^^^
  File "/home/airflow/.local/lib/python3.12/site-packages/sqlalchemy/engine/base.py", line 3374, in _wrap_pool_connect
    Connection._handle_dbapi_exception_noconnection(
  File "/home/airflow/.local/lib/python3.12/site-packages/sqlalchemy/engine/base.py", line 2208, in _handle_dbapi_exception_noconnection
    util.raise_(
  File "/home/airflow/.local/lib/python3.12/site-packages/sqlalchemy/util/compat.py", line 211, in raise_
    raise exception
  File "/home/airflow/.local/lib/python3.12/site-packages/sqlalchemy/engine/base.py", line 3371, in _wrap_pool_connect
    return fn()
           ^^^^
  File "/home/airflow/.local/lib/python3.12/site-packages/sqlalchemy/pool/base.py", line 327, in connect
    return _ConnectionFairy._checkout(self)
           ^^^^^^^^^^^^^^^^^^^^^^^^^^^^^^^^
  File "/home/airflow/.local/lib/python3.12/site-packages/sqlalchemy/pool/base.py", line 894, in _checkout
    fairy = _ConnectionRecord.checkout(pool)
            ^^^^^^^^^^^^^^^^^^^^^^^^^^^^^^^^
  File "/home/airflow/.local/lib/python3.12/site-packages/sqlalchemy/pool/base.py", line 493, in checkout
    rec = pool._do_get()
          ^^^^^^^^^^^^^^
  File "/home/airflow/.local/lib/python3.12/site-packages/sqlalchemy/pool/impl.py", line 145, in _do_get
    with util.safe_reraise():
         ^^^^^^^^^^^^^^^^^^^
  File "/home/airflow/.local/lib/python3.12/site-packages/sqlalchemy/util/langhelpers.py", line 70, in __exit__
    compat.raise_(
  File "/home/airflow/.local/lib/python3.12/site-packages/sqlalchemy/util/compat.py", line 211, in raise_
    raise exception
  File "/home/airflow/.local/lib/python3.12/site-packages/sqlalchemy/pool/impl.py", line 143, in _do_get
    return self._create_connection()
           ^^^^^^^^^^^^^^^^^^^^^^^^^
  File "/home/airflow/.local/lib/python3.12/site-packages/sqlalchemy/pool/base.py", line 273, in _create_connection
    return _ConnectionRecord(self)
           ^^^^^^^^^^^^^^^^^^^^^^^
  File "/home/airflow/.local/lib/python3.12/site-packages/sqlalchemy/pool/base.py", line 388, in __init__
    self.__connect()
  File "/home/airflow/.local/lib/python3.12/site-packages/sqlalchemy/pool/base.py", line 690, in __connect
    with util.safe_reraise():
         ^^^^^^^^^^^^^^^^^^^
  File "/home/airflow/.local/lib/python3.12/site-packages/sqlalchemy/util/langhelpers.py", line 70, in __exit__
    compat.raise_(
  File "/home/airflow/.local/lib/python3.12/site-packages/sqlalchemy/util/compat.py", line 211, in raise_
    raise exception
  File "/home/airflow/.local/lib/python3.12/site-packages/sqlalchemy/pool/base.py", line 686, in __connect
    self.dbapi_connection = connection = pool._invoke_creator(self)
                                         ^^^^^^^^^^^^^^^^^^^^^^^^^^
  File "/home/airflow/.local/lib/python3.12/site-packages/sqlalchemy/engine/create.py", line 574, in connect
    return dialect.connect(*cargs, **cparams)
           ^^^^^^^^^^^^^^^^^^^^^^^^^^^^^^^^^^
  File "/home/airflow/.local/lib/python3.12/site-packages/sqlalchemy/engine/default.py", line 598, in connect
    return self.dbapi.connect(*cargs, **cparams)
           ^^^^^^^^^^^^^^^^^^^^^^^^^^^^^^^^^^^^^
  File "/home/airflow/.local/lib/python3.12/site-packages/psycopg2/__init__.py", line 122, in connect
    conn = _connect(dsn, connection_factory=connection_factory, **kwasync)
           ^^^^^^^^^^^^^^^^^^^^^^^^^^^^^^^^^^^^^^^^^^^^^^^^^^^^^^^^^^^^^^^
sqlalchemy.exc.OperationalError: (psycopg2.OperationalError) could not translate host name "postgres" to address: Temporary failure in name resolution

(Background on this error at: https://sqlalche.me/e/14/e3q8)
[2026-09-10T08:28:01.950+0000] {processor.py:186} INFO - Started process (PID=624) to work on /opt/airflow/dags/ingestion_pipelines_dag.py
[2026-09-10T08:28:01.969+0000] {processor.py:914} INFO - Processing file /opt/airflow/dags/ingestion_pipelines_dag.py for tasks to queue
[2026-09-10T08:28:02.028+0000] {logging_mixin.py:190} INFO - [2026-09-10T08:28:01.986+0000] {dagbag.py:588} INFO - Filling up the DagBag from /opt/airflow/dags/ingestion_pipelines_dag.py
[2026-09-10T08:28:03.110+0000] {processor.py:925} INFO - DAG(s) 'datalake_ingestion_pipelines' retrieved from /opt/airflow/dags/ingestion_pipelines_dag.py
[2026-09-10T08:56:39.972+0000] {processor.py:186} INFO - Started process (PID=187) to work on /opt/airflow/dags/ingestion_pipelines_dag.py
[2026-09-10T08:56:39.974+0000] {processor.py:914} INFO - Processing file /opt/airflow/dags/ingestion_pipelines_dag.py for tasks to queue
[2026-09-10T08:56:39.985+0000] {logging_mixin.py:190} INFO - [2026-09-10T08:56:39.984+0000] {dagbag.py:588} INFO - Filling up the DagBag from /opt/airflow/dags/ingestion_pipelines_dag.py
[2026-09-10T08:56:40.075+0000] {processor.py:925} INFO - DAG(s) 'datalake_ingestion_pipelines' retrieved from /opt/airflow/dags/ingestion_pipelines_dag.py
[2026-09-10T08:56:40.688+0000] {logging_mixin.py:190} INFO - [2026-09-10T08:56:40.688+0000] {dag.py:3239} INFO - Sync 1 DAGs
[2026-09-10T08:56:40.801+0000] {processor.py:208} INFO - Processing /opt/airflow/dags/ingestion_pipelines_dag.py took 0.855 seconds
[2026-09-10T08:57:11.276+0000] {processor.py:186} INFO - Started process (PID=200) to work on /opt/airflow/dags/ingestion_pipelines_dag.py
[2026-09-10T08:57:11.279+0000] {processor.py:914} INFO - Processing file /opt/airflow/dags/ingestion_pipelines_dag.py for tasks to queue
[2026-09-10T08:57:11.289+0000] {logging_mixin.py:190} INFO - [2026-09-10T08:57:11.284+0000] {dagbag.py:588} INFO - Filling up the DagBag from /opt/airflow/dags/ingestion_pipelines_dag.py
[2026-09-10T08:57:11.471+0000] {processor.py:925} INFO - DAG(s) 'datalake_ingestion_pipelines' retrieved from /opt/airflow/dags/ingestion_pipelines_dag.py
[2026-09-10T08:57:11.590+0000] {logging_mixin.py:190} INFO - [2026-09-10T08:57:11.589+0000] {dag.py:3239} INFO - Sync 1 DAGs
[2026-09-10T08:57:11.831+0000] {logging_mixin.py:190} INFO - [2026-09-10T08:57:11.829+0000] {dag.py:4180} INFO - Setting next_dagrun for datalake_ingestion_pipelines to 2026-09-10 08:00:00+00:00, run_after=2026-09-10 09:00:00+00:00
[2026-09-10T08:57:11.955+0000] {processor.py:208} INFO - Processing /opt/airflow/dags/ingestion_pipelines_dag.py took 0.695 seconds
[2026-09-10T08:57:42.392+0000] {processor.py:186} INFO - Started process (PID=213) to work on /opt/airflow/dags/ingestion_pipelines_dag.py
[2026-09-10T08:57:42.394+0000] {processor.py:914} INFO - Processing file /opt/airflow/dags/ingestion_pipelines_dag.py for tasks to queue
[2026-09-10T08:57:42.397+0000] {logging_mixin.py:190} INFO - [2026-09-10T08:57:42.397+0000] {dagbag.py:588} INFO - Filling up the DagBag from /opt/airflow/dags/ingestion_pipelines_dag.py
[2026-09-10T08:57:42.450+0000] {processor.py:925} INFO - DAG(s) 'datalake_ingestion_pipelines' retrieved from /opt/airflow/dags/ingestion_pipelines_dag.py
[2026-09-10T08:57:42.513+0000] {logging_mixin.py:190} INFO - [2026-09-10T08:57:42.512+0000] {dag.py:3239} INFO - Sync 1 DAGs
[2026-09-10T08:57:42.553+0000] {logging_mixin.py:190} INFO - [2026-09-10T08:57:42.552+0000] {dag.py:4180} INFO - Setting next_dagrun for datalake_ingestion_pipelines to 2026-09-10 08:00:00+00:00, run_after=2026-09-10 09:00:00+00:00
[2026-09-10T08:57:42.585+0000] {processor.py:208} INFO - Processing /opt/airflow/dags/ingestion_pipelines_dag.py took 0.202 seconds
[2026-09-10T08:58:12.789+0000] {processor.py:186} INFO - Started process (PID=226) to work on /opt/airflow/dags/ingestion_pipelines_dag.py
[2026-09-10T08:58:12.790+0000] {processor.py:914} INFO - Processing file /opt/airflow/dags/ingestion_pipelines_dag.py for tasks to queue
[2026-09-10T08:58:12.793+0000] {logging_mixin.py:190} INFO - [2026-09-10T08:58:12.793+0000] {dagbag.py:588} INFO - Filling up the DagBag from /opt/airflow/dags/ingestion_pipelines_dag.py
[2026-09-10T08:58:12.833+0000] {processor.py:925} INFO - DAG(s) 'datalake_ingestion_pipelines' retrieved from /opt/airflow/dags/ingestion_pipelines_dag.py
[2026-09-10T08:58:12.878+0000] {logging_mixin.py:190} INFO - [2026-09-10T08:58:12.877+0000] {dag.py:3239} INFO - Sync 1 DAGs
[2026-09-10T08:58:12.912+0000] {logging_mixin.py:190} INFO - [2026-09-10T08:58:12.911+0000] {dag.py:4180} INFO - Setting next_dagrun for datalake_ingestion_pipelines to 2026-09-10 08:00:00+00:00, run_after=2026-09-10 09:00:00+00:00
[2026-09-10T08:58:12.943+0000] {processor.py:208} INFO - Processing /opt/airflow/dags/ingestion_pipelines_dag.py took 0.163 seconds
[2026-09-10T08:58:43.346+0000] {processor.py:186} INFO - Started process (PID=239) to work on /opt/airflow/dags/ingestion_pipelines_dag.py
[2026-09-10T08:58:43.347+0000] {processor.py:914} INFO - Processing file /opt/airflow/dags/ingestion_pipelines_dag.py for tasks to queue
[2026-09-10T08:58:43.349+0000] {logging_mixin.py:190} INFO - [2026-09-10T08:58:43.349+0000] {dagbag.py:588} INFO - Filling up the DagBag from /opt/airflow/dags/ingestion_pipelines_dag.py
[2026-09-10T08:58:43.376+0000] {processor.py:925} INFO - DAG(s) 'datalake_ingestion_pipelines' retrieved from /opt/airflow/dags/ingestion_pipelines_dag.py
[2026-09-10T08:58:43.407+0000] {logging_mixin.py:190} INFO - [2026-09-10T08:58:43.407+0000] {dag.py:3239} INFO - Sync 1 DAGs
[2026-09-10T08:58:43.443+0000] {logging_mixin.py:190} INFO - [2026-09-10T08:58:43.443+0000] {dag.py:4180} INFO - Setting next_dagrun for datalake_ingestion_pipelines to 2026-09-10 08:00:00+00:00, run_after=2026-09-10 09:00:00+00:00
[2026-09-10T08:58:43.474+0000] {processor.py:208} INFO - Processing /opt/airflow/dags/ingestion_pipelines_dag.py took 0.135 seconds
[2026-09-10T08:59:13.855+0000] {processor.py:186} INFO - Started process (PID=253) to work on /opt/airflow/dags/ingestion_pipelines_dag.py
[2026-09-10T08:59:13.858+0000] {processor.py:914} INFO - Processing file /opt/airflow/dags/ingestion_pipelines_dag.py for tasks to queue
[2026-09-10T08:59:13.865+0000] {logging_mixin.py:190} INFO - [2026-09-10T08:59:13.864+0000] {dagbag.py:588} INFO - Filling up the DagBag from /opt/airflow/dags/ingestion_pipelines_dag.py
[2026-09-10T08:59:13.912+0000] {processor.py:925} INFO - DAG(s) 'datalake_ingestion_pipelines' retrieved from /opt/airflow/dags/ingestion_pipelines_dag.py
[2026-09-10T08:59:13.956+0000] {logging_mixin.py:190} INFO - [2026-09-10T08:59:13.956+0000] {dag.py:3239} INFO - Sync 1 DAGs
[2026-09-10T08:59:13.997+0000] {logging_mixin.py:190} INFO - [2026-09-10T08:59:13.997+0000] {dag.py:4180} INFO - Setting next_dagrun for datalake_ingestion_pipelines to 2026-09-10 08:00:00+00:00, run_after=2026-09-10 09:00:00+00:00
[2026-09-10T08:59:14.070+0000] {processor.py:208} INFO - Processing /opt/airflow/dags/ingestion_pipelines_dag.py took 0.232 seconds
[2026-09-10T08:59:44.312+0000] {processor.py:186} INFO - Started process (PID=266) to work on /opt/airflow/dags/ingestion_pipelines_dag.py
[2026-09-10T08:59:44.314+0000] {processor.py:914} INFO - Processing file /opt/airflow/dags/ingestion_pipelines_dag.py for tasks to queue
[2026-09-10T08:59:44.317+0000] {logging_mixin.py:190} INFO - [2026-09-10T08:59:44.317+0000] {dagbag.py:588} INFO - Filling up the DagBag from /opt/airflow/dags/ingestion_pipelines_dag.py
[2026-09-10T08:59:44.364+0000] {processor.py:925} INFO - DAG(s) 'datalake_ingestion_pipelines' retrieved from /opt/airflow/dags/ingestion_pipelines_dag.py
[2026-09-10T08:59:44.400+0000] {logging_mixin.py:190} INFO - [2026-09-10T08:59:44.400+0000] {dag.py:3239} INFO - Sync 1 DAGs
[2026-09-10T08:59:44.432+0000] {logging_mixin.py:190} INFO - [2026-09-10T08:59:44.432+0000] {dag.py:4180} INFO - Setting next_dagrun for datalake_ingestion_pipelines to 2026-09-10 08:00:00+00:00, run_after=2026-09-10 09:00:00+00:00
[2026-09-10T08:59:44.458+0000] {processor.py:208} INFO - Processing /opt/airflow/dags/ingestion_pipelines_dag.py took 0.153 seconds
[2026-09-10T09:00:14.945+0000] {processor.py:186} INFO - Started process (PID=291) to work on /opt/airflow/dags/ingestion_pipelines_dag.py
[2026-09-10T09:00:14.946+0000] {processor.py:914} INFO - Processing file /opt/airflow/dags/ingestion_pipelines_dag.py for tasks to queue
[2026-09-10T09:00:14.952+0000] {logging_mixin.py:190} INFO - [2026-09-10T09:00:14.950+0000] {dagbag.py:588} INFO - Filling up the DagBag from /opt/airflow/dags/ingestion_pipelines_dag.py
[2026-09-10T09:00:15.007+0000] {processor.py:925} INFO - DAG(s) 'datalake_ingestion_pipelines' retrieved from /opt/airflow/dags/ingestion_pipelines_dag.py
[2026-09-10T09:00:15.097+0000] {logging_mixin.py:190} INFO - [2026-09-10T09:00:15.096+0000] {dag.py:3239} INFO - Sync 1 DAGs
[2026-09-10T09:00:15.191+0000] {processor.py:208} INFO - Processing /opt/airflow/dags/ingestion_pipelines_dag.py took 0.256 seconds
[2026-09-10T09:00:45.549+0000] {processor.py:186} INFO - Started process (PID=303) to work on /opt/airflow/dags/ingestion_pipelines_dag.py
[2026-09-10T09:00:45.550+0000] {processor.py:914} INFO - Processing file /opt/airflow/dags/ingestion_pipelines_dag.py for tasks to queue
[2026-09-10T09:00:45.557+0000] {logging_mixin.py:190} INFO - [2026-09-10T09:00:45.556+0000] {dagbag.py:588} INFO - Filling up the DagBag from /opt/airflow/dags/ingestion_pipelines_dag.py
[2026-09-10T09:00:45.672+0000] {processor.py:925} INFO - DAG(s) 'datalake_ingestion_pipelines' retrieved from /opt/airflow/dags/ingestion_pipelines_dag.py
[2026-09-10T09:00:45.772+0000] {logging_mixin.py:190} INFO - [2026-09-10T09:00:45.772+0000] {dag.py:3239} INFO - Sync 1 DAGs
[2026-09-10T09:00:45.924+0000] {processor.py:208} INFO - Processing /opt/airflow/dags/ingestion_pipelines_dag.py took 0.387 seconds
[2026-09-10T09:01:16.374+0000] {processor.py:186} INFO - Started process (PID=309) to work on /opt/airflow/dags/ingestion_pipelines_dag.py
[2026-09-10T09:01:16.376+0000] {processor.py:914} INFO - Processing file /opt/airflow/dags/ingestion_pipelines_dag.py for tasks to queue
[2026-09-10T09:01:16.385+0000] {logging_mixin.py:190} INFO - [2026-09-10T09:01:16.382+0000] {dagbag.py:588} INFO - Filling up the DagBag from /opt/airflow/dags/ingestion_pipelines_dag.py
[2026-09-10T09:01:16.437+0000] {processor.py:925} INFO - DAG(s) 'datalake_ingestion_pipelines' retrieved from /opt/airflow/dags/ingestion_pipelines_dag.py
[2026-09-10T09:01:16.492+0000] {logging_mixin.py:190} INFO - [2026-09-10T09:01:16.492+0000] {dag.py:3239} INFO - Sync 1 DAGs
[2026-09-10T09:01:16.586+0000] {processor.py:208} INFO - Processing /opt/airflow/dags/ingestion_pipelines_dag.py took 0.224 seconds
[2026-09-10T09:01:47.350+0000] {processor.py:186} INFO - Started process (PID=322) to work on /opt/airflow/dags/ingestion_pipelines_dag.py
[2026-09-10T09:01:47.354+0000] {processor.py:914} INFO - Processing file /opt/airflow/dags/ingestion_pipelines_dag.py for tasks to queue
[2026-09-10T09:01:47.361+0000] {logging_mixin.py:190} INFO - [2026-09-10T09:01:47.359+0000] {dagbag.py:588} INFO - Filling up the DagBag from /opt/airflow/dags/ingestion_pipelines_dag.py
[2026-09-10T09:01:47.432+0000] {processor.py:925} INFO - DAG(s) 'datalake_ingestion_pipelines' retrieved from /opt/airflow/dags/ingestion_pipelines_dag.py
[2026-09-10T09:01:47.540+0000] {logging_mixin.py:190} INFO - [2026-09-10T09:01:47.540+0000] {dag.py:3239} INFO - Sync 1 DAGs
[2026-09-10T09:01:47.644+0000] {processor.py:208} INFO - Processing /opt/airflow/dags/ingestion_pipelines_dag.py took 0.314 seconds
[2026-09-10T09:02:17.834+0000] {processor.py:186} INFO - Started process (PID=335) to work on /opt/airflow/dags/ingestion_pipelines_dag.py
[2026-09-10T09:02:17.844+0000] {processor.py:914} INFO - Processing file /opt/airflow/dags/ingestion_pipelines_dag.py for tasks to queue
[2026-09-10T09:02:17.853+0000] {logging_mixin.py:190} INFO - [2026-09-10T09:02:17.851+0000] {dagbag.py:588} INFO - Filling up the DagBag from /opt/airflow/dags/ingestion_pipelines_dag.py
[2026-09-10T09:02:17.971+0000] {processor.py:925} INFO - DAG(s) 'datalake_ingestion_pipelines' retrieved from /opt/airflow/dags/ingestion_pipelines_dag.py
[2026-09-10T09:02:18.091+0000] {logging_mixin.py:190} INFO - [2026-09-10T09:02:18.090+0000] {dag.py:3239} INFO - Sync 1 DAGs
[2026-09-10T09:02:18.280+0000] {processor.py:208} INFO - Processing /opt/airflow/dags/ingestion_pipelines_dag.py took 0.466 seconds
[2026-09-10T09:02:48.827+0000] {processor.py:186} INFO - Started process (PID=348) to work on /opt/airflow/dags/ingestion_pipelines_dag.py
[2026-09-10T09:02:48.829+0000] {processor.py:914} INFO - Processing file /opt/airflow/dags/ingestion_pipelines_dag.py for tasks to queue
[2026-09-10T09:02:48.835+0000] {logging_mixin.py:190} INFO - [2026-09-10T09:02:48.834+0000] {dagbag.py:588} INFO - Filling up the DagBag from /opt/airflow/dags/ingestion_pipelines_dag.py
[2026-09-10T09:02:48.887+0000] {processor.py:925} INFO - DAG(s) 'datalake_ingestion_pipelines' retrieved from /opt/airflow/dags/ingestion_pipelines_dag.py
[2026-09-10T09:02:48.970+0000] {logging_mixin.py:190} INFO - [2026-09-10T09:02:48.969+0000] {dag.py:3239} INFO - Sync 1 DAGs
[2026-09-10T09:02:49.066+0000] {processor.py:208} INFO - Processing /opt/airflow/dags/ingestion_pipelines_dag.py took 0.248 seconds
[2026-09-10T09:03:19.131+0000] {processor.py:186} INFO - Started process (PID=360) to work on /opt/airflow/dags/ingestion_pipelines_dag.py
[2026-09-10T09:03:19.132+0000] {processor.py:914} INFO - Processing file /opt/airflow/dags/ingestion_pipelines_dag.py for tasks to queue
[2026-09-10T09:03:19.135+0000] {logging_mixin.py:190} INFO - [2026-09-10T09:03:19.135+0000] {dagbag.py:588} INFO - Filling up the DagBag from /opt/airflow/dags/ingestion_pipelines_dag.py
[2026-09-10T09:03:19.167+0000] {processor.py:925} INFO - DAG(s) 'datalake_ingestion_pipelines' retrieved from /opt/airflow/dags/ingestion_pipelines_dag.py
[2026-09-10T09:03:19.204+0000] {logging_mixin.py:190} INFO - [2026-09-10T09:03:19.204+0000] {dag.py:3239} INFO - Sync 1 DAGs
[2026-09-10T09:03:19.253+0000] {logging_mixin.py:190} INFO - [2026-09-10T09:03:19.252+0000] {dag.py:4180} INFO - Setting next_dagrun for datalake_ingestion_pipelines to 2026-09-10 09:00:00+00:00, run_after=2026-09-10 10:00:00+00:00
[2026-09-10T09:03:19.287+0000] {processor.py:208} INFO - Processing /opt/airflow/dags/ingestion_pipelines_dag.py took 0.163 seconds
[2026-09-10T09:03:49.546+0000] {processor.py:186} INFO - Started process (PID=366) to work on /opt/airflow/dags/ingestion_pipelines_dag.py
[2026-09-10T09:03:49.548+0000] {processor.py:914} INFO - Processing file /opt/airflow/dags/ingestion_pipelines_dag.py for tasks to queue
[2026-09-10T09:03:49.551+0000] {logging_mixin.py:190} INFO - [2026-09-10T09:03:49.551+0000] {dagbag.py:588} INFO - Filling up the DagBag from /opt/airflow/dags/ingestion_pipelines_dag.py
[2026-09-10T09:03:49.585+0000] {processor.py:925} INFO - DAG(s) 'datalake_ingestion_pipelines' retrieved from /opt/airflow/dags/ingestion_pipelines_dag.py
[2026-09-10T09:03:49.622+0000] {logging_mixin.py:190} INFO - [2026-09-10T09:03:49.622+0000] {dag.py:3239} INFO - Sync 1 DAGs
[2026-09-10T09:03:49.656+0000] {logging_mixin.py:190} INFO - [2026-09-10T09:03:49.656+0000] {dag.py:4180} INFO - Setting next_dagrun for datalake_ingestion_pipelines to 2026-09-10 09:00:00+00:00, run_after=2026-09-10 10:00:00+00:00
[2026-09-10T09:03:49.756+0000] {processor.py:208} INFO - Processing /opt/airflow/dags/ingestion_pipelines_dag.py took 0.218 seconds
[2026-09-10T09:04:20.139+0000] {processor.py:186} INFO - Started process (PID=379) to work on /opt/airflow/dags/ingestion_pipelines_dag.py
[2026-09-10T09:04:20.143+0000] {processor.py:914} INFO - Processing file /opt/airflow/dags/ingestion_pipelines_dag.py for tasks to queue
[2026-09-10T09:04:20.150+0000] {logging_mixin.py:190} INFO - [2026-09-10T09:04:20.148+0000] {dagbag.py:588} INFO - Filling up the DagBag from /opt/airflow/dags/ingestion_pipelines_dag.py
[2026-09-10T09:04:20.194+0000] {processor.py:925} INFO - DAG(s) 'datalake_ingestion_pipelines' retrieved from /opt/airflow/dags/ingestion_pipelines_dag.py
[2026-09-10T09:04:20.254+0000] {logging_mixin.py:190} INFO - [2026-09-10T09:04:20.254+0000] {dag.py:3239} INFO - Sync 1 DAGs
[2026-09-10T09:04:20.284+0000] {logging_mixin.py:190} INFO - [2026-09-10T09:04:20.283+0000] {dag.py:4180} INFO - Setting next_dagrun for datalake_ingestion_pipelines to 2026-09-10 09:00:00+00:00, run_after=2026-09-10 10:00:00+00:00
[2026-09-10T09:04:20.310+0000] {processor.py:208} INFO - Processing /opt/airflow/dags/ingestion_pipelines_dag.py took 0.188 seconds
[2026-09-10T09:04:50.507+0000] {processor.py:186} INFO - Started process (PID=392) to work on /opt/airflow/dags/ingestion_pipelines_dag.py
[2026-09-10T09:04:50.509+0000] {processor.py:914} INFO - Processing file /opt/airflow/dags/ingestion_pipelines_dag.py for tasks to queue
[2026-09-10T09:04:50.513+0000] {logging_mixin.py:190} INFO - [2026-09-10T09:04:50.512+0000] {dagbag.py:588} INFO - Filling up the DagBag from /opt/airflow/dags/ingestion_pipelines_dag.py
[2026-09-10T09:04:50.551+0000] {processor.py:925} INFO - DAG(s) 'datalake_ingestion_pipelines' retrieved from /opt/airflow/dags/ingestion_pipelines_dag.py
[2026-09-10T09:04:50.591+0000] {logging_mixin.py:190} INFO - [2026-09-10T09:04:50.590+0000] {dag.py:3239} INFO - Sync 1 DAGs
[2026-09-10T09:04:50.622+0000] {logging_mixin.py:190} INFO - [2026-09-10T09:04:50.621+0000] {dag.py:4180} INFO - Setting next_dagrun for datalake_ingestion_pipelines to 2026-09-10 09:00:00+00:00, run_after=2026-09-10 10:00:00+00:00
[2026-09-10T09:04:50.649+0000] {processor.py:208} INFO - Processing /opt/airflow/dags/ingestion_pipelines_dag.py took 0.151 seconds
[2026-09-10T09:05:20.933+0000] {processor.py:186} INFO - Started process (PID=405) to work on /opt/airflow/dags/ingestion_pipelines_dag.py
[2026-09-10T09:05:20.935+0000] {processor.py:914} INFO - Processing file /opt/airflow/dags/ingestion_pipelines_dag.py for tasks to queue
[2026-09-10T09:05:20.939+0000] {logging_mixin.py:190} INFO - [2026-09-10T09:05:20.938+0000] {dagbag.py:588} INFO - Filling up the DagBag from /opt/airflow/dags/ingestion_pipelines_dag.py
[2026-09-10T09:05:20.992+0000] {processor.py:925} INFO - DAG(s) 'datalake_ingestion_pipelines' retrieved from /opt/airflow/dags/ingestion_pipelines_dag.py
[2026-09-10T09:05:21.032+0000] {logging_mixin.py:190} INFO - [2026-09-10T09:05:21.032+0000] {dag.py:3239} INFO - Sync 1 DAGs
[2026-09-10T09:05:21.069+0000] {logging_mixin.py:190} INFO - [2026-09-10T09:05:21.069+0000] {dag.py:4180} INFO - Setting next_dagrun for datalake_ingestion_pipelines to 2026-09-10 09:00:00+00:00, run_after=2026-09-10 10:00:00+00:00
[2026-09-10T09:05:21.181+0000] {processor.py:208} INFO - Processing /opt/airflow/dags/ingestion_pipelines_dag.py took 0.256 seconds
[2026-09-10T09:05:51.444+0000] {processor.py:186} INFO - Started process (PID=418) to work on /opt/airflow/dags/ingestion_pipelines_dag.py
[2026-09-10T09:05:51.446+0000] {processor.py:914} INFO - Processing file /opt/airflow/dags/ingestion_pipelines_dag.py for tasks to queue
[2026-09-10T09:05:51.449+0000] {logging_mixin.py:190} INFO - [2026-09-10T09:05:51.449+0000] {dagbag.py:588} INFO - Filling up the DagBag from /opt/airflow/dags/ingestion_pipelines_dag.py
[2026-09-10T09:05:51.509+0000] {processor.py:925} INFO - DAG(s) 'datalake_ingestion_pipelines' retrieved from /opt/airflow/dags/ingestion_pipelines_dag.py
[2026-09-10T09:05:51.563+0000] {logging_mixin.py:190} INFO - [2026-09-10T09:05:51.562+0000] {dag.py:3239} INFO - Sync 1 DAGs
[2026-09-10T09:05:51.600+0000] {logging_mixin.py:190} INFO - [2026-09-10T09:05:51.600+0000] {dag.py:4180} INFO - Setting next_dagrun for datalake_ingestion_pipelines to 2026-09-10 09:00:00+00:00, run_after=2026-09-10 10:00:00+00:00
[2026-09-10T09:05:51.633+0000] {processor.py:208} INFO - Processing /opt/airflow/dags/ingestion_pipelines_dag.py took 0.196 seconds
[2026-09-10T09:06:21.976+0000] {processor.py:186} INFO - Started process (PID=430) to work on /opt/airflow/dags/ingestion_pipelines_dag.py
[2026-09-10T09:06:21.978+0000] {processor.py:914} INFO - Processing file /opt/airflow/dags/ingestion_pipelines_dag.py for tasks to queue
[2026-09-10T09:06:21.981+0000] {logging_mixin.py:190} INFO - [2026-09-10T09:06:21.981+0000] {dagbag.py:588} INFO - Filling up the DagBag from /opt/airflow/dags/ingestion_pipelines_dag.py
[2026-09-10T09:06:22.015+0000] {processor.py:925} INFO - DAG(s) 'datalake_ingestion_pipelines' retrieved from /opt/airflow/dags/ingestion_pipelines_dag.py
[2026-09-10T09:06:22.048+0000] {logging_mixin.py:190} INFO - [2026-09-10T09:06:22.047+0000] {dag.py:3239} INFO - Sync 1 DAGs
[2026-09-10T09:06:22.077+0000] {logging_mixin.py:190} INFO - [2026-09-10T09:06:22.076+0000] {dag.py:4180} INFO - Setting next_dagrun for datalake_ingestion_pipelines to 2026-09-10 09:00:00+00:00, run_after=2026-09-10 10:00:00+00:00
[2026-09-10T09:06:22.101+0000] {processor.py:208} INFO - Processing /opt/airflow/dags/ingestion_pipelines_dag.py took 0.132 seconds
[2026-09-10T09:06:52.505+0000] {processor.py:186} INFO - Started process (PID=443) to work on /opt/airflow/dags/ingestion_pipelines_dag.py
[2026-09-10T09:06:52.507+0000] {processor.py:914} INFO - Processing file /opt/airflow/dags/ingestion_pipelines_dag.py for tasks to queue
[2026-09-10T09:06:52.510+0000] {logging_mixin.py:190} INFO - [2026-09-10T09:06:52.510+0000] {dagbag.py:588} INFO - Filling up the DagBag from /opt/airflow/dags/ingestion_pipelines_dag.py
[2026-09-10T09:06:52.559+0000] {processor.py:925} INFO - DAG(s) 'datalake_ingestion_pipelines' retrieved from /opt/airflow/dags/ingestion_pipelines_dag.py
[2026-09-10T09:06:52.599+0000] {logging_mixin.py:190} INFO - [2026-09-10T09:06:52.598+0000] {dag.py:3239} INFO - Sync 1 DAGs
[2026-09-10T09:06:52.636+0000] {logging_mixin.py:190} INFO - [2026-09-10T09:06:52.635+0000] {dag.py:4180} INFO - Setting next_dagrun for datalake_ingestion_pipelines to 2026-09-10 09:00:00+00:00, run_after=2026-09-10 10:00:00+00:00
[2026-09-10T09:06:52.664+0000] {processor.py:208} INFO - Processing /opt/airflow/dags/ingestion_pipelines_dag.py took 0.167 seconds
[2026-09-10T09:07:22.897+0000] {processor.py:186} INFO - Started process (PID=456) to work on /opt/airflow/dags/ingestion_pipelines_dag.py
[2026-09-10T09:07:22.900+0000] {processor.py:914} INFO - Processing file /opt/airflow/dags/ingestion_pipelines_dag.py for tasks to queue
[2026-09-10T09:07:22.906+0000] {logging_mixin.py:190} INFO - [2026-09-10T09:07:22.905+0000] {dagbag.py:588} INFO - Filling up the DagBag from /opt/airflow/dags/ingestion_pipelines_dag.py
[2026-09-10T09:07:22.941+0000] {processor.py:925} INFO - DAG(s) 'datalake_ingestion_pipelines' retrieved from /opt/airflow/dags/ingestion_pipelines_dag.py
[2026-09-10T09:07:22.979+0000] {logging_mixin.py:190} INFO - [2026-09-10T09:07:22.979+0000] {dag.py:3239} INFO - Sync 1 DAGs
[2026-09-10T09:07:23.010+0000] {logging_mixin.py:190} INFO - [2026-09-10T09:07:23.009+0000] {dag.py:4180} INFO - Setting next_dagrun for datalake_ingestion_pipelines to 2026-09-10 09:00:00+00:00, run_after=2026-09-10 10:00:00+00:00
[2026-09-10T09:07:23.036+0000] {processor.py:208} INFO - Processing /opt/airflow/dags/ingestion_pipelines_dag.py took 0.148 seconds
[2026-09-10T09:07:53.507+0000] {processor.py:186} INFO - Started process (PID=469) to work on /opt/airflow/dags/ingestion_pipelines_dag.py
[2026-09-10T09:07:53.510+0000] {processor.py:914} INFO - Processing file /opt/airflow/dags/ingestion_pipelines_dag.py for tasks to queue
[2026-09-10T09:07:53.513+0000] {logging_mixin.py:190} INFO - [2026-09-10T09:07:53.513+0000] {dagbag.py:588} INFO - Filling up the DagBag from /opt/airflow/dags/ingestion_pipelines_dag.py
[2026-09-10T09:07:53.603+0000] {processor.py:925} INFO - DAG(s) 'datalake_ingestion_pipelines' retrieved from /opt/airflow/dags/ingestion_pipelines_dag.py
[2026-09-10T09:07:53.650+0000] {logging_mixin.py:190} INFO - [2026-09-10T09:07:53.650+0000] {dag.py:3239} INFO - Sync 1 DAGs
[2026-09-10T09:07:53.689+0000] {logging_mixin.py:190} INFO - [2026-09-10T09:07:53.689+0000] {dag.py:4180} INFO - Setting next_dagrun for datalake_ingestion_pipelines to 2026-09-10 09:00:00+00:00, run_after=2026-09-10 10:00:00+00:00
[2026-09-10T09:07:53.783+0000] {processor.py:208} INFO - Processing /opt/airflow/dags/ingestion_pipelines_dag.py took 0.288 seconds
[2026-09-10T09:08:23.861+0000] {processor.py:186} INFO - Started process (PID=481) to work on /opt/airflow/dags/ingestion_pipelines_dag.py
[2026-09-10T09:08:23.863+0000] {processor.py:914} INFO - Processing file /opt/airflow/dags/ingestion_pipelines_dag.py for tasks to queue
[2026-09-10T09:08:23.866+0000] {logging_mixin.py:190} INFO - [2026-09-10T09:08:23.866+0000] {dagbag.py:588} INFO - Filling up the DagBag from /opt/airflow/dags/ingestion_pipelines_dag.py
[2026-09-10T09:08:23.897+0000] {processor.py:925} INFO - DAG(s) 'datalake_ingestion_pipelines' retrieved from /opt/airflow/dags/ingestion_pipelines_dag.py
[2026-09-10T09:08:23.946+0000] {logging_mixin.py:190} INFO - [2026-09-10T09:08:23.946+0000] {dag.py:3239} INFO - Sync 1 DAGs
[2026-09-10T09:08:23.986+0000] {logging_mixin.py:190} INFO - [2026-09-10T09:08:23.985+0000] {dag.py:4180} INFO - Setting next_dagrun for datalake_ingestion_pipelines to 2026-09-10 09:00:00+00:00, run_after=2026-09-10 10:00:00+00:00
[2026-09-10T09:08:24.067+0000] {processor.py:208} INFO - Processing /opt/airflow/dags/ingestion_pipelines_dag.py took 0.214 seconds
[2026-09-10T09:08:54.227+0000] {processor.py:186} INFO - Started process (PID=487) to work on /opt/airflow/dags/ingestion_pipelines_dag.py
[2026-09-10T09:08:54.228+0000] {processor.py:914} INFO - Processing file /opt/airflow/dags/ingestion_pipelines_dag.py for tasks to queue
[2026-09-10T09:08:54.231+0000] {logging_mixin.py:190} INFO - [2026-09-10T09:08:54.230+0000] {dagbag.py:588} INFO - Filling up the DagBag from /opt/airflow/dags/ingestion_pipelines_dag.py
[2026-09-10T09:08:54.266+0000] {processor.py:925} INFO - DAG(s) 'datalake_ingestion_pipelines' retrieved from /opt/airflow/dags/ingestion_pipelines_dag.py
[2026-09-10T09:08:54.305+0000] {logging_mixin.py:190} INFO - [2026-09-10T09:08:54.305+0000] {dag.py:3239} INFO - Sync 1 DAGs
[2026-09-10T09:08:54.333+0000] {logging_mixin.py:190} INFO - [2026-09-10T09:08:54.333+0000] {dag.py:4180} INFO - Setting next_dagrun for datalake_ingestion_pipelines to 2026-09-10 09:00:00+00:00, run_after=2026-09-10 10:00:00+00:00
[2026-09-10T09:08:54.358+0000] {processor.py:208} INFO - Processing /opt/airflow/dags/ingestion_pipelines_dag.py took 0.137 seconds
[2026-09-10T09:09:24.630+0000] {processor.py:186} INFO - Started process (PID=500) to work on /opt/airflow/dags/ingestion_pipelines_dag.py
[2026-09-10T09:09:24.632+0000] {processor.py:914} INFO - Processing file /opt/airflow/dags/ingestion_pipelines_dag.py for tasks to queue
[2026-09-10T09:09:24.636+0000] {logging_mixin.py:190} INFO - [2026-09-10T09:09:24.635+0000] {dagbag.py:588} INFO - Filling up the DagBag from /opt/airflow/dags/ingestion_pipelines_dag.py
[2026-09-10T09:09:24.658+0000] {processor.py:925} INFO - DAG(s) 'datalake_ingestion_pipelines' retrieved from /opt/airflow/dags/ingestion_pipelines_dag.py
[2026-09-10T09:09:24.697+0000] {logging_mixin.py:190} INFO - [2026-09-10T09:09:24.697+0000] {dag.py:3239} INFO - Sync 1 DAGs
[2026-09-10T09:09:24.731+0000] {logging_mixin.py:190} INFO - [2026-09-10T09:09:24.731+0000] {dag.py:4180} INFO - Setting next_dagrun for datalake_ingestion_pipelines to 2026-09-10 09:00:00+00:00, run_after=2026-09-10 10:00:00+00:00
[2026-09-10T09:09:24.764+0000] {processor.py:208} INFO - Processing /opt/airflow/dags/ingestion_pipelines_dag.py took 0.140 seconds
[2026-09-10T09:09:55.109+0000] {processor.py:186} INFO - Started process (PID=513) to work on /opt/airflow/dags/ingestion_pipelines_dag.py
[2026-09-10T09:09:55.110+0000] {processor.py:914} INFO - Processing file /opt/airflow/dags/ingestion_pipelines_dag.py for tasks to queue
[2026-09-10T09:09:55.113+0000] {logging_mixin.py:190} INFO - [2026-09-10T09:09:55.113+0000] {dagbag.py:588} INFO - Filling up the DagBag from /opt/airflow/dags/ingestion_pipelines_dag.py
[2026-09-10T09:09:55.142+0000] {processor.py:925} INFO - DAG(s) 'datalake_ingestion_pipelines' retrieved from /opt/airflow/dags/ingestion_pipelines_dag.py
[2026-09-10T09:09:55.178+0000] {logging_mixin.py:190} INFO - [2026-09-10T09:09:55.178+0000] {dag.py:3239} INFO - Sync 1 DAGs
[2026-09-10T09:09:55.207+0000] {logging_mixin.py:190} INFO - [2026-09-10T09:09:55.207+0000] {dag.py:4180} INFO - Setting next_dagrun for datalake_ingestion_pipelines to 2026-09-10 09:00:00+00:00, run_after=2026-09-10 10:00:00+00:00
[2026-09-10T09:09:55.269+0000] {processor.py:208} INFO - Processing /opt/airflow/dags/ingestion_pipelines_dag.py took 0.168 seconds
[2026-09-10T09:10:25.490+0000] {processor.py:186} INFO - Started process (PID=526) to work on /opt/airflow/dags/ingestion_pipelines_dag.py
[2026-09-10T09:10:25.492+0000] {processor.py:914} INFO - Processing file /opt/airflow/dags/ingestion_pipelines_dag.py for tasks to queue
[2026-09-10T09:10:25.497+0000] {logging_mixin.py:190} INFO - [2026-09-10T09:10:25.497+0000] {dagbag.py:588} INFO - Filling up the DagBag from /opt/airflow/dags/ingestion_pipelines_dag.py
[2026-09-10T09:10:25.532+0000] {processor.py:925} INFO - DAG(s) 'datalake_ingestion_pipelines' retrieved from /opt/airflow/dags/ingestion_pipelines_dag.py
[2026-09-10T09:10:25.575+0000] {logging_mixin.py:190} INFO - [2026-09-10T09:10:25.575+0000] {dag.py:3239} INFO - Sync 1 DAGs
[2026-09-10T09:10:25.608+0000] {logging_mixin.py:190} INFO - [2026-09-10T09:10:25.608+0000] {dag.py:4180} INFO - Setting next_dagrun for datalake_ingestion_pipelines to 2026-09-10 09:00:00+00:00, run_after=2026-09-10 10:00:00+00:00
[2026-09-10T09:10:25.695+0000] {processor.py:208} INFO - Processing /opt/airflow/dags/ingestion_pipelines_dag.py took 0.214 seconds
[2026-09-10T09:10:55.948+0000] {processor.py:186} INFO - Started process (PID=539) to work on /opt/airflow/dags/ingestion_pipelines_dag.py
[2026-09-10T09:10:55.950+0000] {processor.py:914} INFO - Processing file /opt/airflow/dags/ingestion_pipelines_dag.py for tasks to queue
[2026-09-10T09:10:55.953+0000] {logging_mixin.py:190} INFO - [2026-09-10T09:10:55.952+0000] {dagbag.py:588} INFO - Filling up the DagBag from /opt/airflow/dags/ingestion_pipelines_dag.py
[2026-09-10T09:10:55.987+0000] {processor.py:925} INFO - DAG(s) 'datalake_ingestion_pipelines' retrieved from /opt/airflow/dags/ingestion_pipelines_dag.py
[2026-09-10T09:10:56.020+0000] {logging_mixin.py:190} INFO - [2026-09-10T09:10:56.020+0000] {dag.py:3239} INFO - Sync 1 DAGs
[2026-09-10T09:10:56.048+0000] {logging_mixin.py:190} INFO - [2026-09-10T09:10:56.048+0000] {dag.py:4180} INFO - Setting next_dagrun for datalake_ingestion_pipelines to 2026-09-10 09:00:00+00:00, run_after=2026-09-10 10:00:00+00:00
[2026-09-10T09:10:56.145+0000] {processor.py:208} INFO - Processing /opt/airflow/dags/ingestion_pipelines_dag.py took 0.203 seconds
[2026-09-10T09:11:26.418+0000] {processor.py:186} INFO - Started process (PID=551) to work on /opt/airflow/dags/ingestion_pipelines_dag.py
[2026-09-10T09:11:26.420+0000] {processor.py:914} INFO - Processing file /opt/airflow/dags/ingestion_pipelines_dag.py for tasks to queue
[2026-09-10T09:11:26.423+0000] {logging_mixin.py:190} INFO - [2026-09-10T09:11:26.422+0000] {dagbag.py:588} INFO - Filling up the DagBag from /opt/airflow/dags/ingestion_pipelines_dag.py
[2026-09-10T09:11:26.445+0000] {processor.py:925} INFO - DAG(s) 'datalake_ingestion_pipelines' retrieved from /opt/airflow/dags/ingestion_pipelines_dag.py
[2026-09-10T09:11:26.478+0000] {logging_mixin.py:190} INFO - [2026-09-10T09:11:26.477+0000] {dag.py:3239} INFO - Sync 1 DAGs
[2026-09-10T09:11:26.506+0000] {logging_mixin.py:190} INFO - [2026-09-10T09:11:26.506+0000] {dag.py:4180} INFO - Setting next_dagrun for datalake_ingestion_pipelines to 2026-09-10 09:00:00+00:00, run_after=2026-09-10 10:00:00+00:00
[2026-09-10T09:11:26.594+0000] {processor.py:208} INFO - Processing /opt/airflow/dags/ingestion_pipelines_dag.py took 0.181 seconds
[2026-09-10T09:11:57.001+0000] {processor.py:186} INFO - Started process (PID=564) to work on /opt/airflow/dags/ingestion_pipelines_dag.py
[2026-09-10T09:11:57.003+0000] {processor.py:914} INFO - Processing file /opt/airflow/dags/ingestion_pipelines_dag.py for tasks to queue
[2026-09-10T09:11:57.006+0000] {logging_mixin.py:190} INFO - [2026-09-10T09:11:57.005+0000] {dagbag.py:588} INFO - Filling up the DagBag from /opt/airflow/dags/ingestion_pipelines_dag.py
[2026-09-10T09:11:57.029+0000] {processor.py:925} INFO - DAG(s) 'datalake_ingestion_pipelines' retrieved from /opt/airflow/dags/ingestion_pipelines_dag.py
[2026-09-10T09:11:57.059+0000] {logging_mixin.py:190} INFO - [2026-09-10T09:11:57.059+0000] {dag.py:3239} INFO - Sync 1 DAGs
[2026-09-10T09:11:57.089+0000] {logging_mixin.py:190} INFO - [2026-09-10T09:11:57.089+0000] {dag.py:4180} INFO - Setting next_dagrun for datalake_ingestion_pipelines to 2026-09-10 09:00:00+00:00, run_after=2026-09-10 10:00:00+00:00
[2026-09-10T09:11:57.173+0000] {processor.py:208} INFO - Processing /opt/airflow/dags/ingestion_pipelines_dag.py took 0.178 seconds
[2026-09-10T09:12:27.401+0000] {processor.py:186} INFO - Started process (PID=577) to work on /opt/airflow/dags/ingestion_pipelines_dag.py
[2026-09-10T09:12:27.403+0000] {processor.py:914} INFO - Processing file /opt/airflow/dags/ingestion_pipelines_dag.py for tasks to queue
[2026-09-10T09:12:27.407+0000] {logging_mixin.py:190} INFO - [2026-09-10T09:12:27.406+0000] {dagbag.py:588} INFO - Filling up the DagBag from /opt/airflow/dags/ingestion_pipelines_dag.py
[2026-09-10T09:12:27.459+0000] {processor.py:925} INFO - DAG(s) 'datalake_ingestion_pipelines' retrieved from /opt/airflow/dags/ingestion_pipelines_dag.py
[2026-09-10T09:12:27.500+0000] {logging_mixin.py:190} INFO - [2026-09-10T09:12:27.500+0000] {dag.py:3239} INFO - Sync 1 DAGs
[2026-09-10T09:12:27.531+0000] {logging_mixin.py:190} INFO - [2026-09-10T09:12:27.530+0000] {dag.py:4180} INFO - Setting next_dagrun for datalake_ingestion_pipelines to 2026-09-10 09:00:00+00:00, run_after=2026-09-10 10:00:00+00:00
[2026-09-10T09:12:27.561+0000] {processor.py:208} INFO - Processing /opt/airflow/dags/ingestion_pipelines_dag.py took 0.168 seconds
[2026-09-10T09:12:57.831+0000] {processor.py:186} INFO - Started process (PID=590) to work on /opt/airflow/dags/ingestion_pipelines_dag.py
[2026-09-10T09:12:57.833+0000] {processor.py:914} INFO - Processing file /opt/airflow/dags/ingestion_pipelines_dag.py for tasks to queue
[2026-09-10T09:12:57.840+0000] {logging_mixin.py:190} INFO - [2026-09-10T09:12:57.839+0000] {dagbag.py:588} INFO - Filling up the DagBag from /opt/airflow/dags/ingestion_pipelines_dag.py
[2026-09-10T09:12:57.886+0000] {processor.py:925} INFO - DAG(s) 'datalake_ingestion_pipelines' retrieved from /opt/airflow/dags/ingestion_pipelines_dag.py
[2026-09-10T09:12:57.931+0000] {logging_mixin.py:190} INFO - [2026-09-10T09:12:57.931+0000] {dag.py:3239} INFO - Sync 1 DAGs
[2026-09-10T09:12:57.963+0000] {logging_mixin.py:190} INFO - [2026-09-10T09:12:57.963+0000] {dag.py:4180} INFO - Setting next_dagrun for datalake_ingestion_pipelines to 2026-09-10 09:00:00+00:00, run_after=2026-09-10 10:00:00+00:00
[2026-09-10T09:12:57.991+0000] {processor.py:208} INFO - Processing /opt/airflow/dags/ingestion_pipelines_dag.py took 0.169 seconds
[2026-09-10T09:13:28.377+0000] {processor.py:186} INFO - Started process (PID=603) to work on /opt/airflow/dags/ingestion_pipelines_dag.py
[2026-09-10T09:13:28.379+0000] {processor.py:914} INFO - Processing file /opt/airflow/dags/ingestion_pipelines_dag.py for tasks to queue
[2026-09-10T09:13:28.382+0000] {logging_mixin.py:190} INFO - [2026-09-10T09:13:28.381+0000] {dagbag.py:588} INFO - Filling up the DagBag from /opt/airflow/dags/ingestion_pipelines_dag.py
[2026-09-10T09:13:28.432+0000] {processor.py:925} INFO - DAG(s) 'datalake_ingestion_pipelines' retrieved from /opt/airflow/dags/ingestion_pipelines_dag.py
[2026-09-10T09:13:28.513+0000] {logging_mixin.py:190} INFO - [2026-09-10T09:13:28.512+0000] {dag.py:3239} INFO - Sync 1 DAGs
[2026-09-10T09:13:28.574+0000] {logging_mixin.py:190} INFO - [2026-09-10T09:13:28.574+0000] {dag.py:4180} INFO - Setting next_dagrun for datalake_ingestion_pipelines to 2026-09-10 09:00:00+00:00, run_after=2026-09-10 10:00:00+00:00
[2026-09-10T09:13:28.665+0000] {processor.py:208} INFO - Processing /opt/airflow/dags/ingestion_pipelines_dag.py took 0.297 seconds
[2026-09-10T09:13:58.908+0000] {processor.py:186} INFO - Started process (PID=615) to work on /opt/airflow/dags/ingestion_pipelines_dag.py
[2026-09-10T09:13:58.911+0000] {processor.py:914} INFO - Processing file /opt/airflow/dags/ingestion_pipelines_dag.py for tasks to queue
[2026-09-10T09:13:58.913+0000] {logging_mixin.py:190} INFO - [2026-09-10T09:13:58.913+0000] {dagbag.py:588} INFO - Filling up the DagBag from /opt/airflow/dags/ingestion_pipelines_dag.py
[2026-09-10T09:13:58.947+0000] {processor.py:925} INFO - DAG(s) 'datalake_ingestion_pipelines' retrieved from /opt/airflow/dags/ingestion_pipelines_dag.py
[2026-09-10T09:13:58.997+0000] {logging_mixin.py:190} INFO - [2026-09-10T09:13:58.996+0000] {dag.py:3239} INFO - Sync 1 DAGs
[2026-09-10T09:13:59.045+0000] {logging_mixin.py:190} INFO - [2026-09-10T09:13:59.045+0000] {dag.py:4180} INFO - Setting next_dagrun for datalake_ingestion_pipelines to 2026-09-10 09:00:00+00:00, run_after=2026-09-10 10:00:00+00:00
[2026-09-10T09:13:59.135+0000] {processor.py:208} INFO - Processing /opt/airflow/dags/ingestion_pipelines_dag.py took 0.238 seconds
[2026-09-10T09:14:29.465+0000] {processor.py:186} INFO - Started process (PID=621) to work on /opt/airflow/dags/ingestion_pipelines_dag.py
[2026-09-10T09:14:29.468+0000] {processor.py:914} INFO - Processing file /opt/airflow/dags/ingestion_pipelines_dag.py for tasks to queue
[2026-09-10T09:14:29.472+0000] {logging_mixin.py:190} INFO - [2026-09-10T09:14:29.472+0000] {dagbag.py:588} INFO - Filling up the DagBag from /opt/airflow/dags/ingestion_pipelines_dag.py
[2026-09-10T09:14:29.513+0000] {processor.py:925} INFO - DAG(s) 'datalake_ingestion_pipelines' retrieved from /opt/airflow/dags/ingestion_pipelines_dag.py
[2026-09-10T09:14:29.559+0000] {logging_mixin.py:190} INFO - [2026-09-10T09:14:29.558+0000] {dag.py:3239} INFO - Sync 1 DAGs
[2026-09-10T09:14:29.599+0000] {logging_mixin.py:190} INFO - [2026-09-10T09:14:29.598+0000] {dag.py:4180} INFO - Setting next_dagrun for datalake_ingestion_pipelines to 2026-09-10 09:00:00+00:00, run_after=2026-09-10 10:00:00+00:00
[2026-09-10T09:14:29.627+0000] {processor.py:208} INFO - Processing /opt/airflow/dags/ingestion_pipelines_dag.py took 0.172 seconds
[2026-09-10T09:14:59.904+0000] {processor.py:186} INFO - Started process (PID=634) to work on /opt/airflow/dags/ingestion_pipelines_dag.py
[2026-09-10T09:14:59.905+0000] {processor.py:914} INFO - Processing file /opt/airflow/dags/ingestion_pipelines_dag.py for tasks to queue
[2026-09-10T09:14:59.909+0000] {logging_mixin.py:190} INFO - [2026-09-10T09:14:59.908+0000] {dagbag.py:588} INFO - Filling up the DagBag from /opt/airflow/dags/ingestion_pipelines_dag.py
[2026-09-10T09:14:59.945+0000] {processor.py:925} INFO - DAG(s) 'datalake_ingestion_pipelines' retrieved from /opt/airflow/dags/ingestion_pipelines_dag.py
[2026-09-10T09:14:59.986+0000] {logging_mixin.py:190} INFO - [2026-09-10T09:14:59.986+0000] {dag.py:3239} INFO - Sync 1 DAGs
[2026-09-10T09:15:00.028+0000] {logging_mixin.py:190} INFO - [2026-09-10T09:15:00.027+0000] {dag.py:4180} INFO - Setting next_dagrun for datalake_ingestion_pipelines to 2026-09-10 09:00:00+00:00, run_after=2026-09-10 10:00:00+00:00
[2026-09-10T09:15:00.061+0000] {processor.py:208} INFO - Processing /opt/airflow/dags/ingestion_pipelines_dag.py took 0.165 seconds
[2026-09-10T09:15:30.508+0000] {processor.py:186} INFO - Started process (PID=647) to work on /opt/airflow/dags/ingestion_pipelines_dag.py
[2026-09-10T09:15:30.510+0000] {processor.py:914} INFO - Processing file /opt/airflow/dags/ingestion_pipelines_dag.py for tasks to queue
[2026-09-10T09:15:30.565+0000] {logging_mixin.py:190} INFO - [2026-09-10T09:15:30.563+0000] {dagbag.py:588} INFO - Filling up the DagBag from /opt/airflow/dags/ingestion_pipelines_dag.py
[2026-09-10T09:15:30.729+0000] {processor.py:925} INFO - DAG(s) 'datalake_ingestion_pipelines' retrieved from /opt/airflow/dags/ingestion_pipelines_dag.py
[2026-09-10T09:15:30.802+0000] {logging_mixin.py:190} INFO - [2026-09-10T09:15:30.801+0000] {dag.py:3239} INFO - Sync 1 DAGs
[2026-09-10T09:15:30.860+0000] {logging_mixin.py:190} INFO - [2026-09-10T09:15:30.860+0000] {dag.py:4180} INFO - Setting next_dagrun for datalake_ingestion_pipelines to 2026-09-10 09:00:00+00:00, run_after=2026-09-10 10:00:00+00:00
[2026-09-10T09:15:30.908+0000] {processor.py:208} INFO - Processing /opt/airflow/dags/ingestion_pipelines_dag.py took 0.427 seconds
[2026-09-10T09:16:01.438+0000] {processor.py:186} INFO - Started process (PID=660) to work on /opt/airflow/dags/ingestion_pipelines_dag.py
[2026-09-10T09:16:01.441+0000] {processor.py:914} INFO - Processing file /opt/airflow/dags/ingestion_pipelines_dag.py for tasks to queue
[2026-09-10T09:16:01.462+0000] {logging_mixin.py:190} INFO - [2026-09-10T09:16:01.459+0000] {dagbag.py:588} INFO - Filling up the DagBag from /opt/airflow/dags/ingestion_pipelines_dag.py
[2026-09-10T09:16:01.574+0000] {processor.py:925} INFO - DAG(s) 'datalake_ingestion_pipelines' retrieved from /opt/airflow/dags/ingestion_pipelines_dag.py
[2026-09-10T09:16:01.645+0000] {logging_mixin.py:190} INFO - [2026-09-10T09:16:01.645+0000] {dag.py:3239} INFO - Sync 1 DAGs
[2026-09-10T09:16:01.693+0000] {logging_mixin.py:190} INFO - [2026-09-10T09:16:01.692+0000] {dag.py:4180} INFO - Setting next_dagrun for datalake_ingestion_pipelines to 2026-09-10 09:00:00+00:00, run_after=2026-09-10 10:00:00+00:00
[2026-09-10T09:16:01.736+0000] {processor.py:208} INFO - Processing /opt/airflow/dags/ingestion_pipelines_dag.py took 0.317 seconds
[2026-09-10T09:16:32.236+0000] {processor.py:186} INFO - Started process (PID=673) to work on /opt/airflow/dags/ingestion_pipelines_dag.py
[2026-09-10T09:16:32.238+0000] {processor.py:914} INFO - Processing file /opt/airflow/dags/ingestion_pipelines_dag.py for tasks to queue
[2026-09-10T09:16:32.248+0000] {logging_mixin.py:190} INFO - [2026-09-10T09:16:32.245+0000] {dagbag.py:588} INFO - Filling up the DagBag from /opt/airflow/dags/ingestion_pipelines_dag.py
[2026-09-10T09:16:32.322+0000] {processor.py:925} INFO - DAG(s) 'datalake_ingestion_pipelines' retrieved from /opt/airflow/dags/ingestion_pipelines_dag.py
[2026-09-10T09:16:32.383+0000] {logging_mixin.py:190} INFO - [2026-09-10T09:16:32.383+0000] {dag.py:3239} INFO - Sync 1 DAGs
[2026-09-10T09:16:32.423+0000] {logging_mixin.py:190} INFO - [2026-09-10T09:16:32.423+0000] {dag.py:4180} INFO - Setting next_dagrun for datalake_ingestion_pipelines to 2026-09-10 09:00:00+00:00, run_after=2026-09-10 10:00:00+00:00
[2026-09-10T09:16:32.460+0000] {processor.py:208} INFO - Processing /opt/airflow/dags/ingestion_pipelines_dag.py took 0.241 seconds
[2026-09-10T09:17:02.813+0000] {processor.py:186} INFO - Started process (PID=686) to work on /opt/airflow/dags/ingestion_pipelines_dag.py
[2026-09-10T09:17:02.815+0000] {processor.py:914} INFO - Processing file /opt/airflow/dags/ingestion_pipelines_dag.py for tasks to queue
[2026-09-10T09:17:02.830+0000] {logging_mixin.py:190} INFO - [2026-09-10T09:17:02.825+0000] {dagbag.py:588} INFO - Filling up the DagBag from /opt/airflow/dags/ingestion_pipelines_dag.py
[2026-09-10T09:17:02.979+0000] {processor.py:925} INFO - DAG(s) 'datalake_ingestion_pipelines' retrieved from /opt/airflow/dags/ingestion_pipelines_dag.py
[2026-09-10T09:17:03.082+0000] {logging_mixin.py:190} INFO - [2026-09-10T09:17:03.082+0000] {dag.py:3239} INFO - Sync 1 DAGs
[2026-09-10T09:17:03.191+0000] {logging_mixin.py:190} INFO - [2026-09-10T09:17:03.190+0000] {dag.py:4180} INFO - Setting next_dagrun for datalake_ingestion_pipelines to 2026-09-10 09:00:00+00:00, run_after=2026-09-10 10:00:00+00:00
[2026-09-10T09:17:03.268+0000] {processor.py:208} INFO - Processing /opt/airflow/dags/ingestion_pipelines_dag.py took 0.509 seconds
[2026-09-10T09:17:33.801+0000] {processor.py:186} INFO - Started process (PID=699) to work on /opt/airflow/dags/ingestion_pipelines_dag.py
[2026-09-10T09:17:33.804+0000] {processor.py:914} INFO - Processing file /opt/airflow/dags/ingestion_pipelines_dag.py for tasks to queue
[2026-09-10T09:17:33.812+0000] {logging_mixin.py:190} INFO - [2026-09-10T09:17:33.811+0000] {dagbag.py:588} INFO - Filling up the DagBag from /opt/airflow/dags/ingestion_pipelines_dag.py
[2026-09-10T09:17:33.876+0000] {processor.py:925} INFO - DAG(s) 'datalake_ingestion_pipelines' retrieved from /opt/airflow/dags/ingestion_pipelines_dag.py
[2026-09-10T09:17:33.945+0000] {logging_mixin.py:190} INFO - [2026-09-10T09:17:33.945+0000] {dag.py:3239} INFO - Sync 1 DAGs
[2026-09-10T09:17:34.019+0000] {logging_mixin.py:190} INFO - [2026-09-10T09:17:34.017+0000] {dag.py:4180} INFO - Setting next_dagrun for datalake_ingestion_pipelines to 2026-09-10 09:00:00+00:00, run_after=2026-09-10 10:00:00+00:00
[2026-09-10T09:17:34.081+0000] {processor.py:208} INFO - Processing /opt/airflow/dags/ingestion_pipelines_dag.py took 0.319 seconds
[2026-09-10T09:18:04.450+0000] {processor.py:186} INFO - Started process (PID=712) to work on /opt/airflow/dags/ingestion_pipelines_dag.py
[2026-09-10T09:18:04.451+0000] {processor.py:914} INFO - Processing file /opt/airflow/dags/ingestion_pipelines_dag.py for tasks to queue
[2026-09-10T09:18:04.456+0000] {logging_mixin.py:190} INFO - [2026-09-10T09:18:04.455+0000] {dagbag.py:588} INFO - Filling up the DagBag from /opt/airflow/dags/ingestion_pipelines_dag.py
[2026-09-10T09:18:04.487+0000] {processor.py:925} INFO - DAG(s) 'datalake_ingestion_pipelines' retrieved from /opt/airflow/dags/ingestion_pipelines_dag.py
[2026-09-10T09:18:04.530+0000] {logging_mixin.py:190} INFO - [2026-09-10T09:18:04.530+0000] {dag.py:3239} INFO - Sync 1 DAGs
[2026-09-10T09:18:04.561+0000] {logging_mixin.py:190} INFO - [2026-09-10T09:18:04.561+0000] {dag.py:4180} INFO - Setting next_dagrun for datalake_ingestion_pipelines to 2026-09-10 09:00:00+00:00, run_after=2026-09-10 10:00:00+00:00
[2026-09-10T09:18:04.599+0000] {processor.py:208} INFO - Processing /opt/airflow/dags/ingestion_pipelines_dag.py took 0.157 seconds
[2026-09-10T09:18:34.803+0000] {processor.py:186} INFO - Started process (PID=725) to work on /opt/airflow/dags/ingestion_pipelines_dag.py
[2026-09-10T09:18:34.805+0000] {processor.py:914} INFO - Processing file /opt/airflow/dags/ingestion_pipelines_dag.py for tasks to queue
[2026-09-10T09:18:34.809+0000] {logging_mixin.py:190} INFO - [2026-09-10T09:18:34.808+0000] {dagbag.py:588} INFO - Filling up the DagBag from /opt/airflow/dags/ingestion_pipelines_dag.py
[2026-09-10T09:18:34.860+0000] {processor.py:925} INFO - DAG(s) 'datalake_ingestion_pipelines' retrieved from /opt/airflow/dags/ingestion_pipelines_dag.py
[2026-09-10T09:18:34.899+0000] {logging_mixin.py:190} INFO - [2026-09-10T09:18:34.898+0000] {dag.py:3239} INFO - Sync 1 DAGs
[2026-09-10T09:18:34.932+0000] {logging_mixin.py:190} INFO - [2026-09-10T09:18:34.932+0000] {dag.py:4180} INFO - Setting next_dagrun for datalake_ingestion_pipelines to 2026-09-10 09:00:00+00:00, run_after=2026-09-10 10:00:00+00:00
[2026-09-10T09:18:34.972+0000] {processor.py:208} INFO - Processing /opt/airflow/dags/ingestion_pipelines_dag.py took 0.177 seconds
[2026-09-10T09:19:05.420+0000] {processor.py:186} INFO - Started process (PID=738) to work on /opt/airflow/dags/ingestion_pipelines_dag.py
[2026-09-10T09:19:05.421+0000] {processor.py:914} INFO - Processing file /opt/airflow/dags/ingestion_pipelines_dag.py for tasks to queue
[2026-09-10T09:19:05.486+0000] {logging_mixin.py:190} INFO - [2026-09-10T09:19:05.484+0000] {dagbag.py:588} INFO - Filling up the DagBag from /opt/airflow/dags/ingestion_pipelines_dag.py
[2026-09-10T09:19:05.561+0000] {processor.py:925} INFO - DAG(s) 'datalake_ingestion_pipelines' retrieved from /opt/airflow/dags/ingestion_pipelines_dag.py
[2026-09-10T09:19:05.628+0000] {logging_mixin.py:190} INFO - [2026-09-10T09:19:05.628+0000] {dag.py:3239} INFO - Sync 1 DAGs
[2026-09-10T09:19:05.666+0000] {logging_mixin.py:190} INFO - [2026-09-10T09:19:05.666+0000] {dag.py:4180} INFO - Setting next_dagrun for datalake_ingestion_pipelines to 2026-09-10 09:00:00+00:00, run_after=2026-09-10 10:00:00+00:00
[2026-09-10T09:19:05.710+0000] {processor.py:208} INFO - Processing /opt/airflow/dags/ingestion_pipelines_dag.py took 0.298 seconds
[2026-09-10T09:19:35.846+0000] {processor.py:186} INFO - Started process (PID=743) to work on /opt/airflow/dags/ingestion_pipelines_dag.py
[2026-09-10T09:19:35.848+0000] {processor.py:914} INFO - Processing file /opt/airflow/dags/ingestion_pipelines_dag.py for tasks to queue
[2026-09-10T09:19:35.851+0000] {logging_mixin.py:190} INFO - [2026-09-10T09:19:35.850+0000] {dagbag.py:588} INFO - Filling up the DagBag from /opt/airflow/dags/ingestion_pipelines_dag.py
[2026-09-10T09:19:35.876+0000] {processor.py:925} INFO - DAG(s) 'datalake_ingestion_pipelines' retrieved from /opt/airflow/dags/ingestion_pipelines_dag.py
[2026-09-10T09:19:35.916+0000] {logging_mixin.py:190} INFO - [2026-09-10T09:19:35.916+0000] {dag.py:3239} INFO - Sync 1 DAGs
[2026-09-10T09:19:35.951+0000] {logging_mixin.py:190} INFO - [2026-09-10T09:19:35.951+0000] {dag.py:4180} INFO - Setting next_dagrun for datalake_ingestion_pipelines to 2026-09-10 09:00:00+00:00, run_after=2026-09-10 10:00:00+00:00
[2026-09-10T09:19:35.977+0000] {processor.py:208} INFO - Processing /opt/airflow/dags/ingestion_pipelines_dag.py took 0.139 seconds
[2026-09-10T09:20:06.279+0000] {processor.py:186} INFO - Started process (PID=756) to work on /opt/airflow/dags/ingestion_pipelines_dag.py
[2026-09-10T09:20:06.284+0000] {processor.py:914} INFO - Processing file /opt/airflow/dags/ingestion_pipelines_dag.py for tasks to queue
[2026-09-10T09:20:06.297+0000] {logging_mixin.py:190} INFO - [2026-09-10T09:20:06.295+0000] {dagbag.py:588} INFO - Filling up the DagBag from /opt/airflow/dags/ingestion_pipelines_dag.py
[2026-09-10T09:20:06.361+0000] {processor.py:925} INFO - DAG(s) 'datalake_ingestion_pipelines' retrieved from /opt/airflow/dags/ingestion_pipelines_dag.py
[2026-09-10T09:20:06.474+0000] {logging_mixin.py:190} INFO - [2026-09-10T09:20:06.473+0000] {dag.py:3239} INFO - Sync 1 DAGs
[2026-09-10T09:20:06.615+0000] {logging_mixin.py:190} INFO - [2026-09-10T09:20:06.615+0000] {dag.py:4180} INFO - Setting next_dagrun for datalake_ingestion_pipelines to 2026-09-10 09:00:00+00:00, run_after=2026-09-10 10:00:00+00:00
[2026-09-10T09:20:06.706+0000] {processor.py:208} INFO - Processing /opt/airflow/dags/ingestion_pipelines_dag.py took 0.448 seconds
[2026-09-10T09:20:36.872+0000] {processor.py:186} INFO - Started process (PID=769) to work on /opt/airflow/dags/ingestion_pipelines_dag.py
[2026-09-10T09:20:36.876+0000] {processor.py:914} INFO - Processing file /opt/airflow/dags/ingestion_pipelines_dag.py for tasks to queue
[2026-09-10T09:20:36.883+0000] {logging_mixin.py:190} INFO - [2026-09-10T09:20:36.882+0000] {dagbag.py:588} INFO - Filling up the DagBag from /opt/airflow/dags/ingestion_pipelines_dag.py
[2026-09-10T09:20:36.942+0000] {processor.py:925} INFO - DAG(s) 'datalake_ingestion_pipelines' retrieved from /opt/airflow/dags/ingestion_pipelines_dag.py
[2026-09-10T09:20:36.987+0000] {logging_mixin.py:190} INFO - [2026-09-10T09:20:36.987+0000] {dag.py:3239} INFO - Sync 1 DAGs
[2026-09-10T09:20:37.025+0000] {logging_mixin.py:190} INFO - [2026-09-10T09:20:37.024+0000] {dag.py:4180} INFO - Setting next_dagrun for datalake_ingestion_pipelines to 2026-09-10 09:00:00+00:00, run_after=2026-09-10 10:00:00+00:00
[2026-09-10T09:20:37.067+0000] {processor.py:208} INFO - Processing /opt/airflow/dags/ingestion_pipelines_dag.py took 0.207 seconds
[2026-09-10T09:21:07.224+0000] {processor.py:186} INFO - Started process (PID=782) to work on /opt/airflow/dags/ingestion_pipelines_dag.py
[2026-09-10T09:21:07.226+0000] {processor.py:914} INFO - Processing file /opt/airflow/dags/ingestion_pipelines_dag.py for tasks to queue
[2026-09-10T09:21:07.231+0000] {logging_mixin.py:190} INFO - [2026-09-10T09:21:07.230+0000] {dagbag.py:588} INFO - Filling up the DagBag from /opt/airflow/dags/ingestion_pipelines_dag.py
[2026-09-10T09:21:07.269+0000] {processor.py:925} INFO - DAG(s) 'datalake_ingestion_pipelines' retrieved from /opt/airflow/dags/ingestion_pipelines_dag.py
[2026-09-10T09:21:07.305+0000] {logging_mixin.py:190} INFO - [2026-09-10T09:21:07.305+0000] {dag.py:3239} INFO - Sync 1 DAGs
[2026-09-10T09:21:07.340+0000] {logging_mixin.py:190} INFO - [2026-09-10T09:21:07.340+0000] {dag.py:4180} INFO - Setting next_dagrun for datalake_ingestion_pipelines to 2026-09-10 09:00:00+00:00, run_after=2026-09-10 10:00:00+00:00
[2026-09-10T09:21:07.373+0000] {processor.py:208} INFO - Processing /opt/airflow/dags/ingestion_pipelines_dag.py took 0.156 seconds
[2026-09-10T09:21:37.712+0000] {processor.py:186} INFO - Started process (PID=795) to work on /opt/airflow/dags/ingestion_pipelines_dag.py
[2026-09-10T09:21:37.714+0000] {processor.py:914} INFO - Processing file /opt/airflow/dags/ingestion_pipelines_dag.py for tasks to queue
[2026-09-10T09:21:37.717+0000] {logging_mixin.py:190} INFO - [2026-09-10T09:21:37.717+0000] {dagbag.py:588} INFO - Filling up the DagBag from /opt/airflow/dags/ingestion_pipelines_dag.py
[2026-09-10T09:21:37.740+0000] {processor.py:925} INFO - DAG(s) 'datalake_ingestion_pipelines' retrieved from /opt/airflow/dags/ingestion_pipelines_dag.py
[2026-09-10T09:21:37.772+0000] {logging_mixin.py:190} INFO - [2026-09-10T09:21:37.772+0000] {dag.py:3239} INFO - Sync 1 DAGs
[2026-09-10T09:21:37.800+0000] {logging_mixin.py:190} INFO - [2026-09-10T09:21:37.800+0000] {dag.py:4180} INFO - Setting next_dagrun for datalake_ingestion_pipelines to 2026-09-10 09:00:00+00:00, run_after=2026-09-10 10:00:00+00:00
[2026-09-10T09:21:43.792+0000] {processor.py:208} INFO - Processing /opt/airflow/dags/ingestion_pipelines_dag.py took 6.091 seconds
[2026-09-10T09:22:14.269+0000] {processor.py:186} INFO - Started process (PID=808) to work on /opt/airflow/dags/ingestion_pipelines_dag.py
[2026-09-10T09:22:14.271+0000] {processor.py:914} INFO - Processing file /opt/airflow/dags/ingestion_pipelines_dag.py for tasks to queue
[2026-09-10T09:22:14.276+0000] {logging_mixin.py:190} INFO - [2026-09-10T09:22:14.276+0000] {dagbag.py:588} INFO - Filling up the DagBag from /opt/airflow/dags/ingestion_pipelines_dag.py
[2026-09-10T09:22:14.322+0000] {processor.py:925} INFO - DAG(s) 'datalake_ingestion_pipelines' retrieved from /opt/airflow/dags/ingestion_pipelines_dag.py
[2026-09-10T09:22:14.364+0000] {logging_mixin.py:190} INFO - [2026-09-10T09:22:14.363+0000] {dag.py:3239} INFO - Sync 1 DAGs
[2026-09-10T09:22:14.409+0000] {logging_mixin.py:190} INFO - [2026-09-10T09:22:14.409+0000] {dag.py:4180} INFO - Setting next_dagrun for datalake_ingestion_pipelines to 2026-09-10 09:00:00+00:00, run_after=2026-09-10 10:00:00+00:00
[2026-09-10T09:22:14.438+0000] {processor.py:208} INFO - Processing /opt/airflow/dags/ingestion_pipelines_dag.py took 0.177 seconds
[2026-09-10T09:22:44.660+0000] {processor.py:186} INFO - Started process (PID=821) to work on /opt/airflow/dags/ingestion_pipelines_dag.py
[2026-09-10T09:22:44.661+0000] {processor.py:914} INFO - Processing file /opt/airflow/dags/ingestion_pipelines_dag.py for tasks to queue
[2026-09-10T09:22:44.665+0000] {logging_mixin.py:190} INFO - [2026-09-10T09:22:44.664+0000] {dagbag.py:588} INFO - Filling up the DagBag from /opt/airflow/dags/ingestion_pipelines_dag.py
[2026-09-10T09:22:44.767+0000] {processor.py:925} INFO - DAG(s) 'datalake_ingestion_pipelines' retrieved from /opt/airflow/dags/ingestion_pipelines_dag.py
[2026-09-10T09:22:44.820+0000] {logging_mixin.py:190} INFO - [2026-09-10T09:22:44.820+0000] {dag.py:3239} INFO - Sync 1 DAGs
[2026-09-10T09:22:44.852+0000] {logging_mixin.py:190} INFO - [2026-09-10T09:22:44.852+0000] {dag.py:4180} INFO - Setting next_dagrun for datalake_ingestion_pipelines to 2026-09-10 09:00:00+00:00, run_after=2026-09-10 10:00:00+00:00
[2026-09-10T09:22:44.879+0000] {processor.py:208} INFO - Processing /opt/airflow/dags/ingestion_pipelines_dag.py took 0.226 seconds
[2026-09-10T09:23:15.403+0000] {processor.py:186} INFO - Started process (PID=834) to work on /opt/airflow/dags/ingestion_pipelines_dag.py
[2026-09-10T09:23:15.406+0000] {processor.py:914} INFO - Processing file /opt/airflow/dags/ingestion_pipelines_dag.py for tasks to queue
[2026-09-10T09:23:15.415+0000] {logging_mixin.py:190} INFO - [2026-09-10T09:23:15.414+0000] {dagbag.py:588} INFO - Filling up the DagBag from /opt/airflow/dags/ingestion_pipelines_dag.py
[2026-09-10T09:23:15.469+0000] {processor.py:925} INFO - DAG(s) 'datalake_ingestion_pipelines' retrieved from /opt/airflow/dags/ingestion_pipelines_dag.py
[2026-09-10T09:23:15.541+0000] {logging_mixin.py:190} INFO - [2026-09-10T09:23:15.540+0000] {dag.py:3239} INFO - Sync 1 DAGs
[2026-09-10T09:23:15.594+0000] {logging_mixin.py:190} INFO - [2026-09-10T09:23:15.594+0000] {dag.py:4180} INFO - Setting next_dagrun for datalake_ingestion_pipelines to 2026-09-10 09:00:00+00:00, run_after=2026-09-10 10:00:00+00:00
[2026-09-10T09:23:15.645+0000] {processor.py:208} INFO - Processing /opt/airflow/dags/ingestion_pipelines_dag.py took 0.256 seconds
[2026-09-10T09:23:45.851+0000] {processor.py:186} INFO - Started process (PID=847) to work on /opt/airflow/dags/ingestion_pipelines_dag.py
[2026-09-10T09:23:45.853+0000] {processor.py:914} INFO - Processing file /opt/airflow/dags/ingestion_pipelines_dag.py for tasks to queue
[2026-09-10T09:23:45.857+0000] {logging_mixin.py:190} INFO - [2026-09-10T09:23:45.856+0000] {dagbag.py:588} INFO - Filling up the DagBag from /opt/airflow/dags/ingestion_pipelines_dag.py
[2026-09-10T09:23:45.908+0000] {processor.py:925} INFO - DAG(s) 'datalake_ingestion_pipelines' retrieved from /opt/airflow/dags/ingestion_pipelines_dag.py
[2026-09-10T09:23:45.945+0000] {logging_mixin.py:190} INFO - [2026-09-10T09:23:45.944+0000] {dag.py:3239} INFO - Sync 1 DAGs
[2026-09-10T09:23:45.980+0000] {logging_mixin.py:190} INFO - [2026-09-10T09:23:45.980+0000] {dag.py:4180} INFO - Setting next_dagrun for datalake_ingestion_pipelines to 2026-09-10 09:00:00+00:00, run_after=2026-09-10 10:00:00+00:00
[2026-09-10T09:23:46.073+0000] {processor.py:208} INFO - Processing /opt/airflow/dags/ingestion_pipelines_dag.py took 0.230 seconds
[2026-09-10T09:24:16.566+0000] {processor.py:186} INFO - Started process (PID=860) to work on /opt/airflow/dags/ingestion_pipelines_dag.py
[2026-09-10T09:24:16.567+0000] {processor.py:914} INFO - Processing file /opt/airflow/dags/ingestion_pipelines_dag.py for tasks to queue
[2026-09-10T09:24:16.571+0000] {logging_mixin.py:190} INFO - [2026-09-10T09:24:16.570+0000] {dagbag.py:588} INFO - Filling up the DagBag from /opt/airflow/dags/ingestion_pipelines_dag.py
[2026-09-10T09:24:16.606+0000] {processor.py:925} INFO - DAG(s) 'datalake_ingestion_pipelines' retrieved from /opt/airflow/dags/ingestion_pipelines_dag.py
[2026-09-10T09:24:16.640+0000] {logging_mixin.py:190} INFO - [2026-09-10T09:24:16.640+0000] {dag.py:3239} INFO - Sync 1 DAGs
[2026-09-10T09:24:16.686+0000] {logging_mixin.py:190} INFO - [2026-09-10T09:24:16.685+0000] {dag.py:4180} INFO - Setting next_dagrun for datalake_ingestion_pipelines to 2026-09-10 09:00:00+00:00, run_after=2026-09-10 10:00:00+00:00
[2026-09-10T09:24:17.124+0000] {processor.py:208} INFO - Processing /opt/airflow/dags/ingestion_pipelines_dag.py took 0.567 seconds
[2026-09-10T09:24:47.634+0000] {processor.py:186} INFO - Started process (PID=873) to work on /opt/airflow/dags/ingestion_pipelines_dag.py
[2026-09-10T09:24:47.636+0000] {processor.py:914} INFO - Processing file /opt/airflow/dags/ingestion_pipelines_dag.py for tasks to queue
[2026-09-10T09:24:47.640+0000] {logging_mixin.py:190} INFO - [2026-09-10T09:24:47.639+0000] {dagbag.py:588} INFO - Filling up the DagBag from /opt/airflow/dags/ingestion_pipelines_dag.py
[2026-09-10T09:24:47.697+0000] {processor.py:925} INFO - DAG(s) 'datalake_ingestion_pipelines' retrieved from /opt/airflow/dags/ingestion_pipelines_dag.py
[2026-09-10T09:24:47.738+0000] {logging_mixin.py:190} INFO - [2026-09-10T09:24:47.738+0000] {dag.py:3239} INFO - Sync 1 DAGs
[2026-09-10T09:24:47.779+0000] {logging_mixin.py:190} INFO - [2026-09-10T09:24:47.778+0000] {dag.py:4180} INFO - Setting next_dagrun for datalake_ingestion_pipelines to 2026-09-10 09:00:00+00:00, run_after=2026-09-10 10:00:00+00:00
[2026-09-10T09:24:47.804+0000] {processor.py:208} INFO - Processing /opt/airflow/dags/ingestion_pipelines_dag.py took 0.178 seconds
[2026-09-10T09:25:17.980+0000] {processor.py:186} INFO - Started process (PID=885) to work on /opt/airflow/dags/ingestion_pipelines_dag.py
[2026-09-10T09:25:17.981+0000] {processor.py:914} INFO - Processing file /opt/airflow/dags/ingestion_pipelines_dag.py for tasks to queue
[2026-09-10T09:25:17.985+0000] {logging_mixin.py:190} INFO - [2026-09-10T09:25:17.984+0000] {dagbag.py:588} INFO - Filling up the DagBag from /opt/airflow/dags/ingestion_pipelines_dag.py
[2026-09-10T09:25:18.021+0000] {processor.py:925} INFO - DAG(s) 'datalake_ingestion_pipelines' retrieved from /opt/airflow/dags/ingestion_pipelines_dag.py
[2026-09-10T09:25:18.059+0000] {logging_mixin.py:190} INFO - [2026-09-10T09:25:18.059+0000] {dag.py:3239} INFO - Sync 1 DAGs
[2026-09-10T09:25:18.090+0000] {logging_mixin.py:190} INFO - [2026-09-10T09:25:18.090+0000] {dag.py:4180} INFO - Setting next_dagrun for datalake_ingestion_pipelines to 2026-09-10 09:00:00+00:00, run_after=2026-09-10 10:00:00+00:00
[2026-09-10T09:25:18.112+0000] {processor.py:208} INFO - Processing /opt/airflow/dags/ingestion_pipelines_dag.py took 0.139 seconds
[2026-09-10T09:25:48.443+0000] {processor.py:186} INFO - Started process (PID=891) to work on /opt/airflow/dags/ingestion_pipelines_dag.py
[2026-09-10T09:25:48.446+0000] {processor.py:914} INFO - Processing file /opt/airflow/dags/ingestion_pipelines_dag.py for tasks to queue
[2026-09-10T09:25:48.450+0000] {logging_mixin.py:190} INFO - [2026-09-10T09:25:48.449+0000] {dagbag.py:588} INFO - Filling up the DagBag from /opt/airflow/dags/ingestion_pipelines_dag.py
[2026-09-10T09:25:48.493+0000] {processor.py:925} INFO - DAG(s) 'datalake_ingestion_pipelines' retrieved from /opt/airflow/dags/ingestion_pipelines_dag.py
[2026-09-10T09:25:48.541+0000] {logging_mixin.py:190} INFO - [2026-09-10T09:25:48.541+0000] {dag.py:3239} INFO - Sync 1 DAGs
[2026-09-10T09:25:48.585+0000] {logging_mixin.py:190} INFO - [2026-09-10T09:25:48.585+0000] {dag.py:4180} INFO - Setting next_dagrun for datalake_ingestion_pipelines to 2026-09-10 09:00:00+00:00, run_after=2026-09-10 10:00:00+00:00
[2026-09-10T09:25:48.620+0000] {processor.py:208} INFO - Processing /opt/airflow/dags/ingestion_pipelines_dag.py took 0.185 seconds
[2026-09-10T09:26:18.935+0000] {processor.py:186} INFO - Started process (PID=905) to work on /opt/airflow/dags/ingestion_pipelines_dag.py
[2026-09-10T09:26:18.938+0000] {processor.py:914} INFO - Processing file /opt/airflow/dags/ingestion_pipelines_dag.py for tasks to queue
[2026-09-10T09:26:18.943+0000] {logging_mixin.py:190} INFO - [2026-09-10T09:26:18.943+0000] {dagbag.py:588} INFO - Filling up the DagBag from /opt/airflow/dags/ingestion_pipelines_dag.py
[2026-09-10T09:26:18.988+0000] {processor.py:925} INFO - DAG(s) 'datalake_ingestion_pipelines' retrieved from /opt/airflow/dags/ingestion_pipelines_dag.py
[2026-09-10T09:26:19.046+0000] {logging_mixin.py:190} INFO - [2026-09-10T09:26:19.045+0000] {dag.py:3239} INFO - Sync 1 DAGs
[2026-09-10T09:26:19.096+0000] {logging_mixin.py:190} INFO - [2026-09-10T09:26:19.095+0000] {dag.py:4180} INFO - Setting next_dagrun for datalake_ingestion_pipelines to 2026-09-10 09:00:00+00:00, run_after=2026-09-10 10:00:00+00:00
[2026-09-10T09:26:19.129+0000] {processor.py:208} INFO - Processing /opt/airflow/dags/ingestion_pipelines_dag.py took 0.205 seconds
[2026-09-10T09:26:49.740+0000] {processor.py:186} INFO - Started process (PID=918) to work on /opt/airflow/dags/ingestion_pipelines_dag.py
[2026-09-10T09:26:49.743+0000] {processor.py:914} INFO - Processing file /opt/airflow/dags/ingestion_pipelines_dag.py for tasks to queue
[2026-09-10T09:26:49.752+0000] {logging_mixin.py:190} INFO - [2026-09-10T09:26:49.751+0000] {dagbag.py:588} INFO - Filling up the DagBag from /opt/airflow/dags/ingestion_pipelines_dag.py
[2026-09-10T09:26:49.808+0000] {processor.py:925} INFO - DAG(s) 'datalake_ingestion_pipelines' retrieved from /opt/airflow/dags/ingestion_pipelines_dag.py
[2026-09-10T09:26:49.866+0000] {logging_mixin.py:190} INFO - [2026-09-10T09:26:49.866+0000] {dag.py:3239} INFO - Sync 1 DAGs
[2026-09-10T09:26:49.947+0000] {logging_mixin.py:190} INFO - [2026-09-10T09:26:49.947+0000] {dag.py:4180} INFO - Setting next_dagrun for datalake_ingestion_pipelines to 2026-09-10 09:00:00+00:00, run_after=2026-09-10 10:00:00+00:00
[2026-09-10T09:26:50.714+0000] {processor.py:208} INFO - Processing /opt/airflow/dags/ingestion_pipelines_dag.py took 0.990 seconds
[2026-09-10T09:27:21.277+0000] {processor.py:186} INFO - Started process (PID=931) to work on /opt/airflow/dags/ingestion_pipelines_dag.py
[2026-09-10T09:27:21.280+0000] {processor.py:914} INFO - Processing file /opt/airflow/dags/ingestion_pipelines_dag.py for tasks to queue
[2026-09-10T09:27:21.286+0000] {logging_mixin.py:190} INFO - [2026-09-10T09:27:21.285+0000] {dagbag.py:588} INFO - Filling up the DagBag from /opt/airflow/dags/ingestion_pipelines_dag.py
[2026-09-10T09:27:21.351+0000] {processor.py:925} INFO - DAG(s) 'datalake_ingestion_pipelines' retrieved from /opt/airflow/dags/ingestion_pipelines_dag.py
[2026-09-10T09:27:21.491+0000] {logging_mixin.py:190} INFO - [2026-09-10T09:27:21.490+0000] {dag.py:3239} INFO - Sync 1 DAGs
[2026-09-10T09:27:21.572+0000] {logging_mixin.py:190} INFO - [2026-09-10T09:27:21.572+0000] {dag.py:4180} INFO - Setting next_dagrun for datalake_ingestion_pipelines to 2026-09-10 09:00:00+00:00, run_after=2026-09-10 10:00:00+00:00
[2026-09-10T09:27:21.606+0000] {processor.py:208} INFO - Processing /opt/airflow/dags/ingestion_pipelines_dag.py took 0.351 seconds
[2026-09-10T09:27:52.618+0000] {processor.py:186} INFO - Started process (PID=944) to work on /opt/airflow/dags/ingestion_pipelines_dag.py
[2026-09-10T09:27:52.620+0000] {processor.py:914} INFO - Processing file /opt/airflow/dags/ingestion_pipelines_dag.py for tasks to queue
[2026-09-10T09:27:52.625+0000] {logging_mixin.py:190} INFO - [2026-09-10T09:27:52.624+0000] {dagbag.py:588} INFO - Filling up the DagBag from /opt/airflow/dags/ingestion_pipelines_dag.py
[2026-09-10T09:27:52.680+0000] {processor.py:925} INFO - DAG(s) 'datalake_ingestion_pipelines' retrieved from /opt/airflow/dags/ingestion_pipelines_dag.py
[2026-09-10T09:27:52.759+0000] {logging_mixin.py:190} INFO - [2026-09-10T09:27:52.759+0000] {dag.py:3239} INFO - Sync 1 DAGs
[2026-09-10T09:27:52.796+0000] {logging_mixin.py:190} INFO - [2026-09-10T09:27:52.796+0000] {dag.py:4180} INFO - Setting next_dagrun for datalake_ingestion_pipelines to 2026-09-10 09:00:00+00:00, run_after=2026-09-10 10:00:00+00:00
[2026-09-10T09:27:52.824+0000] {processor.py:208} INFO - Processing /opt/airflow/dags/ingestion_pipelines_dag.py took 0.213 seconds
[2026-09-10T09:28:23.154+0000] {processor.py:186} INFO - Started process (PID=957) to work on /opt/airflow/dags/ingestion_pipelines_dag.py
[2026-09-10T09:28:23.158+0000] {processor.py:914} INFO - Processing file /opt/airflow/dags/ingestion_pipelines_dag.py for tasks to queue
[2026-09-10T09:28:23.164+0000] {logging_mixin.py:190} INFO - [2026-09-10T09:28:23.163+0000] {dagbag.py:588} INFO - Filling up the DagBag from /opt/airflow/dags/ingestion_pipelines_dag.py
[2026-09-10T09:28:23.225+0000] {processor.py:925} INFO - DAG(s) 'datalake_ingestion_pipelines' retrieved from /opt/airflow/dags/ingestion_pipelines_dag.py
[2026-09-10T09:28:23.257+0000] {logging_mixin.py:190} INFO - [2026-09-10T09:28:23.257+0000] {dag.py:3239} INFO - Sync 1 DAGs
[2026-09-10T09:28:23.288+0000] {logging_mixin.py:190} INFO - [2026-09-10T09:28:23.288+0000] {dag.py:4180} INFO - Setting next_dagrun for datalake_ingestion_pipelines to 2026-09-10 09:00:00+00:00, run_after=2026-09-10 10:00:00+00:00
[2026-09-10T09:28:23.312+0000] {processor.py:208} INFO - Processing /opt/airflow/dags/ingestion_pipelines_dag.py took 0.170 seconds
[2026-09-10T09:28:53.825+0000] {processor.py:186} INFO - Started process (PID=971) to work on /opt/airflow/dags/ingestion_pipelines_dag.py
[2026-09-10T09:28:53.827+0000] {processor.py:914} INFO - Processing file /opt/airflow/dags/ingestion_pipelines_dag.py for tasks to queue
[2026-09-10T09:28:53.831+0000] {logging_mixin.py:190} INFO - [2026-09-10T09:28:53.831+0000] {dagbag.py:588} INFO - Filling up the DagBag from /opt/airflow/dags/ingestion_pipelines_dag.py
[2026-09-10T09:28:53.877+0000] {processor.py:925} INFO - DAG(s) 'datalake_ingestion_pipelines' retrieved from /opt/airflow/dags/ingestion_pipelines_dag.py
[2026-09-10T09:28:54.041+0000] {logging_mixin.py:190} INFO - [2026-09-10T09:28:54.041+0000] {dag.py:3239} INFO - Sync 1 DAGs
[2026-09-10T09:28:54.095+0000] {logging_mixin.py:190} INFO - [2026-09-10T09:28:54.095+0000] {dag.py:4180} INFO - Setting next_dagrun for datalake_ingestion_pipelines to 2026-09-10 09:00:00+00:00, run_after=2026-09-10 10:00:00+00:00
[2026-09-10T09:28:54.139+0000] {processor.py:208} INFO - Processing /opt/airflow/dags/ingestion_pipelines_dag.py took 0.328 seconds
[2026-09-10T09:29:24.617+0000] {processor.py:186} INFO - Started process (PID=984) to work on /opt/airflow/dags/ingestion_pipelines_dag.py
[2026-09-10T09:29:24.620+0000] {processor.py:914} INFO - Processing file /opt/airflow/dags/ingestion_pipelines_dag.py for tasks to queue
[2026-09-10T09:29:24.623+0000] {logging_mixin.py:190} INFO - [2026-09-10T09:29:24.623+0000] {dagbag.py:588} INFO - Filling up the DagBag from /opt/airflow/dags/ingestion_pipelines_dag.py
[2026-09-10T09:29:24.683+0000] {processor.py:925} INFO - DAG(s) 'datalake_ingestion_pipelines' retrieved from /opt/airflow/dags/ingestion_pipelines_dag.py
[2026-09-10T09:29:24.717+0000] {logging_mixin.py:190} INFO - [2026-09-10T09:29:24.717+0000] {dag.py:3239} INFO - Sync 1 DAGs
[2026-09-10T09:29:24.749+0000] {logging_mixin.py:190} INFO - [2026-09-10T09:29:24.749+0000] {dag.py:4180} INFO - Setting next_dagrun for datalake_ingestion_pipelines to 2026-09-10 09:00:00+00:00, run_after=2026-09-10 10:00:00+00:00
[2026-09-10T09:29:25.109+0000] {processor.py:208} INFO - Processing /opt/airflow/dags/ingestion_pipelines_dag.py took 0.499 seconds
[2026-09-10T09:29:55.625+0000] {processor.py:186} INFO - Started process (PID=997) to work on /opt/airflow/dags/ingestion_pipelines_dag.py
[2026-09-10T09:29:55.628+0000] {processor.py:914} INFO - Processing file /opt/airflow/dags/ingestion_pipelines_dag.py for tasks to queue
[2026-09-10T09:29:55.634+0000] {logging_mixin.py:190} INFO - [2026-09-10T09:29:55.633+0000] {dagbag.py:588} INFO - Filling up the DagBag from /opt/airflow/dags/ingestion_pipelines_dag.py
[2026-09-10T09:29:55.667+0000] {processor.py:925} INFO - DAG(s) 'datalake_ingestion_pipelines' retrieved from /opt/airflow/dags/ingestion_pipelines_dag.py
[2026-09-10T09:29:55.704+0000] {logging_mixin.py:190} INFO - [2026-09-10T09:29:55.703+0000] {dag.py:3239} INFO - Sync 1 DAGs
[2026-09-10T09:29:55.731+0000] {logging_mixin.py:190} INFO - [2026-09-10T09:29:55.731+0000] {dag.py:4180} INFO - Setting next_dagrun for datalake_ingestion_pipelines to 2026-09-10 09:00:00+00:00, run_after=2026-09-10 10:00:00+00:00
[2026-09-10T09:29:55.754+0000] {processor.py:208} INFO - Processing /opt/airflow/dags/ingestion_pipelines_dag.py took 0.143 seconds
[2026-09-10T09:30:25.949+0000] {processor.py:186} INFO - Started process (PID=1009) to work on /opt/airflow/dags/ingestion_pipelines_dag.py
[2026-09-10T09:30:25.951+0000] {processor.py:914} INFO - Processing file /opt/airflow/dags/ingestion_pipelines_dag.py for tasks to queue
[2026-09-10T09:30:25.955+0000] {logging_mixin.py:190} INFO - [2026-09-10T09:30:25.954+0000] {dagbag.py:588} INFO - Filling up the DagBag from /opt/airflow/dags/ingestion_pipelines_dag.py
[2026-09-10T09:30:25.984+0000] {processor.py:925} INFO - DAG(s) 'datalake_ingestion_pipelines' retrieved from /opt/airflow/dags/ingestion_pipelines_dag.py
[2026-09-10T09:30:26.029+0000] {logging_mixin.py:190} INFO - [2026-09-10T09:30:26.029+0000] {dag.py:3239} INFO - Sync 1 DAGs
[2026-09-10T09:30:26.061+0000] {logging_mixin.py:190} INFO - [2026-09-10T09:30:26.061+0000] {dag.py:4180} INFO - Setting next_dagrun for datalake_ingestion_pipelines to 2026-09-10 09:00:00+00:00, run_after=2026-09-10 10:00:00+00:00
[2026-09-10T09:30:26.087+0000] {processor.py:208} INFO - Processing /opt/airflow/dags/ingestion_pipelines_dag.py took 0.146 seconds
[2026-09-10T09:30:56.377+0000] {processor.py:186} INFO - Started process (PID=1015) to work on /opt/airflow/dags/ingestion_pipelines_dag.py
[2026-09-10T09:30:56.379+0000] {processor.py:914} INFO - Processing file /opt/airflow/dags/ingestion_pipelines_dag.py for tasks to queue
[2026-09-10T09:30:56.382+0000] {logging_mixin.py:190} INFO - [2026-09-10T09:30:56.382+0000] {dagbag.py:588} INFO - Filling up the DagBag from /opt/airflow/dags/ingestion_pipelines_dag.py
[2026-09-10T09:30:56.419+0000] {processor.py:925} INFO - DAG(s) 'datalake_ingestion_pipelines' retrieved from /opt/airflow/dags/ingestion_pipelines_dag.py
[2026-09-10T09:30:56.451+0000] {logging_mixin.py:190} INFO - [2026-09-10T09:30:56.451+0000] {dag.py:3239} INFO - Sync 1 DAGs
[2026-09-10T09:30:56.488+0000] {logging_mixin.py:190} INFO - [2026-09-10T09:30:56.488+0000] {dag.py:4180} INFO - Setting next_dagrun for datalake_ingestion_pipelines to 2026-09-10 09:00:00+00:00, run_after=2026-09-10 10:00:00+00:00
[2026-09-10T09:30:56.576+0000] {processor.py:208} INFO - Processing /opt/airflow/dags/ingestion_pipelines_dag.py took 0.206 seconds
[2026-09-10T09:31:26.998+0000] {processor.py:186} INFO - Started process (PID=1028) to work on /opt/airflow/dags/ingestion_pipelines_dag.py
[2026-09-10T09:31:27.000+0000] {processor.py:914} INFO - Processing file /opt/airflow/dags/ingestion_pipelines_dag.py for tasks to queue
[2026-09-10T09:31:27.003+0000] {logging_mixin.py:190} INFO - [2026-09-10T09:31:27.002+0000] {dagbag.py:588} INFO - Filling up the DagBag from /opt/airflow/dags/ingestion_pipelines_dag.py
[2026-09-10T09:31:27.042+0000] {processor.py:925} INFO - DAG(s) 'datalake_ingestion_pipelines' retrieved from /opt/airflow/dags/ingestion_pipelines_dag.py
[2026-09-10T09:31:27.079+0000] {logging_mixin.py:190} INFO - [2026-09-10T09:31:27.078+0000] {dag.py:3239} INFO - Sync 1 DAGs
[2026-09-10T09:31:27.113+0000] {logging_mixin.py:190} INFO - [2026-09-10T09:31:27.113+0000] {dag.py:4180} INFO - Setting next_dagrun for datalake_ingestion_pipelines to 2026-09-10 09:00:00+00:00, run_after=2026-09-10 10:00:00+00:00
[2026-09-10T09:31:27.142+0000] {processor.py:208} INFO - Processing /opt/airflow/dags/ingestion_pipelines_dag.py took 0.150 seconds
[2026-09-10T09:31:57.491+0000] {processor.py:186} INFO - Started process (PID=1041) to work on /opt/airflow/dags/ingestion_pipelines_dag.py
[2026-09-10T09:31:57.493+0000] {processor.py:914} INFO - Processing file /opt/airflow/dags/ingestion_pipelines_dag.py for tasks to queue
[2026-09-10T09:31:57.497+0000] {logging_mixin.py:190} INFO - [2026-09-10T09:31:57.496+0000] {dagbag.py:588} INFO - Filling up the DagBag from /opt/airflow/dags/ingestion_pipelines_dag.py
[2026-09-10T09:31:57.559+0000] {processor.py:925} INFO - DAG(s) 'datalake_ingestion_pipelines' retrieved from /opt/airflow/dags/ingestion_pipelines_dag.py
[2026-09-10T09:31:57.591+0000] {logging_mixin.py:190} INFO - [2026-09-10T09:31:57.591+0000] {dag.py:3239} INFO - Sync 1 DAGs
[2026-09-10T09:31:57.621+0000] {logging_mixin.py:190} INFO - [2026-09-10T09:31:57.621+0000] {dag.py:4180} INFO - Setting next_dagrun for datalake_ingestion_pipelines to 2026-09-10 09:00:00+00:00, run_after=2026-09-10 10:00:00+00:00
[2026-09-10T09:31:57.907+0000] {processor.py:208} INFO - Processing /opt/airflow/dags/ingestion_pipelines_dag.py took 0.424 seconds
[2026-09-10T09:32:28.429+0000] {processor.py:186} INFO - Started process (PID=1054) to work on /opt/airflow/dags/ingestion_pipelines_dag.py
[2026-09-10T09:32:28.431+0000] {processor.py:914} INFO - Processing file /opt/airflow/dags/ingestion_pipelines_dag.py for tasks to queue
[2026-09-10T09:32:28.434+0000] {logging_mixin.py:190} INFO - [2026-09-10T09:32:28.434+0000] {dagbag.py:588} INFO - Filling up the DagBag from /opt/airflow/dags/ingestion_pipelines_dag.py
[2026-09-10T09:32:28.480+0000] {processor.py:925} INFO - DAG(s) 'datalake_ingestion_pipelines' retrieved from /opt/airflow/dags/ingestion_pipelines_dag.py
[2026-09-10T09:32:28.515+0000] {logging_mixin.py:190} INFO - [2026-09-10T09:32:28.515+0000] {dag.py:3239} INFO - Sync 1 DAGs
[2026-09-10T09:32:28.544+0000] {logging_mixin.py:190} INFO - [2026-09-10T09:32:28.544+0000] {dag.py:4180} INFO - Setting next_dagrun for datalake_ingestion_pipelines to 2026-09-10 09:00:00+00:00, run_after=2026-09-10 10:00:00+00:00
[2026-09-10T09:32:28.606+0000] {processor.py:208} INFO - Processing /opt/airflow/dags/ingestion_pipelines_dag.py took 0.185 seconds
[2026-09-10T09:32:58.773+0000] {processor.py:186} INFO - Started process (PID=1068) to work on /opt/airflow/dags/ingestion_pipelines_dag.py
[2026-09-10T09:32:58.776+0000] {processor.py:914} INFO - Processing file /opt/airflow/dags/ingestion_pipelines_dag.py for tasks to queue
[2026-09-10T09:32:58.780+0000] {logging_mixin.py:190} INFO - [2026-09-10T09:32:58.780+0000] {dagbag.py:588} INFO - Filling up the DagBag from /opt/airflow/dags/ingestion_pipelines_dag.py
[2026-09-10T09:32:58.836+0000] {processor.py:925} INFO - DAG(s) 'datalake_ingestion_pipelines' retrieved from /opt/airflow/dags/ingestion_pipelines_dag.py
[2026-09-10T09:32:58.887+0000] {logging_mixin.py:190} INFO - [2026-09-10T09:32:58.887+0000] {dag.py:3239} INFO - Sync 1 DAGs
[2026-09-10T09:32:58.920+0000] {logging_mixin.py:190} INFO - [2026-09-10T09:32:58.920+0000] {dag.py:4180} INFO - Setting next_dagrun for datalake_ingestion_pipelines to 2026-09-10 09:00:00+00:00, run_after=2026-09-10 10:00:00+00:00
[2026-09-10T09:32:58.950+0000] {processor.py:208} INFO - Processing /opt/airflow/dags/ingestion_pipelines_dag.py took 0.188 seconds
[2026-09-10T09:33:29.163+0000] {processor.py:186} INFO - Started process (PID=1082) to work on /opt/airflow/dags/ingestion_pipelines_dag.py
[2026-09-10T09:33:29.169+0000] {processor.py:914} INFO - Processing file /opt/airflow/dags/ingestion_pipelines_dag.py for tasks to queue
[2026-09-10T09:33:29.178+0000] {logging_mixin.py:190} INFO - [2026-09-10T09:33:29.178+0000] {dagbag.py:588} INFO - Filling up the DagBag from /opt/airflow/dags/ingestion_pipelines_dag.py
[2026-09-10T09:33:29.233+0000] {processor.py:925} INFO - DAG(s) 'datalake_ingestion_pipelines' retrieved from /opt/airflow/dags/ingestion_pipelines_dag.py
[2026-09-10T09:33:29.298+0000] {logging_mixin.py:190} INFO - [2026-09-10T09:33:29.297+0000] {dag.py:3239} INFO - Sync 1 DAGs
[2026-09-10T09:33:29.342+0000] {logging_mixin.py:190} INFO - [2026-09-10T09:33:29.342+0000] {dag.py:4180} INFO - Setting next_dagrun for datalake_ingestion_pipelines to 2026-09-10 09:00:00+00:00, run_after=2026-09-10 10:00:00+00:00
[2026-09-10T09:33:29.385+0000] {processor.py:208} INFO - Processing /opt/airflow/dags/ingestion_pipelines_dag.py took 0.235 seconds
[2026-09-10T09:33:59.767+0000] {processor.py:186} INFO - Started process (PID=1095) to work on /opt/airflow/dags/ingestion_pipelines_dag.py
[2026-09-10T09:33:59.768+0000] {processor.py:914} INFO - Processing file /opt/airflow/dags/ingestion_pipelines_dag.py for tasks to queue
[2026-09-10T09:33:59.772+0000] {logging_mixin.py:190} INFO - [2026-09-10T09:33:59.772+0000] {dagbag.py:588} INFO - Filling up the DagBag from /opt/airflow/dags/ingestion_pipelines_dag.py
[2026-09-10T09:33:59.806+0000] {processor.py:925} INFO - DAG(s) 'datalake_ingestion_pipelines' retrieved from /opt/airflow/dags/ingestion_pipelines_dag.py
[2026-09-10T09:33:59.846+0000] {logging_mixin.py:190} INFO - [2026-09-10T09:33:59.845+0000] {dag.py:3239} INFO - Sync 1 DAGs
[2026-09-10T09:33:59.874+0000] {logging_mixin.py:190} INFO - [2026-09-10T09:33:59.873+0000] {dag.py:4180} INFO - Setting next_dagrun for datalake_ingestion_pipelines to 2026-09-10 09:00:00+00:00, run_after=2026-09-10 10:00:00+00:00
[2026-09-10T09:33:59.909+0000] {processor.py:208} INFO - Processing /opt/airflow/dags/ingestion_pipelines_dag.py took 0.150 seconds
[2026-09-10T09:34:30.218+0000] {processor.py:186} INFO - Started process (PID=1107) to work on /opt/airflow/dags/ingestion_pipelines_dag.py
[2026-09-10T09:34:30.220+0000] {processor.py:914} INFO - Processing file /opt/airflow/dags/ingestion_pipelines_dag.py for tasks to queue
[2026-09-10T09:34:30.224+0000] {logging_mixin.py:190} INFO - [2026-09-10T09:34:30.224+0000] {dagbag.py:588} INFO - Filling up the DagBag from /opt/airflow/dags/ingestion_pipelines_dag.py
[2026-09-10T09:34:30.270+0000] {processor.py:925} INFO - DAG(s) 'datalake_ingestion_pipelines' retrieved from /opt/airflow/dags/ingestion_pipelines_dag.py
[2026-09-10T09:34:30.310+0000] {logging_mixin.py:190} INFO - [2026-09-10T09:34:30.310+0000] {dag.py:3239} INFO - Sync 1 DAGs
[2026-09-10T09:34:30.345+0000] {logging_mixin.py:190} INFO - [2026-09-10T09:34:30.344+0000] {dag.py:4180} INFO - Setting next_dagrun for datalake_ingestion_pipelines to 2026-09-10 09:00:00+00:00, run_after=2026-09-10 10:00:00+00:00
[2026-09-10T09:34:30.397+0000] {processor.py:208} INFO - Processing /opt/airflow/dags/ingestion_pipelines_dag.py took 0.187 seconds
[2026-09-10T09:35:00.844+0000] {processor.py:186} INFO - Started process (PID=1120) to work on /opt/airflow/dags/ingestion_pipelines_dag.py
[2026-09-10T09:35:00.846+0000] {processor.py:914} INFO - Processing file /opt/airflow/dags/ingestion_pipelines_dag.py for tasks to queue
[2026-09-10T09:35:00.850+0000] {logging_mixin.py:190} INFO - [2026-09-10T09:35:00.849+0000] {dagbag.py:588} INFO - Filling up the DagBag from /opt/airflow/dags/ingestion_pipelines_dag.py
[2026-09-10T09:35:00.909+0000] {processor.py:925} INFO - DAG(s) 'datalake_ingestion_pipelines' retrieved from /opt/airflow/dags/ingestion_pipelines_dag.py
[2026-09-10T09:35:00.953+0000] {logging_mixin.py:190} INFO - [2026-09-10T09:35:00.953+0000] {dag.py:3239} INFO - Sync 1 DAGs
[2026-09-10T09:35:00.986+0000] {logging_mixin.py:190} INFO - [2026-09-10T09:35:00.985+0000] {dag.py:4180} INFO - Setting next_dagrun for datalake_ingestion_pipelines to 2026-09-10 09:00:00+00:00, run_after=2026-09-10 10:00:00+00:00
[2026-09-10T09:35:01.074+0000] {processor.py:208} INFO - Processing /opt/airflow/dags/ingestion_pipelines_dag.py took 0.240 seconds
[2026-09-10T09:35:31.165+0000] {processor.py:186} INFO - Started process (PID=1133) to work on /opt/airflow/dags/ingestion_pipelines_dag.py
[2026-09-10T09:35:31.166+0000] {processor.py:914} INFO - Processing file /opt/airflow/dags/ingestion_pipelines_dag.py for tasks to queue
[2026-09-10T09:35:31.170+0000] {logging_mixin.py:190} INFO - [2026-09-10T09:35:31.169+0000] {dagbag.py:588} INFO - Filling up the DagBag from /opt/airflow/dags/ingestion_pipelines_dag.py
[2026-09-10T09:35:31.217+0000] {processor.py:925} INFO - DAG(s) 'datalake_ingestion_pipelines' retrieved from /opt/airflow/dags/ingestion_pipelines_dag.py
[2026-09-10T09:35:31.253+0000] {logging_mixin.py:190} INFO - [2026-09-10T09:35:31.253+0000] {dag.py:3239} INFO - Sync 1 DAGs
[2026-09-10T09:35:31.281+0000] {logging_mixin.py:190} INFO - [2026-09-10T09:35:31.281+0000] {dag.py:4180} INFO - Setting next_dagrun for datalake_ingestion_pipelines to 2026-09-10 09:00:00+00:00, run_after=2026-09-10 10:00:00+00:00
[2026-09-10T09:35:31.306+0000] {processor.py:208} INFO - Processing /opt/airflow/dags/ingestion_pipelines_dag.py took 0.148 seconds
[2026-09-10T09:36:01.546+0000] {processor.py:186} INFO - Started process (PID=1146) to work on /opt/airflow/dags/ingestion_pipelines_dag.py
[2026-09-10T09:36:01.548+0000] {processor.py:914} INFO - Processing file /opt/airflow/dags/ingestion_pipelines_dag.py for tasks to queue
[2026-09-10T09:36:01.552+0000] {logging_mixin.py:190} INFO - [2026-09-10T09:36:01.552+0000] {dagbag.py:588} INFO - Filling up the DagBag from /opt/airflow/dags/ingestion_pipelines_dag.py
[2026-09-10T09:36:01.592+0000] {processor.py:925} INFO - DAG(s) 'datalake_ingestion_pipelines' retrieved from /opt/airflow/dags/ingestion_pipelines_dag.py
[2026-09-10T09:36:01.631+0000] {logging_mixin.py:190} INFO - [2026-09-10T09:36:01.631+0000] {dag.py:3239} INFO - Sync 1 DAGs
[2026-09-10T09:36:01.728+0000] {logging_mixin.py:190} INFO - [2026-09-10T09:36:01.727+0000] {dag.py:4180} INFO - Setting next_dagrun for datalake_ingestion_pipelines to 2026-09-10 09:00:00+00:00, run_after=2026-09-10 10:00:00+00:00
[2026-09-10T09:36:01.785+0000] {processor.py:208} INFO - Processing /opt/airflow/dags/ingestion_pipelines_dag.py took 0.245 seconds
[2026-09-10T09:36:32.200+0000] {processor.py:186} INFO - Started process (PID=1152) to work on /opt/airflow/dags/ingestion_pipelines_dag.py
[2026-09-10T09:36:32.202+0000] {processor.py:914} INFO - Processing file /opt/airflow/dags/ingestion_pipelines_dag.py for tasks to queue
[2026-09-10T09:36:32.206+0000] {logging_mixin.py:190} INFO - [2026-09-10T09:36:32.205+0000] {dagbag.py:588} INFO - Filling up the DagBag from /opt/airflow/dags/ingestion_pipelines_dag.py
[2026-09-10T09:36:32.257+0000] {processor.py:925} INFO - DAG(s) 'datalake_ingestion_pipelines' retrieved from /opt/airflow/dags/ingestion_pipelines_dag.py
[2026-09-10T09:36:32.293+0000] {logging_mixin.py:190} INFO - [2026-09-10T09:36:32.292+0000] {dag.py:3239} INFO - Sync 1 DAGs
[2026-09-10T09:36:32.327+0000] {logging_mixin.py:190} INFO - [2026-09-10T09:36:32.327+0000] {dag.py:4180} INFO - Setting next_dagrun for datalake_ingestion_pipelines to 2026-09-10 09:00:00+00:00, run_after=2026-09-10 10:00:00+00:00
[2026-09-10T09:36:32.357+0000] {processor.py:208} INFO - Processing /opt/airflow/dags/ingestion_pipelines_dag.py took 0.164 seconds
[2026-09-10T09:37:02.814+0000] {processor.py:186} INFO - Started process (PID=1165) to work on /opt/airflow/dags/ingestion_pipelines_dag.py
[2026-09-10T09:37:02.816+0000] {processor.py:914} INFO - Processing file /opt/airflow/dags/ingestion_pipelines_dag.py for tasks to queue
[2026-09-10T09:37:02.820+0000] {logging_mixin.py:190} INFO - [2026-09-10T09:37:02.819+0000] {dagbag.py:588} INFO - Filling up the DagBag from /opt/airflow/dags/ingestion_pipelines_dag.py
[2026-09-10T09:37:02.865+0000] {processor.py:925} INFO - DAG(s) 'datalake_ingestion_pipelines' retrieved from /opt/airflow/dags/ingestion_pipelines_dag.py
[2026-09-10T09:37:02.971+0000] {logging_mixin.py:190} INFO - [2026-09-10T09:37:02.971+0000] {dag.py:3239} INFO - Sync 1 DAGs
[2026-09-10T09:37:03.001+0000] {logging_mixin.py:190} INFO - [2026-09-10T09:37:03.001+0000] {dag.py:4180} INFO - Setting next_dagrun for datalake_ingestion_pipelines to 2026-09-10 09:00:00+00:00, run_after=2026-09-10 10:00:00+00:00
[2026-09-10T09:37:03.027+0000] {processor.py:208} INFO - Processing /opt/airflow/dags/ingestion_pipelines_dag.py took 0.221 seconds
[2026-09-10T09:37:33.270+0000] {processor.py:186} INFO - Started process (PID=1179) to work on /opt/airflow/dags/ingestion_pipelines_dag.py
[2026-09-10T09:37:33.274+0000] {processor.py:914} INFO - Processing file /opt/airflow/dags/ingestion_pipelines_dag.py for tasks to queue
[2026-09-10T09:37:33.284+0000] {logging_mixin.py:190} INFO - [2026-09-10T09:37:33.283+0000] {dagbag.py:588} INFO - Filling up the DagBag from /opt/airflow/dags/ingestion_pipelines_dag.py
[2026-09-10T09:37:33.338+0000] {processor.py:925} INFO - DAG(s) 'datalake_ingestion_pipelines' retrieved from /opt/airflow/dags/ingestion_pipelines_dag.py
[2026-09-10T09:37:33.395+0000] {logging_mixin.py:190} INFO - [2026-09-10T09:37:33.395+0000] {dag.py:3239} INFO - Sync 1 DAGs
[2026-09-10T09:37:34.024+0000] {logging_mixin.py:190} INFO - [2026-09-10T09:37:34.023+0000] {dag.py:4180} INFO - Setting next_dagrun for datalake_ingestion_pipelines to 2026-09-10 09:00:00+00:00, run_after=2026-09-10 10:00:00+00:00
[2026-09-10T09:37:34.074+0000] {processor.py:208} INFO - Processing /opt/airflow/dags/ingestion_pipelines_dag.py took 0.826 seconds
[2026-09-10T09:38:04.600+0000] {processor.py:186} INFO - Started process (PID=1192) to work on /opt/airflow/dags/ingestion_pipelines_dag.py
[2026-09-10T09:38:04.602+0000] {processor.py:914} INFO - Processing file /opt/airflow/dags/ingestion_pipelines_dag.py for tasks to queue
[2026-09-10T09:38:04.605+0000] {logging_mixin.py:190} INFO - [2026-09-10T09:38:04.605+0000] {dagbag.py:588} INFO - Filling up the DagBag from /opt/airflow/dags/ingestion_pipelines_dag.py
[2026-09-10T09:38:04.668+0000] {processor.py:925} INFO - DAG(s) 'datalake_ingestion_pipelines' retrieved from /opt/airflow/dags/ingestion_pipelines_dag.py
[2026-09-10T09:38:04.776+0000] {logging_mixin.py:190} INFO - [2026-09-10T09:38:04.776+0000] {dag.py:3239} INFO - Sync 1 DAGs
[2026-09-10T09:38:04.851+0000] {logging_mixin.py:190} INFO - [2026-09-10T09:38:04.851+0000] {dag.py:4180} INFO - Setting next_dagrun for datalake_ingestion_pipelines to 2026-09-10 09:00:00+00:00, run_after=2026-09-10 10:00:00+00:00
[2026-09-10T09:38:04.892+0000] {processor.py:208} INFO - Processing /opt/airflow/dags/ingestion_pipelines_dag.py took 0.300 seconds
[2026-09-10T09:38:35.243+0000] {processor.py:186} INFO - Started process (PID=1205) to work on /opt/airflow/dags/ingestion_pipelines_dag.py
[2026-09-10T09:38:35.247+0000] {processor.py:914} INFO - Processing file /opt/airflow/dags/ingestion_pipelines_dag.py for tasks to queue
[2026-09-10T09:38:35.261+0000] {logging_mixin.py:190} INFO - [2026-09-10T09:38:35.259+0000] {dagbag.py:588} INFO - Filling up the DagBag from /opt/airflow/dags/ingestion_pipelines_dag.py
[2026-09-10T09:38:35.328+0000] {processor.py:925} INFO - DAG(s) 'datalake_ingestion_pipelines' retrieved from /opt/airflow/dags/ingestion_pipelines_dag.py
[2026-09-10T09:38:35.384+0000] {logging_mixin.py:190} INFO - [2026-09-10T09:38:35.384+0000] {dag.py:3239} INFO - Sync 1 DAGs
[2026-09-10T09:38:35.421+0000] {logging_mixin.py:190} INFO - [2026-09-10T09:38:35.420+0000] {dag.py:4180} INFO - Setting next_dagrun for datalake_ingestion_pipelines to 2026-09-10 09:00:00+00:00, run_after=2026-09-10 10:00:00+00:00
[2026-09-10T09:38:35.451+0000] {processor.py:208} INFO - Processing /opt/airflow/dags/ingestion_pipelines_dag.py took 0.220 seconds
[2026-09-10T09:39:05.717+0000] {processor.py:186} INFO - Started process (PID=1218) to work on /opt/airflow/dags/ingestion_pipelines_dag.py
[2026-09-10T09:39:05.719+0000] {processor.py:914} INFO - Processing file /opt/airflow/dags/ingestion_pipelines_dag.py for tasks to queue
[2026-09-10T09:39:05.724+0000] {logging_mixin.py:190} INFO - [2026-09-10T09:39:05.723+0000] {dagbag.py:588} INFO - Filling up the DagBag from /opt/airflow/dags/ingestion_pipelines_dag.py
[2026-09-10T09:39:05.778+0000] {processor.py:925} INFO - DAG(s) 'datalake_ingestion_pipelines' retrieved from /opt/airflow/dags/ingestion_pipelines_dag.py
[2026-09-10T09:39:05.828+0000] {logging_mixin.py:190} INFO - [2026-09-10T09:39:05.828+0000] {dag.py:3239} INFO - Sync 1 DAGs
[2026-09-10T09:39:05.866+0000] {logging_mixin.py:190} INFO - [2026-09-10T09:39:05.866+0000] {dag.py:4180} INFO - Setting next_dagrun for datalake_ingestion_pipelines to 2026-09-10 09:00:00+00:00, run_after=2026-09-10 10:00:00+00:00
[2026-09-10T09:39:05.961+0000] {processor.py:208} INFO - Processing /opt/airflow/dags/ingestion_pipelines_dag.py took 0.255 seconds
[2026-09-10T09:39:36.259+0000] {processor.py:186} INFO - Started process (PID=1231) to work on /opt/airflow/dags/ingestion_pipelines_dag.py
[2026-09-10T09:39:36.261+0000] {processor.py:914} INFO - Processing file /opt/airflow/dags/ingestion_pipelines_dag.py for tasks to queue
[2026-09-10T09:39:36.323+0000] {logging_mixin.py:190} INFO - [2026-09-10T09:39:36.322+0000] {dagbag.py:588} INFO - Filling up the DagBag from /opt/airflow/dags/ingestion_pipelines_dag.py
[2026-09-10T09:39:36.386+0000] {processor.py:925} INFO - DAG(s) 'datalake_ingestion_pipelines' retrieved from /opt/airflow/dags/ingestion_pipelines_dag.py
[2026-09-10T09:39:36.451+0000] {logging_mixin.py:190} INFO - [2026-09-10T09:39:36.451+0000] {dag.py:3239} INFO - Sync 1 DAGs
[2026-09-10T09:39:36.499+0000] {logging_mixin.py:190} INFO - [2026-09-10T09:39:36.499+0000] {dag.py:4180} INFO - Setting next_dagrun for datalake_ingestion_pipelines to 2026-09-10 09:00:00+00:00, run_after=2026-09-10 10:00:00+00:00
[2026-09-10T09:39:36.534+0000] {processor.py:208} INFO - Processing /opt/airflow/dags/ingestion_pipelines_dag.py took 0.283 seconds
[2026-09-10T09:40:06.751+0000] {processor.py:186} INFO - Started process (PID=1244) to work on /opt/airflow/dags/ingestion_pipelines_dag.py
[2026-09-10T09:40:06.753+0000] {processor.py:914} INFO - Processing file /opt/airflow/dags/ingestion_pipelines_dag.py for tasks to queue
[2026-09-10T09:40:06.758+0000] {logging_mixin.py:190} INFO - [2026-09-10T09:40:06.757+0000] {dagbag.py:588} INFO - Filling up the DagBag from /opt/airflow/dags/ingestion_pipelines_dag.py
[2026-09-10T09:40:06.819+0000] {processor.py:925} INFO - DAG(s) 'datalake_ingestion_pipelines' retrieved from /opt/airflow/dags/ingestion_pipelines_dag.py
[2026-09-10T09:40:06.884+0000] {logging_mixin.py:190} INFO - [2026-09-10T09:40:06.884+0000] {dag.py:3239} INFO - Sync 1 DAGs
[2026-09-10T09:40:07.171+0000] {logging_mixin.py:190} INFO - [2026-09-10T09:40:07.170+0000] {dag.py:4180} INFO - Setting next_dagrun for datalake_ingestion_pipelines to 2026-09-10 09:00:00+00:00, run_after=2026-09-10 10:00:00+00:00
[2026-09-10T09:40:07.213+0000] {processor.py:208} INFO - Processing /opt/airflow/dags/ingestion_pipelines_dag.py took 0.473 seconds
[2026-09-10T09:40:37.362+0000] {processor.py:186} INFO - Started process (PID=1257) to work on /opt/airflow/dags/ingestion_pipelines_dag.py
[2026-09-10T09:40:37.365+0000] {processor.py:914} INFO - Processing file /opt/airflow/dags/ingestion_pipelines_dag.py for tasks to queue
[2026-09-10T09:40:37.369+0000] {logging_mixin.py:190} INFO - [2026-09-10T09:40:37.368+0000] {dagbag.py:588} INFO - Filling up the DagBag from /opt/airflow/dags/ingestion_pipelines_dag.py
[2026-09-10T09:40:37.421+0000] {processor.py:925} INFO - DAG(s) 'datalake_ingestion_pipelines' retrieved from /opt/airflow/dags/ingestion_pipelines_dag.py
[2026-09-10T09:40:37.479+0000] {logging_mixin.py:190} INFO - [2026-09-10T09:40:37.478+0000] {dag.py:3239} INFO - Sync 1 DAGs
[2026-09-10T09:40:37.518+0000] {logging_mixin.py:190} INFO - [2026-09-10T09:40:37.518+0000] {dag.py:4180} INFO - Setting next_dagrun for datalake_ingestion_pipelines to 2026-09-10 09:00:00+00:00, run_after=2026-09-10 10:00:00+00:00
[2026-09-10T09:40:37.551+0000] {processor.py:208} INFO - Processing /opt/airflow/dags/ingestion_pipelines_dag.py took 0.199 seconds
[2026-09-10T09:41:07.797+0000] {processor.py:186} INFO - Started process (PID=1270) to work on /opt/airflow/dags/ingestion_pipelines_dag.py
[2026-09-10T09:41:07.799+0000] {processor.py:914} INFO - Processing file /opt/airflow/dags/ingestion_pipelines_dag.py for tasks to queue
[2026-09-10T09:41:07.803+0000] {logging_mixin.py:190} INFO - [2026-09-10T09:41:07.802+0000] {dagbag.py:588} INFO - Filling up the DagBag from /opt/airflow/dags/ingestion_pipelines_dag.py
[2026-09-10T09:41:07.926+0000] {processor.py:925} INFO - DAG(s) 'datalake_ingestion_pipelines' retrieved from /opt/airflow/dags/ingestion_pipelines_dag.py
[2026-09-10T09:41:08.026+0000] {logging_mixin.py:190} INFO - [2026-09-10T09:41:08.025+0000] {dag.py:3239} INFO - Sync 1 DAGs
[2026-09-10T09:41:08.059+0000] {logging_mixin.py:190} INFO - [2026-09-10T09:41:08.059+0000] {dag.py:4180} INFO - Setting next_dagrun for datalake_ingestion_pipelines to 2026-09-10 09:00:00+00:00, run_after=2026-09-10 10:00:00+00:00
[2026-09-10T09:41:08.084+0000] {processor.py:208} INFO - Processing /opt/airflow/dags/ingestion_pipelines_dag.py took 0.295 seconds
[2026-09-10T09:41:38.415+0000] {processor.py:186} INFO - Started process (PID=1282) to work on /opt/airflow/dags/ingestion_pipelines_dag.py
[2026-09-10T09:41:38.417+0000] {processor.py:914} INFO - Processing file /opt/airflow/dags/ingestion_pipelines_dag.py for tasks to queue
[2026-09-10T09:41:38.422+0000] {logging_mixin.py:190} INFO - [2026-09-10T09:41:38.421+0000] {dagbag.py:588} INFO - Filling up the DagBag from /opt/airflow/dags/ingestion_pipelines_dag.py
[2026-09-10T09:41:38.472+0000] {processor.py:925} INFO - DAG(s) 'datalake_ingestion_pipelines' retrieved from /opt/airflow/dags/ingestion_pipelines_dag.py
[2026-09-10T09:41:38.579+0000] {logging_mixin.py:190} INFO - [2026-09-10T09:41:38.579+0000] {dag.py:3239} INFO - Sync 1 DAGs
[2026-09-10T09:41:38.626+0000] {logging_mixin.py:190} INFO - [2026-09-10T09:41:38.626+0000] {dag.py:4180} INFO - Setting next_dagrun for datalake_ingestion_pipelines to 2026-09-10 09:00:00+00:00, run_after=2026-09-10 10:00:00+00:00
[2026-09-10T09:41:38.652+0000] {processor.py:208} INFO - Processing /opt/airflow/dags/ingestion_pipelines_dag.py took 0.246 seconds
[2026-09-10T09:42:09.036+0000] {processor.py:186} INFO - Started process (PID=1288) to work on /opt/airflow/dags/ingestion_pipelines_dag.py
[2026-09-10T09:42:09.038+0000] {processor.py:914} INFO - Processing file /opt/airflow/dags/ingestion_pipelines_dag.py for tasks to queue
[2026-09-10T09:42:09.041+0000] {logging_mixin.py:190} INFO - [2026-09-10T09:42:09.040+0000] {dagbag.py:588} INFO - Filling up the DagBag from /opt/airflow/dags/ingestion_pipelines_dag.py
[2026-09-10T09:42:09.074+0000] {processor.py:925} INFO - DAG(s) 'datalake_ingestion_pipelines' retrieved from /opt/airflow/dags/ingestion_pipelines_dag.py
[2026-09-10T09:42:09.134+0000] {logging_mixin.py:190} INFO - [2026-09-10T09:42:09.133+0000] {dag.py:3239} INFO - Sync 1 DAGs
[2026-09-10T09:42:09.171+0000] {logging_mixin.py:190} INFO - [2026-09-10T09:42:09.171+0000] {dag.py:4180} INFO - Setting next_dagrun for datalake_ingestion_pipelines to 2026-09-10 09:00:00+00:00, run_after=2026-09-10 10:00:00+00:00
[2026-09-10T09:42:09.203+0000] {processor.py:208} INFO - Processing /opt/airflow/dags/ingestion_pipelines_dag.py took 0.176 seconds
[2026-09-10T09:42:39.604+0000] {processor.py:186} INFO - Started process (PID=1301) to work on /opt/airflow/dags/ingestion_pipelines_dag.py
[2026-09-10T09:42:39.606+0000] {processor.py:914} INFO - Processing file /opt/airflow/dags/ingestion_pipelines_dag.py for tasks to queue
[2026-09-10T09:42:39.613+0000] {logging_mixin.py:190} INFO - [2026-09-10T09:42:39.612+0000] {dagbag.py:588} INFO - Filling up the DagBag from /opt/airflow/dags/ingestion_pipelines_dag.py
[2026-09-10T09:42:39.680+0000] {processor.py:925} INFO - DAG(s) 'datalake_ingestion_pipelines' retrieved from /opt/airflow/dags/ingestion_pipelines_dag.py
[2026-09-10T09:42:39.772+0000] {logging_mixin.py:190} INFO - [2026-09-10T09:42:39.772+0000] {dag.py:3239} INFO - Sync 1 DAGs
[2026-09-10T09:42:39.847+0000] {logging_mixin.py:190} INFO - [2026-09-10T09:42:39.847+0000] {dag.py:4180} INFO - Setting next_dagrun for datalake_ingestion_pipelines to 2026-09-10 09:00:00+00:00, run_after=2026-09-10 10:00:00+00:00
[2026-09-10T09:42:40.156+0000] {processor.py:208} INFO - Processing /opt/airflow/dags/ingestion_pipelines_dag.py took 0.570 seconds
[2026-09-10T09:43:11.141+0000] {processor.py:186} INFO - Started process (PID=1314) to work on /opt/airflow/dags/ingestion_pipelines_dag.py
[2026-09-10T09:43:11.143+0000] {processor.py:914} INFO - Processing file /opt/airflow/dags/ingestion_pipelines_dag.py for tasks to queue
[2026-09-10T09:43:11.147+0000] {logging_mixin.py:190} INFO - [2026-09-10T09:43:11.146+0000] {dagbag.py:588} INFO - Filling up the DagBag from /opt/airflow/dags/ingestion_pipelines_dag.py
[2026-09-10T09:43:11.192+0000] {processor.py:925} INFO - DAG(s) 'datalake_ingestion_pipelines' retrieved from /opt/airflow/dags/ingestion_pipelines_dag.py
[2026-09-10T09:43:11.251+0000] {logging_mixin.py:190} INFO - [2026-09-10T09:43:11.250+0000] {dag.py:3239} INFO - Sync 1 DAGs
[2026-09-10T09:43:11.603+0000] {logging_mixin.py:190} INFO - [2026-09-10T09:43:11.602+0000] {dag.py:4180} INFO - Setting next_dagrun for datalake_ingestion_pipelines to 2026-09-10 09:00:00+00:00, run_after=2026-09-10 10:00:00+00:00
[2026-09-10T09:43:11.644+0000] {processor.py:208} INFO - Processing /opt/airflow/dags/ingestion_pipelines_dag.py took 0.510 seconds
[2026-09-10T09:43:42.096+0000] {processor.py:186} INFO - Started process (PID=1327) to work on /opt/airflow/dags/ingestion_pipelines_dag.py
[2026-09-10T09:43:42.099+0000] {processor.py:914} INFO - Processing file /opt/airflow/dags/ingestion_pipelines_dag.py for tasks to queue
[2026-09-10T09:43:42.102+0000] {logging_mixin.py:190} INFO - [2026-09-10T09:43:42.102+0000] {dagbag.py:588} INFO - Filling up the DagBag from /opt/airflow/dags/ingestion_pipelines_dag.py
[2026-09-10T09:43:42.167+0000] {processor.py:925} INFO - DAG(s) 'datalake_ingestion_pipelines' retrieved from /opt/airflow/dags/ingestion_pipelines_dag.py
[2026-09-10T09:43:42.246+0000] {logging_mixin.py:190} INFO - [2026-09-10T09:43:42.246+0000] {dag.py:3239} INFO - Sync 1 DAGs
[2026-09-10T09:43:42.328+0000] {logging_mixin.py:190} INFO - [2026-09-10T09:43:42.326+0000] {dag.py:4180} INFO - Setting next_dagrun for datalake_ingestion_pipelines to 2026-09-10 09:00:00+00:00, run_after=2026-09-10 10:00:00+00:00
[2026-09-10T09:43:42.405+0000] {processor.py:208} INFO - Processing /opt/airflow/dags/ingestion_pipelines_dag.py took 0.321 seconds
[2026-09-10T09:44:12.633+0000] {processor.py:186} INFO - Started process (PID=1340) to work on /opt/airflow/dags/ingestion_pipelines_dag.py
[2026-09-10T09:44:12.639+0000] {processor.py:914} INFO - Processing file /opt/airflow/dags/ingestion_pipelines_dag.py for tasks to queue
[2026-09-10T09:44:12.665+0000] {logging_mixin.py:190} INFO - [2026-09-10T09:44:12.662+0000] {dagbag.py:588} INFO - Filling up the DagBag from /opt/airflow/dags/ingestion_pipelines_dag.py
[2026-09-10T09:44:12.771+0000] {processor.py:925} INFO - DAG(s) 'datalake_ingestion_pipelines' retrieved from /opt/airflow/dags/ingestion_pipelines_dag.py
[2026-09-10T09:44:12.859+0000] {logging_mixin.py:190} INFO - [2026-09-10T09:44:12.858+0000] {dag.py:3239} INFO - Sync 1 DAGs
[2026-09-10T09:44:12.903+0000] {logging_mixin.py:190} INFO - [2026-09-10T09:44:12.902+0000] {dag.py:4180} INFO - Setting next_dagrun for datalake_ingestion_pipelines to 2026-09-10 09:00:00+00:00, run_after=2026-09-10 10:00:00+00:00
[2026-09-10T09:44:12.937+0000] {processor.py:208} INFO - Processing /opt/airflow/dags/ingestion_pipelines_dag.py took 0.340 seconds
[2026-09-10T09:44:43.255+0000] {processor.py:186} INFO - Started process (PID=1353) to work on /opt/airflow/dags/ingestion_pipelines_dag.py
[2026-09-10T09:44:43.256+0000] {processor.py:914} INFO - Processing file /opt/airflow/dags/ingestion_pipelines_dag.py for tasks to queue
[2026-09-10T09:44:43.258+0000] {logging_mixin.py:190} INFO - [2026-09-10T09:44:43.258+0000] {dagbag.py:588} INFO - Filling up the DagBag from /opt/airflow/dags/ingestion_pipelines_dag.py
[2026-09-10T09:44:43.297+0000] {processor.py:925} INFO - DAG(s) 'datalake_ingestion_pipelines' retrieved from /opt/airflow/dags/ingestion_pipelines_dag.py
[2026-09-10T09:44:43.338+0000] {logging_mixin.py:190} INFO - [2026-09-10T09:44:43.337+0000] {dag.py:3239} INFO - Sync 1 DAGs
[2026-09-10T09:44:43.372+0000] {logging_mixin.py:190} INFO - [2026-09-10T09:44:43.371+0000] {dag.py:4180} INFO - Setting next_dagrun for datalake_ingestion_pipelines to 2026-09-10 09:00:00+00:00, run_after=2026-09-10 10:00:00+00:00
[2026-09-10T09:44:43.400+0000] {processor.py:208} INFO - Processing /opt/airflow/dags/ingestion_pipelines_dag.py took 0.152 seconds
[2026-09-10T09:45:13.594+0000] {processor.py:186} INFO - Started process (PID=1366) to work on /opt/airflow/dags/ingestion_pipelines_dag.py
[2026-09-10T09:45:13.596+0000] {processor.py:914} INFO - Processing file /opt/airflow/dags/ingestion_pipelines_dag.py for tasks to queue
[2026-09-10T09:45:13.601+0000] {logging_mixin.py:190} INFO - [2026-09-10T09:45:13.601+0000] {dagbag.py:588} INFO - Filling up the DagBag from /opt/airflow/dags/ingestion_pipelines_dag.py
[2026-09-10T09:45:13.647+0000] {processor.py:925} INFO - DAG(s) 'datalake_ingestion_pipelines' retrieved from /opt/airflow/dags/ingestion_pipelines_dag.py
[2026-09-10T09:45:13.703+0000] {logging_mixin.py:190} INFO - [2026-09-10T09:45:13.702+0000] {dag.py:3239} INFO - Sync 1 DAGs
[2026-09-10T09:45:13.726+0000] {logging_mixin.py:190} INFO - [2026-09-10T09:45:13.726+0000] {dag.py:4180} INFO - Setting next_dagrun for datalake_ingestion_pipelines to 2026-09-10 09:00:00+00:00, run_after=2026-09-10 10:00:00+00:00
[2026-09-10T09:45:13.747+0000] {processor.py:208} INFO - Processing /opt/airflow/dags/ingestion_pipelines_dag.py took 0.162 seconds
[2026-09-10T09:45:44.019+0000] {processor.py:186} INFO - Started process (PID=1379) to work on /opt/airflow/dags/ingestion_pipelines_dag.py
[2026-09-10T09:45:44.021+0000] {processor.py:914} INFO - Processing file /opt/airflow/dags/ingestion_pipelines_dag.py for tasks to queue
[2026-09-10T09:45:44.023+0000] {logging_mixin.py:190} INFO - [2026-09-10T09:45:44.023+0000] {dagbag.py:588} INFO - Filling up the DagBag from /opt/airflow/dags/ingestion_pipelines_dag.py
[2026-09-10T09:45:44.059+0000] {processor.py:925} INFO - DAG(s) 'datalake_ingestion_pipelines' retrieved from /opt/airflow/dags/ingestion_pipelines_dag.py
[2026-09-10T09:45:44.099+0000] {logging_mixin.py:190} INFO - [2026-09-10T09:45:44.099+0000] {dag.py:3239} INFO - Sync 1 DAGs
[2026-09-10T09:45:44.314+0000] {logging_mixin.py:190} INFO - [2026-09-10T09:45:44.314+0000] {dag.py:4180} INFO - Setting next_dagrun for datalake_ingestion_pipelines to 2026-09-10 09:00:00+00:00, run_after=2026-09-10 10:00:00+00:00
[2026-09-10T09:45:44.337+0000] {processor.py:208} INFO - Processing /opt/airflow/dags/ingestion_pipelines_dag.py took 0.324 seconds
[2026-09-10T09:46:14.646+0000] {processor.py:186} INFO - Started process (PID=1392) to work on /opt/airflow/dags/ingestion_pipelines_dag.py
[2026-09-10T09:46:14.650+0000] {processor.py:914} INFO - Processing file /opt/airflow/dags/ingestion_pipelines_dag.py for tasks to queue
[2026-09-10T09:46:14.653+0000] {logging_mixin.py:190} INFO - [2026-09-10T09:46:14.653+0000] {dagbag.py:588} INFO - Filling up the DagBag from /opt/airflow/dags/ingestion_pipelines_dag.py
[2026-09-10T09:46:14.686+0000] {processor.py:925} INFO - DAG(s) 'datalake_ingestion_pipelines' retrieved from /opt/airflow/dags/ingestion_pipelines_dag.py
[2026-09-10T09:46:14.732+0000] {logging_mixin.py:190} INFO - [2026-09-10T09:46:14.732+0000] {dag.py:3239} INFO - Sync 1 DAGs
[2026-09-10T09:46:14.756+0000] {logging_mixin.py:190} INFO - [2026-09-10T09:46:14.756+0000] {dag.py:4180} INFO - Setting next_dagrun for datalake_ingestion_pipelines to 2026-09-10 09:00:00+00:00, run_after=2026-09-10 10:00:00+00:00
[2026-09-10T09:46:14.790+0000] {processor.py:208} INFO - Processing /opt/airflow/dags/ingestion_pipelines_dag.py took 0.150 seconds
[2026-09-10T09:46:44.958+0000] {processor.py:186} INFO - Started process (PID=1405) to work on /opt/airflow/dags/ingestion_pipelines_dag.py
[2026-09-10T09:46:44.960+0000] {processor.py:914} INFO - Processing file /opt/airflow/dags/ingestion_pipelines_dag.py for tasks to queue
[2026-09-10T09:46:44.962+0000] {logging_mixin.py:190} INFO - [2026-09-10T09:46:44.962+0000] {dagbag.py:588} INFO - Filling up the DagBag from /opt/airflow/dags/ingestion_pipelines_dag.py
[2026-09-10T09:46:44.992+0000] {processor.py:925} INFO - DAG(s) 'datalake_ingestion_pipelines' retrieved from /opt/airflow/dags/ingestion_pipelines_dag.py
[2026-09-10T09:46:45.026+0000] {logging_mixin.py:190} INFO - [2026-09-10T09:46:45.026+0000] {dag.py:3239} INFO - Sync 1 DAGs
[2026-09-10T09:46:45.048+0000] {logging_mixin.py:190} INFO - [2026-09-10T09:46:45.048+0000] {dag.py:4180} INFO - Setting next_dagrun for datalake_ingestion_pipelines to 2026-09-10 09:00:00+00:00, run_after=2026-09-10 10:00:00+00:00
[2026-09-10T09:46:45.069+0000] {processor.py:208} INFO - Processing /opt/airflow/dags/ingestion_pipelines_dag.py took 0.117 seconds
[2026-09-10T09:47:15.376+0000] {processor.py:186} INFO - Started process (PID=1418) to work on /opt/airflow/dags/ingestion_pipelines_dag.py
[2026-09-10T09:47:15.382+0000] {processor.py:914} INFO - Processing file /opt/airflow/dags/ingestion_pipelines_dag.py for tasks to queue
[2026-09-10T09:47:15.395+0000] {logging_mixin.py:190} INFO - [2026-09-10T09:47:15.394+0000] {dagbag.py:588} INFO - Filling up the DagBag from /opt/airflow/dags/ingestion_pipelines_dag.py
[2026-09-10T09:47:15.447+0000] {processor.py:925} INFO - DAG(s) 'datalake_ingestion_pipelines' retrieved from /opt/airflow/dags/ingestion_pipelines_dag.py
[2026-09-10T09:47:15.563+0000] {logging_mixin.py:190} INFO - [2026-09-10T09:47:15.563+0000] {dag.py:3239} INFO - Sync 1 DAGs
[2026-09-10T09:47:15.630+0000] {logging_mixin.py:190} INFO - [2026-09-10T09:47:15.629+0000] {dag.py:4180} INFO - Setting next_dagrun for datalake_ingestion_pipelines to 2026-09-10 09:00:00+00:00, run_after=2026-09-10 10:00:00+00:00
[2026-09-10T09:47:15.667+0000] {processor.py:208} INFO - Processing /opt/airflow/dags/ingestion_pipelines_dag.py took 0.317 seconds
[2026-09-10T09:47:46.018+0000] {processor.py:186} INFO - Started process (PID=1430) to work on /opt/airflow/dags/ingestion_pipelines_dag.py
[2026-09-10T09:47:46.019+0000] {processor.py:914} INFO - Processing file /opt/airflow/dags/ingestion_pipelines_dag.py for tasks to queue
[2026-09-10T09:47:46.024+0000] {logging_mixin.py:190} INFO - [2026-09-10T09:47:46.023+0000] {dagbag.py:588} INFO - Filling up the DagBag from /opt/airflow/dags/ingestion_pipelines_dag.py
[2026-09-10T09:47:46.062+0000] {processor.py:925} INFO - DAG(s) 'datalake_ingestion_pipelines' retrieved from /opt/airflow/dags/ingestion_pipelines_dag.py
[2026-09-10T09:47:46.103+0000] {logging_mixin.py:190} INFO - [2026-09-10T09:47:46.103+0000] {dag.py:3239} INFO - Sync 1 DAGs
[2026-09-10T09:47:46.143+0000] {logging_mixin.py:190} INFO - [2026-09-10T09:47:46.142+0000] {dag.py:4180} INFO - Setting next_dagrun for datalake_ingestion_pipelines to 2026-09-10 09:00:00+00:00, run_after=2026-09-10 10:00:00+00:00
[2026-09-10T09:47:46.167+0000] {processor.py:208} INFO - Processing /opt/airflow/dags/ingestion_pipelines_dag.py took 0.154 seconds
[2026-09-10T09:48:16.366+0000] {processor.py:186} INFO - Started process (PID=1436) to work on /opt/airflow/dags/ingestion_pipelines_dag.py
[2026-09-10T09:48:16.367+0000] {processor.py:914} INFO - Processing file /opt/airflow/dags/ingestion_pipelines_dag.py for tasks to queue
[2026-09-10T09:48:16.370+0000] {logging_mixin.py:190} INFO - [2026-09-10T09:48:16.369+0000] {dagbag.py:588} INFO - Filling up the DagBag from /opt/airflow/dags/ingestion_pipelines_dag.py
[2026-09-10T09:48:16.398+0000] {processor.py:925} INFO - DAG(s) 'datalake_ingestion_pipelines' retrieved from /opt/airflow/dags/ingestion_pipelines_dag.py
[2026-09-10T09:48:16.435+0000] {logging_mixin.py:190} INFO - [2026-09-10T09:48:16.435+0000] {dag.py:3239} INFO - Sync 1 DAGs
[2026-09-10T09:48:16.616+0000] {logging_mixin.py:190} INFO - [2026-09-10T09:48:16.615+0000] {dag.py:4180} INFO - Setting next_dagrun for datalake_ingestion_pipelines to 2026-09-10 09:00:00+00:00, run_after=2026-09-10 10:00:00+00:00
[2026-09-10T09:48:16.636+0000] {processor.py:208} INFO - Processing /opt/airflow/dags/ingestion_pipelines_dag.py took 0.277 seconds
[2026-09-10T09:48:46.793+0000] {processor.py:186} INFO - Started process (PID=1448) to work on /opt/airflow/dags/ingestion_pipelines_dag.py
[2026-09-10T09:48:46.794+0000] {processor.py:914} INFO - Processing file /opt/airflow/dags/ingestion_pipelines_dag.py for tasks to queue
[2026-09-10T09:48:46.796+0000] {logging_mixin.py:190} INFO - [2026-09-10T09:48:46.796+0000] {dagbag.py:588} INFO - Filling up the DagBag from /opt/airflow/dags/ingestion_pipelines_dag.py
[2026-09-10T09:48:46.828+0000] {processor.py:925} INFO - DAG(s) 'datalake_ingestion_pipelines' retrieved from /opt/airflow/dags/ingestion_pipelines_dag.py
[2026-09-10T09:48:46.866+0000] {logging_mixin.py:190} INFO - [2026-09-10T09:48:46.866+0000] {dag.py:3239} INFO - Sync 1 DAGs
[2026-09-10T09:48:46.894+0000] {logging_mixin.py:190} INFO - [2026-09-10T09:48:46.893+0000] {dag.py:4180} INFO - Setting next_dagrun for datalake_ingestion_pipelines to 2026-09-10 09:00:00+00:00, run_after=2026-09-10 10:00:00+00:00
[2026-09-10T09:48:46.915+0000] {processor.py:208} INFO - Processing /opt/airflow/dags/ingestion_pipelines_dag.py took 0.129 seconds
[2026-09-10T09:49:17.152+0000] {processor.py:186} INFO - Started process (PID=1461) to work on /opt/airflow/dags/ingestion_pipelines_dag.py
[2026-09-10T09:49:17.156+0000] {processor.py:914} INFO - Processing file /opt/airflow/dags/ingestion_pipelines_dag.py for tasks to queue
[2026-09-10T09:49:17.162+0000] {logging_mixin.py:190} INFO - [2026-09-10T09:49:17.161+0000] {dagbag.py:588} INFO - Filling up the DagBag from /opt/airflow/dags/ingestion_pipelines_dag.py
[2026-09-10T09:49:17.232+0000] {processor.py:925} INFO - DAG(s) 'datalake_ingestion_pipelines' retrieved from /opt/airflow/dags/ingestion_pipelines_dag.py
[2026-09-10T09:49:17.292+0000] {logging_mixin.py:190} INFO - [2026-09-10T09:49:17.292+0000] {dag.py:3239} INFO - Sync 1 DAGs
[2026-09-10T09:49:17.328+0000] {logging_mixin.py:190} INFO - [2026-09-10T09:49:17.327+0000] {dag.py:4180} INFO - Setting next_dagrun for datalake_ingestion_pipelines to 2026-09-10 09:00:00+00:00, run_after=2026-09-10 10:00:00+00:00
[2026-09-10T09:49:17.358+0000] {processor.py:208} INFO - Processing /opt/airflow/dags/ingestion_pipelines_dag.py took 0.217 seconds
[2026-09-10T09:49:47.510+0000] {processor.py:186} INFO - Started process (PID=1474) to work on /opt/airflow/dags/ingestion_pipelines_dag.py
[2026-09-10T09:49:47.511+0000] {processor.py:914} INFO - Processing file /opt/airflow/dags/ingestion_pipelines_dag.py for tasks to queue
[2026-09-10T09:49:47.514+0000] {logging_mixin.py:190} INFO - [2026-09-10T09:49:47.513+0000] {dagbag.py:588} INFO - Filling up the DagBag from /opt/airflow/dags/ingestion_pipelines_dag.py
[2026-09-10T09:49:47.543+0000] {processor.py:925} INFO - DAG(s) 'datalake_ingestion_pipelines' retrieved from /opt/airflow/dags/ingestion_pipelines_dag.py
[2026-09-10T09:49:47.579+0000] {logging_mixin.py:190} INFO - [2026-09-10T09:49:47.578+0000] {dag.py:3239} INFO - Sync 1 DAGs
[2026-09-10T09:49:47.602+0000] {logging_mixin.py:190} INFO - [2026-09-10T09:49:47.602+0000] {dag.py:4180} INFO - Setting next_dagrun for datalake_ingestion_pipelines to 2026-09-10 09:00:00+00:00, run_after=2026-09-10 10:00:00+00:00
[2026-09-10T09:49:47.631+0000] {processor.py:208} INFO - Processing /opt/airflow/dags/ingestion_pipelines_dag.py took 0.127 seconds
[2026-09-10T09:50:17.997+0000] {processor.py:186} INFO - Started process (PID=1487) to work on /opt/airflow/dags/ingestion_pipelines_dag.py
[2026-09-10T09:50:17.998+0000] {processor.py:914} INFO - Processing file /opt/airflow/dags/ingestion_pipelines_dag.py for tasks to queue
[2026-09-10T09:50:18.001+0000] {logging_mixin.py:190} INFO - [2026-09-10T09:50:18.001+0000] {dagbag.py:588} INFO - Filling up the DagBag from /opt/airflow/dags/ingestion_pipelines_dag.py
[2026-09-10T09:50:18.028+0000] {processor.py:925} INFO - DAG(s) 'datalake_ingestion_pipelines' retrieved from /opt/airflow/dags/ingestion_pipelines_dag.py
[2026-09-10T09:50:18.062+0000] {logging_mixin.py:190} INFO - [2026-09-10T09:50:18.062+0000] {dag.py:3239} INFO - Sync 1 DAGs
[2026-09-10T09:50:18.087+0000] {logging_mixin.py:190} INFO - [2026-09-10T09:50:18.087+0000] {dag.py:4180} INFO - Setting next_dagrun for datalake_ingestion_pipelines to 2026-09-10 09:00:00+00:00, run_after=2026-09-10 10:00:00+00:00
[2026-09-10T09:50:18.108+0000] {processor.py:208} INFO - Processing /opt/airflow/dags/ingestion_pipelines_dag.py took 0.116 seconds
[2026-09-10T09:50:48.307+0000] {processor.py:186} INFO - Started process (PID=1500) to work on /opt/airflow/dags/ingestion_pipelines_dag.py
[2026-09-10T09:50:48.308+0000] {processor.py:914} INFO - Processing file /opt/airflow/dags/ingestion_pipelines_dag.py for tasks to queue
[2026-09-10T09:50:48.313+0000] {logging_mixin.py:190} INFO - [2026-09-10T09:50:48.312+0000] {dagbag.py:588} INFO - Filling up the DagBag from /opt/airflow/dags/ingestion_pipelines_dag.py
[2026-09-10T09:50:48.342+0000] {processor.py:925} INFO - DAG(s) 'datalake_ingestion_pipelines' retrieved from /opt/airflow/dags/ingestion_pipelines_dag.py
[2026-09-10T09:50:48.383+0000] {logging_mixin.py:190} INFO - [2026-09-10T09:50:48.383+0000] {dag.py:3239} INFO - Sync 1 DAGs
[2026-09-10T09:50:48.560+0000] {logging_mixin.py:190} INFO - [2026-09-10T09:50:48.559+0000] {dag.py:4180} INFO - Setting next_dagrun for datalake_ingestion_pipelines to 2026-09-10 09:00:00+00:00, run_after=2026-09-10 10:00:00+00:00
[2026-09-10T09:50:48.581+0000] {processor.py:208} INFO - Processing /opt/airflow/dags/ingestion_pipelines_dag.py took 0.281 seconds
[2026-09-10T09:51:18.671+0000] {processor.py:186} INFO - Started process (PID=1514) to work on /opt/airflow/dags/ingestion_pipelines_dag.py
[2026-09-10T09:51:18.674+0000] {processor.py:914} INFO - Processing file /opt/airflow/dags/ingestion_pipelines_dag.py for tasks to queue
[2026-09-10T09:51:18.677+0000] {logging_mixin.py:190} INFO - [2026-09-10T09:51:18.676+0000] {dagbag.py:588} INFO - Filling up the DagBag from /opt/airflow/dags/ingestion_pipelines_dag.py
[2026-09-10T09:51:18.702+0000] {processor.py:925} INFO - DAG(s) 'datalake_ingestion_pipelines' retrieved from /opt/airflow/dags/ingestion_pipelines_dag.py
[2026-09-10T09:51:18.735+0000] {logging_mixin.py:190} INFO - [2026-09-10T09:51:18.734+0000] {dag.py:3239} INFO - Sync 1 DAGs
[2026-09-10T09:51:18.759+0000] {logging_mixin.py:190} INFO - [2026-09-10T09:51:18.759+0000] {dag.py:4180} INFO - Setting next_dagrun for datalake_ingestion_pipelines to 2026-09-10 09:00:00+00:00, run_after=2026-09-10 10:00:00+00:00
[2026-09-10T09:51:18.778+0000] {processor.py:208} INFO - Processing /opt/airflow/dags/ingestion_pipelines_dag.py took 0.112 seconds
[2026-09-10T09:51:48.938+0000] {processor.py:186} INFO - Started process (PID=1527) to work on /opt/airflow/dags/ingestion_pipelines_dag.py
[2026-09-10T09:51:48.941+0000] {processor.py:914} INFO - Processing file /opt/airflow/dags/ingestion_pipelines_dag.py for tasks to queue
[2026-09-10T09:51:48.946+0000] {logging_mixin.py:190} INFO - [2026-09-10T09:51:48.945+0000] {dagbag.py:588} INFO - Filling up the DagBag from /opt/airflow/dags/ingestion_pipelines_dag.py
[2026-09-10T09:51:48.988+0000] {processor.py:925} INFO - DAG(s) 'datalake_ingestion_pipelines' retrieved from /opt/airflow/dags/ingestion_pipelines_dag.py
[2026-09-10T09:51:49.017+0000] {logging_mixin.py:190} INFO - [2026-09-10T09:51:49.017+0000] {dag.py:3239} INFO - Sync 1 DAGs
[2026-09-10T09:51:49.040+0000] {logging_mixin.py:190} INFO - [2026-09-10T09:51:49.040+0000] {dag.py:4180} INFO - Setting next_dagrun for datalake_ingestion_pipelines to 2026-09-10 09:00:00+00:00, run_after=2026-09-10 10:00:00+00:00
[2026-09-10T09:51:49.058+0000] {processor.py:208} INFO - Processing /opt/airflow/dags/ingestion_pipelines_dag.py took 0.127 seconds
[2026-09-10T09:52:19.238+0000] {processor.py:186} INFO - Started process (PID=1540) to work on /opt/airflow/dags/ingestion_pipelines_dag.py
[2026-09-10T09:52:19.239+0000] {processor.py:914} INFO - Processing file /opt/airflow/dags/ingestion_pipelines_dag.py for tasks to queue
[2026-09-10T09:52:19.242+0000] {logging_mixin.py:190} INFO - [2026-09-10T09:52:19.241+0000] {dagbag.py:588} INFO - Filling up the DagBag from /opt/airflow/dags/ingestion_pipelines_dag.py
[2026-09-10T09:52:19.285+0000] {processor.py:925} INFO - DAG(s) 'datalake_ingestion_pipelines' retrieved from /opt/airflow/dags/ingestion_pipelines_dag.py
[2026-09-10T09:52:19.322+0000] {logging_mixin.py:190} INFO - [2026-09-10T09:52:19.322+0000] {dag.py:3239} INFO - Sync 1 DAGs
[2026-09-10T09:52:19.353+0000] {logging_mixin.py:190} INFO - [2026-09-10T09:52:19.352+0000] {dag.py:4180} INFO - Setting next_dagrun for datalake_ingestion_pipelines to 2026-09-10 09:00:00+00:00, run_after=2026-09-10 10:00:00+00:00
[2026-09-10T09:52:19.375+0000] {processor.py:208} INFO - Processing /opt/airflow/dags/ingestion_pipelines_dag.py took 0.143 seconds
[2026-09-10T09:52:49.682+0000] {processor.py:186} INFO - Started process (PID=1553) to work on /opt/airflow/dags/ingestion_pipelines_dag.py
[2026-09-10T09:52:49.684+0000] {processor.py:914} INFO - Processing file /opt/airflow/dags/ingestion_pipelines_dag.py for tasks to queue
[2026-09-10T09:52:49.692+0000] {logging_mixin.py:190} INFO - [2026-09-10T09:52:49.691+0000] {dagbag.py:588} INFO - Filling up the DagBag from /opt/airflow/dags/ingestion_pipelines_dag.py
[2026-09-10T09:52:49.760+0000] {processor.py:925} INFO - DAG(s) 'datalake_ingestion_pipelines' retrieved from /opt/airflow/dags/ingestion_pipelines_dag.py
[2026-09-10T09:52:49.802+0000] {logging_mixin.py:190} INFO - [2026-09-10T09:52:49.802+0000] {dag.py:3239} INFO - Sync 1 DAGs
[2026-09-10T09:52:49.886+0000] {logging_mixin.py:190} INFO - [2026-09-10T09:52:49.886+0000] {dag.py:4180} INFO - Setting next_dagrun for datalake_ingestion_pipelines to 2026-09-10 09:00:00+00:00, run_after=2026-09-10 10:00:00+00:00
[2026-09-10T09:52:49.968+0000] {processor.py:208} INFO - Processing /opt/airflow/dags/ingestion_pipelines_dag.py took 0.292 seconds
[2026-09-10T09:53:20.337+0000] {processor.py:186} INFO - Started process (PID=1566) to work on /opt/airflow/dags/ingestion_pipelines_dag.py
[2026-09-10T09:53:20.339+0000] {processor.py:914} INFO - Processing file /opt/airflow/dags/ingestion_pipelines_dag.py for tasks to queue
[2026-09-10T09:53:20.349+0000] {logging_mixin.py:190} INFO - [2026-09-10T09:53:20.348+0000] {dagbag.py:588} INFO - Filling up the DagBag from /opt/airflow/dags/ingestion_pipelines_dag.py
[2026-09-10T09:53:20.406+0000] {processor.py:925} INFO - DAG(s) 'datalake_ingestion_pipelines' retrieved from /opt/airflow/dags/ingestion_pipelines_dag.py
[2026-09-10T09:53:20.478+0000] {logging_mixin.py:190} INFO - [2026-09-10T09:53:20.478+0000] {dag.py:3239} INFO - Sync 1 DAGs
[2026-09-10T09:53:20.830+0000] {logging_mixin.py:190} INFO - [2026-09-10T09:53:20.829+0000] {dag.py:4180} INFO - Setting next_dagrun for datalake_ingestion_pipelines to 2026-09-10 09:00:00+00:00, run_after=2026-09-10 10:00:00+00:00
[2026-09-10T09:53:20.853+0000] {processor.py:208} INFO - Processing /opt/airflow/dags/ingestion_pipelines_dag.py took 0.533 seconds
[2026-09-10T09:53:51.224+0000] {processor.py:186} INFO - Started process (PID=1572) to work on /opt/airflow/dags/ingestion_pipelines_dag.py
[2026-09-10T09:53:51.225+0000] {processor.py:914} INFO - Processing file /opt/airflow/dags/ingestion_pipelines_dag.py for tasks to queue
[2026-09-10T09:53:51.229+0000] {logging_mixin.py:190} INFO - [2026-09-10T09:53:51.229+0000] {dagbag.py:588} INFO - Filling up the DagBag from /opt/airflow/dags/ingestion_pipelines_dag.py
[2026-09-10T09:53:51.286+0000] {processor.py:925} INFO - DAG(s) 'datalake_ingestion_pipelines' retrieved from /opt/airflow/dags/ingestion_pipelines_dag.py
[2026-09-10T09:53:51.323+0000] {logging_mixin.py:190} INFO - [2026-09-10T09:53:51.322+0000] {dag.py:3239} INFO - Sync 1 DAGs
[2026-09-10T09:53:51.547+0000] {logging_mixin.py:190} INFO - [2026-09-10T09:53:51.546+0000] {dag.py:4180} INFO - Setting next_dagrun for datalake_ingestion_pipelines to 2026-09-10 09:00:00+00:00, run_after=2026-09-10 10:00:00+00:00
[2026-09-10T09:53:51.572+0000] {processor.py:208} INFO - Processing /opt/airflow/dags/ingestion_pipelines_dag.py took 0.353 seconds
[2026-09-10T09:54:21.928+0000] {processor.py:186} INFO - Started process (PID=1585) to work on /opt/airflow/dags/ingestion_pipelines_dag.py
[2026-09-10T09:54:21.930+0000] {processor.py:914} INFO - Processing file /opt/airflow/dags/ingestion_pipelines_dag.py for tasks to queue
[2026-09-10T09:54:21.933+0000] {logging_mixin.py:190} INFO - [2026-09-10T09:54:21.932+0000] {dagbag.py:588} INFO - Filling up the DagBag from /opt/airflow/dags/ingestion_pipelines_dag.py
[2026-09-10T09:54:21.996+0000] {processor.py:925} INFO - DAG(s) 'datalake_ingestion_pipelines' retrieved from /opt/airflow/dags/ingestion_pipelines_dag.py
[2026-09-10T09:54:22.030+0000] {logging_mixin.py:190} INFO - [2026-09-10T09:54:22.030+0000] {dag.py:3239} INFO - Sync 1 DAGs
[2026-09-10T09:54:22.054+0000] {logging_mixin.py:190} INFO - [2026-09-10T09:54:22.054+0000] {dag.py:4180} INFO - Setting next_dagrun for datalake_ingestion_pipelines to 2026-09-10 09:00:00+00:00, run_after=2026-09-10 10:00:00+00:00
[2026-09-10T09:54:22.076+0000] {processor.py:208} INFO - Processing /opt/airflow/dags/ingestion_pipelines_dag.py took 0.153 seconds
[2026-09-10T09:54:52.195+0000] {processor.py:186} INFO - Started process (PID=1598) to work on /opt/airflow/dags/ingestion_pipelines_dag.py
[2026-09-10T09:54:52.197+0000] {processor.py:914} INFO - Processing file /opt/airflow/dags/ingestion_pipelines_dag.py for tasks to queue
[2026-09-10T09:54:52.202+0000] {logging_mixin.py:190} INFO - [2026-09-10T09:54:52.201+0000] {dagbag.py:588} INFO - Filling up the DagBag from /opt/airflow/dags/ingestion_pipelines_dag.py
[2026-09-10T09:54:52.256+0000] {processor.py:925} INFO - DAG(s) 'datalake_ingestion_pipelines' retrieved from /opt/airflow/dags/ingestion_pipelines_dag.py
[2026-09-10T09:54:52.297+0000] {logging_mixin.py:190} INFO - [2026-09-10T09:54:52.297+0000] {dag.py:3239} INFO - Sync 1 DAGs
[2026-09-10T09:54:52.356+0000] {logging_mixin.py:190} INFO - [2026-09-10T09:54:52.356+0000] {dag.py:4180} INFO - Setting next_dagrun for datalake_ingestion_pipelines to 2026-09-10 09:00:00+00:00, run_after=2026-09-10 10:00:00+00:00
[2026-09-10T09:54:52.385+0000] {processor.py:208} INFO - Processing /opt/airflow/dags/ingestion_pipelines_dag.py took 0.198 seconds
[2026-09-10T09:55:22.666+0000] {processor.py:186} INFO - Started process (PID=1611) to work on /opt/airflow/dags/ingestion_pipelines_dag.py
[2026-09-10T09:55:22.667+0000] {processor.py:914} INFO - Processing file /opt/airflow/dags/ingestion_pipelines_dag.py for tasks to queue
[2026-09-10T09:55:22.670+0000] {logging_mixin.py:190} INFO - [2026-09-10T09:55:22.670+0000] {dagbag.py:588} INFO - Filling up the DagBag from /opt/airflow/dags/ingestion_pipelines_dag.py
[2026-09-10T09:55:22.706+0000] {processor.py:925} INFO - DAG(s) 'datalake_ingestion_pipelines' retrieved from /opt/airflow/dags/ingestion_pipelines_dag.py
[2026-09-10T09:55:22.742+0000] {logging_mixin.py:190} INFO - [2026-09-10T09:55:22.741+0000] {dag.py:3239} INFO - Sync 1 DAGs
[2026-09-10T09:55:22.768+0000] {logging_mixin.py:190} INFO - [2026-09-10T09:55:22.768+0000] {dag.py:4180} INFO - Setting next_dagrun for datalake_ingestion_pipelines to 2026-09-10 09:00:00+00:00, run_after=2026-09-10 10:00:00+00:00
[2026-09-10T09:55:22.798+0000] {processor.py:208} INFO - Processing /opt/airflow/dags/ingestion_pipelines_dag.py took 0.138 seconds
[2026-09-10T09:55:52.959+0000] {processor.py:186} INFO - Started process (PID=1624) to work on /opt/airflow/dags/ingestion_pipelines_dag.py
[2026-09-10T09:55:52.960+0000] {processor.py:914} INFO - Processing file /opt/airflow/dags/ingestion_pipelines_dag.py for tasks to queue
[2026-09-10T09:55:52.965+0000] {logging_mixin.py:190} INFO - [2026-09-10T09:55:52.964+0000] {dagbag.py:588} INFO - Filling up the DagBag from /opt/airflow/dags/ingestion_pipelines_dag.py
[2026-09-10T09:55:53.017+0000] {processor.py:925} INFO - DAG(s) 'datalake_ingestion_pipelines' retrieved from /opt/airflow/dags/ingestion_pipelines_dag.py
[2026-09-10T09:55:53.058+0000] {logging_mixin.py:190} INFO - [2026-09-10T09:55:53.058+0000] {dag.py:3239} INFO - Sync 1 DAGs
[2026-09-10T09:55:53.095+0000] {logging_mixin.py:190} INFO - [2026-09-10T09:55:53.095+0000] {dag.py:4180} INFO - Setting next_dagrun for datalake_ingestion_pipelines to 2026-09-10 09:00:00+00:00, run_after=2026-09-10 10:00:00+00:00
[2026-09-10T09:55:53.366+0000] {processor.py:208} INFO - Processing /opt/airflow/dags/ingestion_pipelines_dag.py took 0.414 seconds
[2026-09-10T09:56:23.743+0000] {processor.py:186} INFO - Started process (PID=1638) to work on /opt/airflow/dags/ingestion_pipelines_dag.py
[2026-09-10T09:56:23.744+0000] {processor.py:914} INFO - Processing file /opt/airflow/dags/ingestion_pipelines_dag.py for tasks to queue
[2026-09-10T09:56:23.747+0000] {logging_mixin.py:190} INFO - [2026-09-10T09:56:23.747+0000] {dagbag.py:588} INFO - Filling up the DagBag from /opt/airflow/dags/ingestion_pipelines_dag.py
[2026-09-10T09:56:23.781+0000] {processor.py:925} INFO - DAG(s) 'datalake_ingestion_pipelines' retrieved from /opt/airflow/dags/ingestion_pipelines_dag.py
[2026-09-10T09:56:23.866+0000] {logging_mixin.py:190} INFO - [2026-09-10T09:56:23.865+0000] {dag.py:3239} INFO - Sync 1 DAGs
[2026-09-10T09:56:24.082+0000] {logging_mixin.py:190} INFO - [2026-09-10T09:56:24.081+0000] {dag.py:4180} INFO - Setting next_dagrun for datalake_ingestion_pipelines to 2026-09-10 09:00:00+00:00, run_after=2026-09-10 10:00:00+00:00
[2026-09-10T09:56:24.117+0000] {processor.py:208} INFO - Processing /opt/airflow/dags/ingestion_pipelines_dag.py took 0.379 seconds
[2026-09-10T09:56:54.519+0000] {processor.py:186} INFO - Started process (PID=1651) to work on /opt/airflow/dags/ingestion_pipelines_dag.py
[2026-09-10T09:56:54.520+0000] {processor.py:914} INFO - Processing file /opt/airflow/dags/ingestion_pipelines_dag.py for tasks to queue
[2026-09-10T09:56:54.523+0000] {logging_mixin.py:190} INFO - [2026-09-10T09:56:54.522+0000] {dagbag.py:588} INFO - Filling up the DagBag from /opt/airflow/dags/ingestion_pipelines_dag.py
[2026-09-10T09:56:54.552+0000] {processor.py:925} INFO - DAG(s) 'datalake_ingestion_pipelines' retrieved from /opt/airflow/dags/ingestion_pipelines_dag.py
[2026-09-10T09:56:54.580+0000] {logging_mixin.py:190} INFO - [2026-09-10T09:56:54.580+0000] {dag.py:3239} INFO - Sync 1 DAGs
[2026-09-10T09:56:54.602+0000] {logging_mixin.py:190} INFO - [2026-09-10T09:56:54.602+0000] {dag.py:4180} INFO - Setting next_dagrun for datalake_ingestion_pipelines to 2026-09-10 09:00:00+00:00, run_after=2026-09-10 10:00:00+00:00
[2026-09-10T09:56:54.621+0000] {processor.py:208} INFO - Processing /opt/airflow/dags/ingestion_pipelines_dag.py took 0.108 seconds
[2026-09-10T09:57:24.830+0000] {processor.py:186} INFO - Started process (PID=1664) to work on /opt/airflow/dags/ingestion_pipelines_dag.py
[2026-09-10T09:57:24.831+0000] {processor.py:914} INFO - Processing file /opt/airflow/dags/ingestion_pipelines_dag.py for tasks to queue
[2026-09-10T09:57:24.833+0000] {logging_mixin.py:190} INFO - [2026-09-10T09:57:24.833+0000] {dagbag.py:588} INFO - Filling up the DagBag from /opt/airflow/dags/ingestion_pipelines_dag.py
[2026-09-10T09:57:24.858+0000] {processor.py:925} INFO - DAG(s) 'datalake_ingestion_pipelines' retrieved from /opt/airflow/dags/ingestion_pipelines_dag.py
[2026-09-10T09:57:24.885+0000] {logging_mixin.py:190} INFO - [2026-09-10T09:57:24.885+0000] {dag.py:3239} INFO - Sync 1 DAGs
[2026-09-10T09:57:24.910+0000] {logging_mixin.py:190} INFO - [2026-09-10T09:57:24.910+0000] {dag.py:4180} INFO - Setting next_dagrun for datalake_ingestion_pipelines to 2026-09-10 09:00:00+00:00, run_after=2026-09-10 10:00:00+00:00
[2026-09-10T09:57:24.933+0000] {processor.py:208} INFO - Processing /opt/airflow/dags/ingestion_pipelines_dag.py took 0.110 seconds
[2026-09-10T09:57:55.243+0000] {processor.py:186} INFO - Started process (PID=1677) to work on /opt/airflow/dags/ingestion_pipelines_dag.py
[2026-09-10T09:57:55.244+0000] {processor.py:914} INFO - Processing file /opt/airflow/dags/ingestion_pipelines_dag.py for tasks to queue
[2026-09-10T09:57:55.247+0000] {logging_mixin.py:190} INFO - [2026-09-10T09:57:55.247+0000] {dagbag.py:588} INFO - Filling up the DagBag from /opt/airflow/dags/ingestion_pipelines_dag.py
[2026-09-10T09:57:55.279+0000] {processor.py:925} INFO - DAG(s) 'datalake_ingestion_pipelines' retrieved from /opt/airflow/dags/ingestion_pipelines_dag.py
[2026-09-10T09:57:55.305+0000] {logging_mixin.py:190} INFO - [2026-09-10T09:57:55.305+0000] {dag.py:3239} INFO - Sync 1 DAGs
[2026-09-10T09:57:55.329+0000] {logging_mixin.py:190} INFO - [2026-09-10T09:57:55.328+0000] {dag.py:4180} INFO - Setting next_dagrun for datalake_ingestion_pipelines to 2026-09-10 09:00:00+00:00, run_after=2026-09-10 10:00:00+00:00
[2026-09-10T09:57:55.352+0000] {processor.py:208} INFO - Processing /opt/airflow/dags/ingestion_pipelines_dag.py took 0.114 seconds
[2026-09-10T09:58:25.532+0000] {processor.py:186} INFO - Started process (PID=1688) to work on /opt/airflow/dags/ingestion_pipelines_dag.py
[2026-09-10T09:58:25.533+0000] {processor.py:914} INFO - Processing file /opt/airflow/dags/ingestion_pipelines_dag.py for tasks to queue
[2026-09-10T09:58:25.536+0000] {logging_mixin.py:190} INFO - [2026-09-10T09:58:25.536+0000] {dagbag.py:588} INFO - Filling up the DagBag from /opt/airflow/dags/ingestion_pipelines_dag.py
[2026-09-10T09:58:25.567+0000] {processor.py:925} INFO - DAG(s) 'datalake_ingestion_pipelines' retrieved from /opt/airflow/dags/ingestion_pipelines_dag.py
[2026-09-10T09:58:25.599+0000] {logging_mixin.py:190} INFO - [2026-09-10T09:58:25.599+0000] {dag.py:3239} INFO - Sync 1 DAGs
[2026-09-10T09:58:25.627+0000] {logging_mixin.py:190} INFO - [2026-09-10T09:58:25.627+0000] {dag.py:4180} INFO - Setting next_dagrun for datalake_ingestion_pipelines to 2026-09-10 09:00:00+00:00, run_after=2026-09-10 10:00:00+00:00
[2026-09-10T09:58:25.858+0000] {processor.py:208} INFO - Processing /opt/airflow/dags/ingestion_pipelines_dag.py took 0.333 seconds
[2026-09-10T09:58:55.992+0000] {processor.py:186} INFO - Started process (PID=1694) to work on /opt/airflow/dags/ingestion_pipelines_dag.py
[2026-09-10T09:58:55.994+0000] {processor.py:914} INFO - Processing file /opt/airflow/dags/ingestion_pipelines_dag.py for tasks to queue
[2026-09-10T09:58:55.999+0000] {logging_mixin.py:190} INFO - [2026-09-10T09:58:55.999+0000] {dagbag.py:588} INFO - Filling up the DagBag from /opt/airflow/dags/ingestion_pipelines_dag.py
[2026-09-10T09:58:56.035+0000] {processor.py:925} INFO - DAG(s) 'datalake_ingestion_pipelines' retrieved from /opt/airflow/dags/ingestion_pipelines_dag.py
[2026-09-10T09:58:56.071+0000] {logging_mixin.py:190} INFO - [2026-09-10T09:58:56.071+0000] {dag.py:3239} INFO - Sync 1 DAGs
[2026-09-10T09:58:56.312+0000] {logging_mixin.py:190} INFO - [2026-09-10T09:58:56.312+0000] {dag.py:4180} INFO - Setting next_dagrun for datalake_ingestion_pipelines to 2026-09-10 09:00:00+00:00, run_after=2026-09-10 10:00:00+00:00
[2026-09-10T09:58:56.333+0000] {processor.py:208} INFO - Processing /opt/airflow/dags/ingestion_pipelines_dag.py took 0.349 seconds
[2026-09-10T09:59:26.587+0000] {processor.py:186} INFO - Started process (PID=1707) to work on /opt/airflow/dags/ingestion_pipelines_dag.py
[2026-09-10T09:59:26.588+0000] {processor.py:914} INFO - Processing file /opt/airflow/dags/ingestion_pipelines_dag.py for tasks to queue
[2026-09-10T09:59:26.590+0000] {logging_mixin.py:190} INFO - [2026-09-10T09:59:26.590+0000] {dagbag.py:588} INFO - Filling up the DagBag from /opt/airflow/dags/ingestion_pipelines_dag.py
[2026-09-10T09:59:26.610+0000] {processor.py:925} INFO - DAG(s) 'datalake_ingestion_pipelines' retrieved from /opt/airflow/dags/ingestion_pipelines_dag.py
[2026-09-10T09:59:26.634+0000] {logging_mixin.py:190} INFO - [2026-09-10T09:59:26.634+0000] {dag.py:3239} INFO - Sync 1 DAGs
[2026-09-10T09:59:26.655+0000] {logging_mixin.py:190} INFO - [2026-09-10T09:59:26.655+0000] {dag.py:4180} INFO - Setting next_dagrun for datalake_ingestion_pipelines to 2026-09-10 09:00:00+00:00, run_after=2026-09-10 10:00:00+00:00
[2026-09-10T09:59:26.673+0000] {processor.py:208} INFO - Processing /opt/airflow/dags/ingestion_pipelines_dag.py took 0.092 seconds
[2026-09-10T09:59:56.953+0000] {processor.py:186} INFO - Started process (PID=1720) to work on /opt/airflow/dags/ingestion_pipelines_dag.py
[2026-09-10T09:59:56.955+0000] {processor.py:914} INFO - Processing file /opt/airflow/dags/ingestion_pipelines_dag.py for tasks to queue
[2026-09-10T09:59:56.957+0000] {logging_mixin.py:190} INFO - [2026-09-10T09:59:56.957+0000] {dagbag.py:588} INFO - Filling up the DagBag from /opt/airflow/dags/ingestion_pipelines_dag.py
[2026-09-10T09:59:56.991+0000] {processor.py:925} INFO - DAG(s) 'datalake_ingestion_pipelines' retrieved from /opt/airflow/dags/ingestion_pipelines_dag.py
[2026-09-10T09:59:57.024+0000] {logging_mixin.py:190} INFO - [2026-09-10T09:59:57.024+0000] {dag.py:3239} INFO - Sync 1 DAGs
[2026-09-10T09:59:57.053+0000] {logging_mixin.py:190} INFO - [2026-09-10T09:59:57.052+0000] {dag.py:4180} INFO - Setting next_dagrun for datalake_ingestion_pipelines to 2026-09-10 09:00:00+00:00, run_after=2026-09-10 10:00:00+00:00
[2026-09-10T09:59:57.076+0000] {processor.py:208} INFO - Processing /opt/airflow/dags/ingestion_pipelines_dag.py took 0.129 seconds
[2026-09-10T10:00:27.398+0000] {processor.py:186} INFO - Started process (PID=1744) to work on /opt/airflow/dags/ingestion_pipelines_dag.py
[2026-09-10T10:00:27.400+0000] {processor.py:914} INFO - Processing file /opt/airflow/dags/ingestion_pipelines_dag.py for tasks to queue
[2026-09-10T10:00:27.406+0000] {logging_mixin.py:190} INFO - [2026-09-10T10:00:27.403+0000] {dagbag.py:588} INFO - Filling up the DagBag from /opt/airflow/dags/ingestion_pipelines_dag.py
[2026-09-10T10:00:27.464+0000] {processor.py:925} INFO - DAG(s) 'datalake_ingestion_pipelines' retrieved from /opt/airflow/dags/ingestion_pipelines_dag.py
[2026-09-10T10:00:27.532+0000] {logging_mixin.py:190} INFO - [2026-09-10T10:00:27.532+0000] {dag.py:3239} INFO - Sync 1 DAGs
[2026-09-10T10:00:27.596+0000] {processor.py:208} INFO - Processing /opt/airflow/dags/ingestion_pipelines_dag.py took 0.208 seconds
[2026-09-10T10:00:58.100+0000] {processor.py:186} INFO - Started process (PID=1757) to work on /opt/airflow/dags/ingestion_pipelines_dag.py
[2026-09-10T10:00:58.116+0000] {processor.py:914} INFO - Processing file /opt/airflow/dags/ingestion_pipelines_dag.py for tasks to queue
[2026-09-10T10:00:58.139+0000] {logging_mixin.py:190} INFO - [2026-09-10T10:00:58.134+0000] {dagbag.py:588} INFO - Filling up the DagBag from /opt/airflow/dags/ingestion_pipelines_dag.py
[2026-09-10T10:00:58.399+0000] {processor.py:925} INFO - DAG(s) 'datalake_ingestion_pipelines' retrieved from /opt/airflow/dags/ingestion_pipelines_dag.py
[2026-09-10T10:01:24.019+0000] {logging_mixin.py:190} INFO - [2026-09-10T10:01:24.016+0000] {dag.py:3239} INFO - Sync 1 DAGs
[2026-09-10T10:01:24.253+0000] {processor.py:208} INFO - Processing /opt/airflow/dags/ingestion_pipelines_dag.py took 26.231 seconds
[2026-09-10T10:02:02.458+0000] {processor.py:186} INFO - Started process (PID=1762) to work on /opt/airflow/dags/ingestion_pipelines_dag.py
[2026-09-10T10:02:03.260+0000] {processor.py:914} INFO - Processing file /opt/airflow/dags/ingestion_pipelines_dag.py for tasks to queue
[2026-09-10T10:02:07.099+0000] {logging_mixin.py:190} INFO - [2026-09-10T10:02:04.213+0000] {dagbag.py:588} INFO - Filling up the DagBag from /opt/airflow/dags/ingestion_pipelines_dag.py
[2026-09-10T10:04:21.456+0000] {logging_mixin.py:190} INFO - [2026-09-10T10:03:28.112+0000] {timeout.py:68} ERROR - Process timed out, PID: 1762
[2026-09-10T10:08:45.935+0000] {processor.py:186} INFO - Started process (PID=209) to work on /opt/airflow/dags/ingestion_pipelines_dag.py
[2026-09-10T10:08:45.960+0000] {processor.py:914} INFO - Processing file /opt/airflow/dags/ingestion_pipelines_dag.py for tasks to queue
[2026-09-10T10:08:46.049+0000] {logging_mixin.py:190} INFO - [2026-09-10T10:08:46.047+0000] {dagbag.py:588} INFO - Filling up the DagBag from /opt/airflow/dags/ingestion_pipelines_dag.py
[2026-09-10T10:08:46.370+0000] {processor.py:925} INFO - DAG(s) 'datalake_ingestion_pipelines' retrieved from /opt/airflow/dags/ingestion_pipelines_dag.py
[2026-09-10T10:08:48.007+0000] {logging_mixin.py:190} INFO - [2026-09-10T10:08:48.006+0000] {dag.py:3239} INFO - Sync 1 DAGs
[2026-09-10T10:08:48.309+0000] {processor.py:208} INFO - Processing /opt/airflow/dags/ingestion_pipelines_dag.py took 2.397 seconds
[2026-09-10T10:09:19.031+0000] {processor.py:186} INFO - Started process (PID=229) to work on /opt/airflow/dags/ingestion_pipelines_dag.py
[2026-09-10T10:09:19.035+0000] {processor.py:914} INFO - Processing file /opt/airflow/dags/ingestion_pipelines_dag.py for tasks to queue
[2026-09-10T10:09:19.055+0000] {logging_mixin.py:190} INFO - [2026-09-10T10:09:19.052+0000] {dagbag.py:588} INFO - Filling up the DagBag from /opt/airflow/dags/ingestion_pipelines_dag.py
[2026-09-10T10:09:19.291+0000] {processor.py:925} INFO - DAG(s) 'datalake_ingestion_pipelines' retrieved from /opt/airflow/dags/ingestion_pipelines_dag.py
[2026-09-10T10:09:19.542+0000] {logging_mixin.py:190} INFO - [2026-09-10T10:09:19.541+0000] {dag.py:3239} INFO - Sync 1 DAGs
[2026-09-10T10:09:19.800+0000] {processor.py:208} INFO - Processing /opt/airflow/dags/ingestion_pipelines_dag.py took 0.798 seconds
[2026-09-10T10:09:50.361+0000] {processor.py:186} INFO - Started process (PID=242) to work on /opt/airflow/dags/ingestion_pipelines_dag.py
[2026-09-10T10:09:50.364+0000] {processor.py:914} INFO - Processing file /opt/airflow/dags/ingestion_pipelines_dag.py for tasks to queue
[2026-09-10T10:09:50.376+0000] {logging_mixin.py:190} INFO - [2026-09-10T10:09:50.375+0000] {dagbag.py:588} INFO - Filling up the DagBag from /opt/airflow/dags/ingestion_pipelines_dag.py
[2026-09-10T10:09:50.445+0000] {processor.py:925} INFO - DAG(s) 'datalake_ingestion_pipelines' retrieved from /opt/airflow/dags/ingestion_pipelines_dag.py
[2026-09-10T10:09:50.607+0000] {logging_mixin.py:190} INFO - [2026-09-10T10:09:50.607+0000] {dag.py:3239} INFO - Sync 1 DAGs
[2026-09-10T10:09:50.774+0000] {processor.py:208} INFO - Processing /opt/airflow/dags/ingestion_pipelines_dag.py took 0.426 seconds
[2026-09-10T10:10:20.978+0000] {processor.py:186} INFO - Started process (PID=255) to work on /opt/airflow/dags/ingestion_pipelines_dag.py
[2026-09-10T10:10:20.979+0000] {processor.py:914} INFO - Processing file /opt/airflow/dags/ingestion_pipelines_dag.py for tasks to queue
[2026-09-10T10:10:20.982+0000] {logging_mixin.py:190} INFO - [2026-09-10T10:10:20.982+0000] {dagbag.py:588} INFO - Filling up the DagBag from /opt/airflow/dags/ingestion_pipelines_dag.py
[2026-09-10T10:10:21.038+0000] {processor.py:925} INFO - DAG(s) 'datalake_ingestion_pipelines' retrieved from /opt/airflow/dags/ingestion_pipelines_dag.py
[2026-09-10T10:10:21.116+0000] {logging_mixin.py:190} INFO - [2026-09-10T10:10:21.116+0000] {dag.py:3239} INFO - Sync 1 DAGs
[2026-09-10T10:10:21.210+0000] {processor.py:208} INFO - Processing /opt/airflow/dags/ingestion_pipelines_dag.py took 0.243 seconds
[2026-09-10T10:10:51.473+0000] {processor.py:186} INFO - Started process (PID=266) to work on /opt/airflow/dags/ingestion_pipelines_dag.py
[2026-09-10T10:10:51.476+0000] {processor.py:914} INFO - Processing file /opt/airflow/dags/ingestion_pipelines_dag.py for tasks to queue
[2026-09-10T10:10:51.484+0000] {logging_mixin.py:190} INFO - [2026-09-10T10:10:51.483+0000] {dagbag.py:588} INFO - Filling up the DagBag from /opt/airflow/dags/ingestion_pipelines_dag.py
[2026-09-10T10:10:51.539+0000] {processor.py:925} INFO - DAG(s) 'datalake_ingestion_pipelines' retrieved from /opt/airflow/dags/ingestion_pipelines_dag.py
[2026-09-10T10:10:51.620+0000] {logging_mixin.py:190} INFO - [2026-09-10T10:10:51.620+0000] {dag.py:3239} INFO - Sync 1 DAGs
[2026-09-10T10:10:51.682+0000] {processor.py:208} INFO - Processing /opt/airflow/dags/ingestion_pipelines_dag.py took 0.222 seconds
[2026-09-10T10:11:21.814+0000] {processor.py:186} INFO - Started process (PID=272) to work on /opt/airflow/dags/ingestion_pipelines_dag.py
[2026-09-10T10:11:21.816+0000] {processor.py:914} INFO - Processing file /opt/airflow/dags/ingestion_pipelines_dag.py for tasks to queue
[2026-09-10T10:11:21.820+0000] {logging_mixin.py:190} INFO - [2026-09-10T10:11:21.819+0000] {dagbag.py:588} INFO - Filling up the DagBag from /opt/airflow/dags/ingestion_pipelines_dag.py
[2026-09-10T10:11:21.854+0000] {processor.py:925} INFO - DAG(s) 'datalake_ingestion_pipelines' retrieved from /opt/airflow/dags/ingestion_pipelines_dag.py
[2026-09-10T10:11:21.890+0000] {logging_mixin.py:190} INFO - [2026-09-10T10:11:21.890+0000] {dag.py:3239} INFO - Sync 1 DAGs
[2026-09-10T10:11:21.940+0000] {processor.py:208} INFO - Processing /opt/airflow/dags/ingestion_pipelines_dag.py took 0.133 seconds
[2026-09-10T10:11:52.119+0000] {processor.py:186} INFO - Started process (PID=285) to work on /opt/airflow/dags/ingestion_pipelines_dag.py
[2026-09-10T10:11:52.120+0000] {processor.py:914} INFO - Processing file /opt/airflow/dags/ingestion_pipelines_dag.py for tasks to queue
[2026-09-10T10:11:52.123+0000] {logging_mixin.py:190} INFO - [2026-09-10T10:11:52.122+0000] {dagbag.py:588} INFO - Filling up the DagBag from /opt/airflow/dags/ingestion_pipelines_dag.py
[2026-09-10T10:11:52.154+0000] {processor.py:925} INFO - DAG(s) 'datalake_ingestion_pipelines' retrieved from /opt/airflow/dags/ingestion_pipelines_dag.py
[2026-09-10T10:11:52.202+0000] {logging_mixin.py:190} INFO - [2026-09-10T10:11:52.202+0000] {dag.py:3239} INFO - Sync 1 DAGs
[2026-09-10T10:11:52.260+0000] {processor.py:208} INFO - Processing /opt/airflow/dags/ingestion_pipelines_dag.py took 0.147 seconds
[2026-09-10T10:12:22.572+0000] {processor.py:186} INFO - Started process (PID=298) to work on /opt/airflow/dags/ingestion_pipelines_dag.py
[2026-09-10T10:12:22.573+0000] {processor.py:914} INFO - Processing file /opt/airflow/dags/ingestion_pipelines_dag.py for tasks to queue
[2026-09-10T10:12:22.578+0000] {logging_mixin.py:190} INFO - [2026-09-10T10:12:22.578+0000] {dagbag.py:588} INFO - Filling up the DagBag from /opt/airflow/dags/ingestion_pipelines_dag.py
[2026-09-10T10:12:22.635+0000] {processor.py:925} INFO - DAG(s) 'datalake_ingestion_pipelines' retrieved from /opt/airflow/dags/ingestion_pipelines_dag.py
[2026-09-10T10:12:22.677+0000] {logging_mixin.py:190} INFO - [2026-09-10T10:12:22.676+0000] {dag.py:3239} INFO - Sync 1 DAGs
[2026-09-10T10:12:22.732+0000] {processor.py:208} INFO - Processing /opt/airflow/dags/ingestion_pipelines_dag.py took 0.170 seconds
[2026-09-10T10:12:52.962+0000] {processor.py:186} INFO - Started process (PID=311) to work on /opt/airflow/dags/ingestion_pipelines_dag.py
[2026-09-10T10:12:52.964+0000] {processor.py:914} INFO - Processing file /opt/airflow/dags/ingestion_pipelines_dag.py for tasks to queue
[2026-09-10T10:12:52.979+0000] {logging_mixin.py:190} INFO - [2026-09-10T10:12:52.977+0000] {dagbag.py:588} INFO - Filling up the DagBag from /opt/airflow/dags/ingestion_pipelines_dag.py
[2026-09-10T10:12:53.026+0000] {processor.py:925} INFO - DAG(s) 'datalake_ingestion_pipelines' retrieved from /opt/airflow/dags/ingestion_pipelines_dag.py
[2026-09-10T10:12:53.062+0000] {logging_mixin.py:190} INFO - [2026-09-10T10:12:53.062+0000] {dag.py:3239} INFO - Sync 1 DAGs
[2026-09-10T10:12:53.145+0000] {processor.py:208} INFO - Processing /opt/airflow/dags/ingestion_pipelines_dag.py took 0.194 seconds
[2026-09-10T10:13:23.380+0000] {processor.py:186} INFO - Started process (PID=324) to work on /opt/airflow/dags/ingestion_pipelines_dag.py
[2026-09-10T10:13:23.383+0000] {processor.py:914} INFO - Processing file /opt/airflow/dags/ingestion_pipelines_dag.py for tasks to queue
[2026-09-10T10:13:23.394+0000] {logging_mixin.py:190} INFO - [2026-09-10T10:13:23.393+0000] {dagbag.py:588} INFO - Filling up the DagBag from /opt/airflow/dags/ingestion_pipelines_dag.py
[2026-09-10T10:13:23.444+0000] {processor.py:925} INFO - DAG(s) 'datalake_ingestion_pipelines' retrieved from /opt/airflow/dags/ingestion_pipelines_dag.py
[2026-09-10T10:13:23.475+0000] {logging_mixin.py:190} INFO - [2026-09-10T10:13:23.475+0000] {dag.py:3239} INFO - Sync 1 DAGs
[2026-09-10T10:13:23.519+0000] {processor.py:208} INFO - Processing /opt/airflow/dags/ingestion_pipelines_dag.py took 0.155 seconds
[2026-09-10T10:13:53.855+0000] {processor.py:186} INFO - Started process (PID=343) to work on /opt/airflow/dags/ingestion_pipelines_dag.py
[2026-09-10T10:13:53.856+0000] {processor.py:914} INFO - Processing file /opt/airflow/dags/ingestion_pipelines_dag.py for tasks to queue
[2026-09-10T10:13:53.860+0000] {logging_mixin.py:190} INFO - [2026-09-10T10:13:53.860+0000] {dagbag.py:588} INFO - Filling up the DagBag from /opt/airflow/dags/ingestion_pipelines_dag.py
[2026-09-10T10:13:53.895+0000] {processor.py:925} INFO - DAG(s) 'datalake_ingestion_pipelines' retrieved from /opt/airflow/dags/ingestion_pipelines_dag.py
[2026-09-10T10:13:53.943+0000] {logging_mixin.py:190} INFO - [2026-09-10T10:13:53.942+0000] {dag.py:3239} INFO - Sync 1 DAGs
[2026-09-10T10:13:53.997+0000] {processor.py:208} INFO - Processing /opt/airflow/dags/ingestion_pipelines_dag.py took 0.153 seconds
[2026-09-10T10:14:24.135+0000] {processor.py:186} INFO - Started process (PID=356) to work on /opt/airflow/dags/ingestion_pipelines_dag.py
[2026-09-10T10:14:24.137+0000] {processor.py:914} INFO - Processing file /opt/airflow/dags/ingestion_pipelines_dag.py for tasks to queue
[2026-09-10T10:14:24.142+0000] {logging_mixin.py:190} INFO - [2026-09-10T10:14:24.141+0000] {dagbag.py:588} INFO - Filling up the DagBag from /opt/airflow/dags/ingestion_pipelines_dag.py
[2026-09-10T10:14:24.191+0000] {processor.py:925} INFO - DAG(s) 'datalake_ingestion_pipelines' retrieved from /opt/airflow/dags/ingestion_pipelines_dag.py
[2026-09-10T10:14:24.278+0000] {logging_mixin.py:190} INFO - [2026-09-10T10:14:24.278+0000] {dag.py:3239} INFO - Sync 1 DAGs
[2026-09-10T10:14:24.357+0000] {processor.py:208} INFO - Processing /opt/airflow/dags/ingestion_pipelines_dag.py took 0.231 seconds
[2026-09-10T10:14:55.441+0000] {processor.py:186} INFO - Started process (PID=369) to work on /opt/airflow/dags/ingestion_pipelines_dag.py
[2026-09-10T10:14:55.444+0000] {processor.py:914} INFO - Processing file /opt/airflow/dags/ingestion_pipelines_dag.py for tasks to queue
[2026-09-10T10:14:55.451+0000] {logging_mixin.py:190} INFO - [2026-09-10T10:14:55.450+0000] {dagbag.py:588} INFO - Filling up the DagBag from /opt/airflow/dags/ingestion_pipelines_dag.py
[2026-09-10T10:14:55.543+0000] {processor.py:925} INFO - DAG(s) 'datalake_ingestion_pipelines' retrieved from /opt/airflow/dags/ingestion_pipelines_dag.py
[2026-09-10T10:14:55.689+0000] {logging_mixin.py:190} INFO - [2026-09-10T10:14:55.688+0000] {dag.py:3239} INFO - Sync 1 DAGs
[2026-09-10T10:14:55.821+0000] {processor.py:208} INFO - Processing /opt/airflow/dags/ingestion_pipelines_dag.py took 0.411 seconds
[2026-09-10T10:15:26.462+0000] {processor.py:186} INFO - Started process (PID=382) to work on /opt/airflow/dags/ingestion_pipelines_dag.py
[2026-09-10T10:15:26.467+0000] {processor.py:914} INFO - Processing file /opt/airflow/dags/ingestion_pipelines_dag.py for tasks to queue
[2026-09-10T10:15:26.474+0000] {logging_mixin.py:190} INFO - [2026-09-10T10:15:26.472+0000] {dagbag.py:588} INFO - Filling up the DagBag from /opt/airflow/dags/ingestion_pipelines_dag.py
[2026-09-10T10:15:26.563+0000] {processor.py:925} INFO - DAG(s) 'datalake_ingestion_pipelines' retrieved from /opt/airflow/dags/ingestion_pipelines_dag.py
[2026-09-10T10:15:41.579+0000] {logging_mixin.py:190} INFO - [2026-09-10T10:15:41.572+0000] {dag.py:3239} INFO - Sync 1 DAGs
[2026-09-10T10:15:41.665+0000] {logging_mixin.py:190} INFO - [2026-09-10T10:15:41.664+0000] {dag.py:4180} INFO - Setting next_dagrun for datalake_ingestion_pipelines to 2026-09-10 10:00:00+00:00, run_after=2026-09-10 11:00:00+00:00
[2026-09-10T10:15:41.727+0000] {processor.py:208} INFO - Processing /opt/airflow/dags/ingestion_pipelines_dag.py took 15.286 seconds
[2026-09-10T10:16:12.258+0000] {processor.py:186} INFO - Started process (PID=388) to work on /opt/airflow/dags/ingestion_pipelines_dag.py
[2026-09-10T10:16:12.260+0000] {processor.py:914} INFO - Processing file /opt/airflow/dags/ingestion_pipelines_dag.py for tasks to queue
[2026-09-10T10:16:12.267+0000] {logging_mixin.py:190} INFO - [2026-09-10T10:16:12.265+0000] {dagbag.py:588} INFO - Filling up the DagBag from /opt/airflow/dags/ingestion_pipelines_dag.py
[2026-09-10T10:16:12.655+0000] {processor.py:925} INFO - DAG(s) 'datalake_ingestion_pipelines' retrieved from /opt/airflow/dags/ingestion_pipelines_dag.py
[2026-09-10T10:16:12.675+0000] {logging_mixin.py:190} INFO - [2026-09-10T10:16:12.674+0000] {dag.py:3239} INFO - Sync 1 DAGs
[2026-09-10T10:16:12.741+0000] {logging_mixin.py:190} INFO - [2026-09-10T10:16:12.741+0000] {dag.py:4180} INFO - Setting next_dagrun for datalake_ingestion_pipelines to 2026-09-10 10:00:00+00:00, run_after=2026-09-10 11:00:00+00:00
[2026-09-10T10:16:12.780+0000] {processor.py:208} INFO - Processing /opt/airflow/dags/ingestion_pipelines_dag.py took 0.961 seconds
[2026-09-10T10:16:43.083+0000] {processor.py:186} INFO - Started process (PID=401) to work on /opt/airflow/dags/ingestion_pipelines_dag.py
[2026-09-10T10:16:43.087+0000] {processor.py:914} INFO - Processing file /opt/airflow/dags/ingestion_pipelines_dag.py for tasks to queue
[2026-09-10T10:16:43.093+0000] {logging_mixin.py:190} INFO - [2026-09-10T10:16:43.091+0000] {dagbag.py:588} INFO - Filling up the DagBag from /opt/airflow/dags/ingestion_pipelines_dag.py
[2026-09-10T10:16:43.172+0000] {processor.py:925} INFO - DAG(s) 'datalake_ingestion_pipelines' retrieved from /opt/airflow/dags/ingestion_pipelines_dag.py
[2026-09-10T10:16:43.423+0000] {logging_mixin.py:190} INFO - [2026-09-10T10:16:43.423+0000] {dag.py:3239} INFO - Sync 1 DAGs
[2026-09-10T10:16:43.493+0000] {logging_mixin.py:190} INFO - [2026-09-10T10:16:43.492+0000] {dag.py:4180} INFO - Setting next_dagrun for datalake_ingestion_pipelines to 2026-09-10 10:00:00+00:00, run_after=2026-09-10 11:00:00+00:00
[2026-09-10T10:16:43.567+0000] {processor.py:208} INFO - Processing /opt/airflow/dags/ingestion_pipelines_dag.py took 0.502 seconds
[2026-09-10T10:17:14.095+0000] {processor.py:186} INFO - Started process (PID=414) to work on /opt/airflow/dags/ingestion_pipelines_dag.py
[2026-09-10T10:17:14.098+0000] {processor.py:914} INFO - Processing file /opt/airflow/dags/ingestion_pipelines_dag.py for tasks to queue
[2026-09-10T10:17:14.105+0000] {logging_mixin.py:190} INFO - [2026-09-10T10:17:14.104+0000] {dagbag.py:588} INFO - Filling up the DagBag from /opt/airflow/dags/ingestion_pipelines_dag.py
[2026-09-10T10:17:14.175+0000] {processor.py:925} INFO - DAG(s) 'datalake_ingestion_pipelines' retrieved from /opt/airflow/dags/ingestion_pipelines_dag.py
[2026-09-10T10:17:14.251+0000] {logging_mixin.py:190} INFO - [2026-09-10T10:17:14.251+0000] {dag.py:3239} INFO - Sync 1 DAGs
[2026-09-10T10:17:14.289+0000] {logging_mixin.py:190} INFO - [2026-09-10T10:17:14.289+0000] {dag.py:4180} INFO - Setting next_dagrun for datalake_ingestion_pipelines to 2026-09-10 10:00:00+00:00, run_after=2026-09-10 11:00:00+00:00
[2026-09-10T10:17:14.319+0000] {processor.py:208} INFO - Processing /opt/airflow/dags/ingestion_pipelines_dag.py took 0.241 seconds
[2026-09-10T10:17:44.415+0000] {processor.py:186} INFO - Started process (PID=426) to work on /opt/airflow/dags/ingestion_pipelines_dag.py
[2026-09-10T10:17:44.416+0000] {processor.py:914} INFO - Processing file /opt/airflow/dags/ingestion_pipelines_dag.py for tasks to queue
[2026-09-10T10:17:44.419+0000] {logging_mixin.py:190} INFO - [2026-09-10T10:17:44.419+0000] {dagbag.py:588} INFO - Filling up the DagBag from /opt/airflow/dags/ingestion_pipelines_dag.py
[2026-09-10T10:17:44.452+0000] {processor.py:925} INFO - DAG(s) 'datalake_ingestion_pipelines' retrieved from /opt/airflow/dags/ingestion_pipelines_dag.py
[2026-09-10T10:17:44.487+0000] {logging_mixin.py:190} INFO - [2026-09-10T10:17:44.487+0000] {dag.py:3239} INFO - Sync 1 DAGs
[2026-09-10T10:17:44.529+0000] {logging_mixin.py:190} INFO - [2026-09-10T10:17:44.529+0000] {dag.py:4180} INFO - Setting next_dagrun for datalake_ingestion_pipelines to 2026-09-10 10:00:00+00:00, run_after=2026-09-10 11:00:00+00:00
[2026-09-10T10:17:44.564+0000] {processor.py:208} INFO - Processing /opt/airflow/dags/ingestion_pipelines_dag.py took 0.156 seconds
[2026-09-10T10:18:14.700+0000] {processor.py:186} INFO - Started process (PID=432) to work on /opt/airflow/dags/ingestion_pipelines_dag.py
[2026-09-10T10:18:14.702+0000] {processor.py:914} INFO - Processing file /opt/airflow/dags/ingestion_pipelines_dag.py for tasks to queue
[2026-09-10T10:18:14.705+0000] {logging_mixin.py:190} INFO - [2026-09-10T10:18:14.704+0000] {dagbag.py:588} INFO - Filling up the DagBag from /opt/airflow/dags/ingestion_pipelines_dag.py
[2026-09-10T10:18:14.730+0000] {processor.py:925} INFO - DAG(s) 'datalake_ingestion_pipelines' retrieved from /opt/airflow/dags/ingestion_pipelines_dag.py
[2026-09-10T10:18:14.754+0000] {logging_mixin.py:190} INFO - [2026-09-10T10:18:14.754+0000] {dag.py:3239} INFO - Sync 1 DAGs
[2026-09-10T10:18:14.775+0000] {logging_mixin.py:190} INFO - [2026-09-10T10:18:14.774+0000] {dag.py:4180} INFO - Setting next_dagrun for datalake_ingestion_pipelines to 2026-09-10 10:00:00+00:00, run_after=2026-09-10 11:00:00+00:00
[2026-09-10T10:18:14.793+0000] {processor.py:208} INFO - Processing /opt/airflow/dags/ingestion_pipelines_dag.py took 0.098 seconds
[2026-09-10T10:18:45.164+0000] {processor.py:186} INFO - Started process (PID=445) to work on /opt/airflow/dags/ingestion_pipelines_dag.py
[2026-09-10T10:18:45.167+0000] {processor.py:914} INFO - Processing file /opt/airflow/dags/ingestion_pipelines_dag.py for tasks to queue
[2026-09-10T10:18:45.172+0000] {logging_mixin.py:190} INFO - [2026-09-10T10:18:45.171+0000] {dagbag.py:588} INFO - Filling up the DagBag from /opt/airflow/dags/ingestion_pipelines_dag.py
[2026-09-10T10:18:45.223+0000] {processor.py:925} INFO - DAG(s) 'datalake_ingestion_pipelines' retrieved from /opt/airflow/dags/ingestion_pipelines_dag.py
[2026-09-10T10:18:45.299+0000] {logging_mixin.py:190} INFO - [2026-09-10T10:18:45.298+0000] {dag.py:3239} INFO - Sync 1 DAGs
[2026-09-10T10:18:45.371+0000] {logging_mixin.py:190} INFO - [2026-09-10T10:18:45.371+0000] {dag.py:4180} INFO - Setting next_dagrun for datalake_ingestion_pipelines to 2026-09-10 10:00:00+00:00, run_after=2026-09-10 11:00:00+00:00
[2026-09-10T10:18:45.412+0000] {processor.py:208} INFO - Processing /opt/airflow/dags/ingestion_pipelines_dag.py took 0.260 seconds
[2026-09-10T10:19:15.768+0000] {processor.py:186} INFO - Started process (PID=458) to work on /opt/airflow/dags/ingestion_pipelines_dag.py
[2026-09-10T10:19:15.769+0000] {processor.py:914} INFO - Processing file /opt/airflow/dags/ingestion_pipelines_dag.py for tasks to queue
[2026-09-10T10:19:15.772+0000] {logging_mixin.py:190} INFO - [2026-09-10T10:19:15.771+0000] {dagbag.py:588} INFO - Filling up the DagBag from /opt/airflow/dags/ingestion_pipelines_dag.py
[2026-09-10T10:19:15.803+0000] {processor.py:925} INFO - DAG(s) 'datalake_ingestion_pipelines' retrieved from /opt/airflow/dags/ingestion_pipelines_dag.py
[2026-09-10T10:19:15.836+0000] {logging_mixin.py:190} INFO - [2026-09-10T10:19:15.836+0000] {dag.py:3239} INFO - Sync 1 DAGs
[2026-09-10T10:19:15.866+0000] {logging_mixin.py:190} INFO - [2026-09-10T10:19:15.865+0000] {dag.py:4180} INFO - Setting next_dagrun for datalake_ingestion_pipelines to 2026-09-10 10:00:00+00:00, run_after=2026-09-10 11:00:00+00:00
[2026-09-10T10:19:15.906+0000] {processor.py:208} INFO - Processing /opt/airflow/dags/ingestion_pipelines_dag.py took 0.150 seconds
[2026-09-10T10:19:46.052+0000] {processor.py:186} INFO - Started process (PID=472) to work on /opt/airflow/dags/ingestion_pipelines_dag.py
[2026-09-10T10:19:46.054+0000] {processor.py:914} INFO - Processing file /opt/airflow/dags/ingestion_pipelines_dag.py for tasks to queue
[2026-09-10T10:19:46.056+0000] {logging_mixin.py:190} INFO - [2026-09-10T10:19:46.056+0000] {dagbag.py:588} INFO - Filling up the DagBag from /opt/airflow/dags/ingestion_pipelines_dag.py
[2026-09-10T10:19:46.080+0000] {processor.py:925} INFO - DAG(s) 'datalake_ingestion_pipelines' retrieved from /opt/airflow/dags/ingestion_pipelines_dag.py
[2026-09-10T10:19:46.104+0000] {logging_mixin.py:190} INFO - [2026-09-10T10:19:46.104+0000] {dag.py:3239} INFO - Sync 1 DAGs
[2026-09-10T10:19:46.125+0000] {logging_mixin.py:190} INFO - [2026-09-10T10:19:46.125+0000] {dag.py:4180} INFO - Setting next_dagrun for datalake_ingestion_pipelines to 2026-09-10 10:00:00+00:00, run_after=2026-09-10 11:00:00+00:00
[2026-09-10T10:19:46.149+0000] {processor.py:208} INFO - Processing /opt/airflow/dags/ingestion_pipelines_dag.py took 0.102 seconds
[2026-09-10T10:20:16.407+0000] {processor.py:186} INFO - Started process (PID=485) to work on /opt/airflow/dags/ingestion_pipelines_dag.py
[2026-09-10T10:20:16.408+0000] {processor.py:914} INFO - Processing file /opt/airflow/dags/ingestion_pipelines_dag.py for tasks to queue
[2026-09-10T10:20:16.411+0000] {logging_mixin.py:190} INFO - [2026-09-10T10:20:16.411+0000] {dagbag.py:588} INFO - Filling up the DagBag from /opt/airflow/dags/ingestion_pipelines_dag.py
[2026-09-10T10:20:16.436+0000] {processor.py:925} INFO - DAG(s) 'datalake_ingestion_pipelines' retrieved from /opt/airflow/dags/ingestion_pipelines_dag.py
[2026-09-10T10:20:16.461+0000] {logging_mixin.py:190} INFO - [2026-09-10T10:20:16.461+0000] {dag.py:3239} INFO - Sync 1 DAGs
[2026-09-10T10:20:16.485+0000] {logging_mixin.py:190} INFO - [2026-09-10T10:20:16.485+0000] {dag.py:4180} INFO - Setting next_dagrun for datalake_ingestion_pipelines to 2026-09-10 10:00:00+00:00, run_after=2026-09-10 11:00:00+00:00
[2026-09-10T10:20:16.507+0000] {processor.py:208} INFO - Processing /opt/airflow/dags/ingestion_pipelines_dag.py took 0.105 seconds
[2026-09-10T10:20:46.822+0000] {processor.py:186} INFO - Started process (PID=498) to work on /opt/airflow/dags/ingestion_pipelines_dag.py
[2026-09-10T10:20:46.824+0000] {processor.py:914} INFO - Processing file /opt/airflow/dags/ingestion_pipelines_dag.py for tasks to queue
[2026-09-10T10:20:46.831+0000] {logging_mixin.py:190} INFO - [2026-09-10T10:20:46.830+0000] {dagbag.py:588} INFO - Filling up the DagBag from /opt/airflow/dags/ingestion_pipelines_dag.py
[2026-09-10T10:20:46.874+0000] {processor.py:925} INFO - DAG(s) 'datalake_ingestion_pipelines' retrieved from /opt/airflow/dags/ingestion_pipelines_dag.py
[2026-09-10T10:20:46.913+0000] {logging_mixin.py:190} INFO - [2026-09-10T10:20:46.913+0000] {dag.py:3239} INFO - Sync 1 DAGs
[2026-09-10T10:20:46.945+0000] {logging_mixin.py:190} INFO - [2026-09-10T10:20:46.945+0000] {dag.py:4180} INFO - Setting next_dagrun for datalake_ingestion_pipelines to 2026-09-10 10:00:00+00:00, run_after=2026-09-10 11:00:00+00:00
[2026-09-10T10:20:46.974+0000] {processor.py:208} INFO - Processing /opt/airflow/dags/ingestion_pipelines_dag.py took 0.164 seconds
[2026-09-10T10:21:17.175+0000] {processor.py:186} INFO - Started process (PID=511) to work on /opt/airflow/dags/ingestion_pipelines_dag.py
[2026-09-10T10:21:17.176+0000] {processor.py:914} INFO - Processing file /opt/airflow/dags/ingestion_pipelines_dag.py for tasks to queue
[2026-09-10T10:21:17.178+0000] {logging_mixin.py:190} INFO - [2026-09-10T10:21:17.178+0000] {dagbag.py:588} INFO - Filling up the DagBag from /opt/airflow/dags/ingestion_pipelines_dag.py
[2026-09-10T10:21:17.201+0000] {processor.py:925} INFO - DAG(s) 'datalake_ingestion_pipelines' retrieved from /opt/airflow/dags/ingestion_pipelines_dag.py
[2026-09-10T10:21:17.228+0000] {logging_mixin.py:190} INFO - [2026-09-10T10:21:17.228+0000] {dag.py:3239} INFO - Sync 1 DAGs
[2026-09-10T10:21:17.251+0000] {logging_mixin.py:190} INFO - [2026-09-10T10:21:17.251+0000] {dag.py:4180} INFO - Setting next_dagrun for datalake_ingestion_pipelines to 2026-09-10 10:00:00+00:00, run_after=2026-09-10 11:00:00+00:00
[2026-09-10T10:21:17.271+0000] {processor.py:208} INFO - Processing /opt/airflow/dags/ingestion_pipelines_dag.py took 0.102 seconds
[2026-09-10T10:21:47.591+0000] {processor.py:186} INFO - Started process (PID=524) to work on /opt/airflow/dags/ingestion_pipelines_dag.py
[2026-09-10T10:21:47.594+0000] {processor.py:914} INFO - Processing file /opt/airflow/dags/ingestion_pipelines_dag.py for tasks to queue
[2026-09-10T10:21:47.597+0000] {logging_mixin.py:190} INFO - [2026-09-10T10:21:47.596+0000] {dagbag.py:588} INFO - Filling up the DagBag from /opt/airflow/dags/ingestion_pipelines_dag.py
[2026-09-10T10:21:47.636+0000] {processor.py:925} INFO - DAG(s) 'datalake_ingestion_pipelines' retrieved from /opt/airflow/dags/ingestion_pipelines_dag.py
[2026-09-10T10:21:47.665+0000] {logging_mixin.py:190} INFO - [2026-09-10T10:21:47.665+0000] {dag.py:3239} INFO - Sync 1 DAGs
[2026-09-10T10:21:47.686+0000] {logging_mixin.py:190} INFO - [2026-09-10T10:21:47.686+0000] {dag.py:4180} INFO - Setting next_dagrun for datalake_ingestion_pipelines to 2026-09-10 10:00:00+00:00, run_after=2026-09-10 11:00:00+00:00
[2026-09-10T10:21:47.706+0000] {processor.py:208} INFO - Processing /opt/airflow/dags/ingestion_pipelines_dag.py took 0.122 seconds
[2026-09-10T10:22:17.901+0000] {processor.py:186} INFO - Started process (PID=536) to work on /opt/airflow/dags/ingestion_pipelines_dag.py
[2026-09-10T10:22:17.902+0000] {processor.py:914} INFO - Processing file /opt/airflow/dags/ingestion_pipelines_dag.py for tasks to queue
[2026-09-10T10:22:17.904+0000] {logging_mixin.py:190} INFO - [2026-09-10T10:22:17.904+0000] {dagbag.py:588} INFO - Filling up the DagBag from /opt/airflow/dags/ingestion_pipelines_dag.py
[2026-09-10T10:22:17.930+0000] {processor.py:925} INFO - DAG(s) 'datalake_ingestion_pipelines' retrieved from /opt/airflow/dags/ingestion_pipelines_dag.py
[2026-09-10T10:22:17.954+0000] {logging_mixin.py:190} INFO - [2026-09-10T10:22:17.954+0000] {dag.py:3239} INFO - Sync 1 DAGs
[2026-09-10T10:22:17.976+0000] {logging_mixin.py:190} INFO - [2026-09-10T10:22:17.976+0000] {dag.py:4180} INFO - Setting next_dagrun for datalake_ingestion_pipelines to 2026-09-10 10:00:00+00:00, run_after=2026-09-10 11:00:00+00:00
[2026-09-10T10:22:17.997+0000] {processor.py:208} INFO - Processing /opt/airflow/dags/ingestion_pipelines_dag.py took 0.101 seconds
[2026-09-10T10:22:48.213+0000] {processor.py:186} INFO - Started process (PID=549) to work on /opt/airflow/dags/ingestion_pipelines_dag.py
[2026-09-10T10:22:48.215+0000] {processor.py:914} INFO - Processing file /opt/airflow/dags/ingestion_pipelines_dag.py for tasks to queue
[2026-09-10T10:22:48.219+0000] {logging_mixin.py:190} INFO - [2026-09-10T10:22:48.218+0000] {dagbag.py:588} INFO - Filling up the DagBag from /opt/airflow/dags/ingestion_pipelines_dag.py
[2026-09-10T10:22:48.263+0000] {processor.py:925} INFO - DAG(s) 'datalake_ingestion_pipelines' retrieved from /opt/airflow/dags/ingestion_pipelines_dag.py
[2026-09-10T10:22:48.295+0000] {logging_mixin.py:190} INFO - [2026-09-10T10:22:48.295+0000] {dag.py:3239} INFO - Sync 1 DAGs
[2026-09-10T10:22:48.324+0000] {logging_mixin.py:190} INFO - [2026-09-10T10:22:48.323+0000] {dag.py:4180} INFO - Setting next_dagrun for datalake_ingestion_pipelines to 2026-09-10 10:00:00+00:00, run_after=2026-09-10 11:00:00+00:00
[2026-09-10T10:22:48.350+0000] {processor.py:208} INFO - Processing /opt/airflow/dags/ingestion_pipelines_dag.py took 0.144 seconds
[2026-09-10T10:23:18.664+0000] {processor.py:186} INFO - Started process (PID=562) to work on /opt/airflow/dags/ingestion_pipelines_dag.py
[2026-09-10T10:23:18.665+0000] {processor.py:914} INFO - Processing file /opt/airflow/dags/ingestion_pipelines_dag.py for tasks to queue
[2026-09-10T10:23:18.667+0000] {logging_mixin.py:190} INFO - [2026-09-10T10:23:18.666+0000] {dagbag.py:588} INFO - Filling up the DagBag from /opt/airflow/dags/ingestion_pipelines_dag.py
[2026-09-10T10:23:18.693+0000] {processor.py:925} INFO - DAG(s) 'datalake_ingestion_pipelines' retrieved from /opt/airflow/dags/ingestion_pipelines_dag.py
[2026-09-10T10:23:18.753+0000] {logging_mixin.py:190} INFO - [2026-09-10T10:23:18.753+0000] {dag.py:3239} INFO - Sync 1 DAGs
[2026-09-10T10:23:18.804+0000] {logging_mixin.py:190} INFO - [2026-09-10T10:23:18.804+0000] {dag.py:4180} INFO - Setting next_dagrun for datalake_ingestion_pipelines to 2026-09-10 10:00:00+00:00, run_after=2026-09-10 11:00:00+00:00
[2026-09-10T10:23:18.828+0000] {processor.py:208} INFO - Processing /opt/airflow/dags/ingestion_pipelines_dag.py took 0.171 seconds
[2026-09-10T10:23:49.054+0000] {processor.py:186} INFO - Started process (PID=575) to work on /opt/airflow/dags/ingestion_pipelines_dag.py
[2026-09-10T10:23:49.056+0000] {processor.py:914} INFO - Processing file /opt/airflow/dags/ingestion_pipelines_dag.py for tasks to queue
[2026-09-10T10:23:49.062+0000] {logging_mixin.py:190} INFO - [2026-09-10T10:23:49.061+0000] {dagbag.py:588} INFO - Filling up the DagBag from /opt/airflow/dags/ingestion_pipelines_dag.py
[2026-09-10T10:23:49.117+0000] {processor.py:925} INFO - DAG(s) 'datalake_ingestion_pipelines' retrieved from /opt/airflow/dags/ingestion_pipelines_dag.py
[2026-09-10T10:23:49.180+0000] {logging_mixin.py:190} INFO - [2026-09-10T10:23:49.179+0000] {dag.py:3239} INFO - Sync 1 DAGs
[2026-09-10T10:23:49.223+0000] {logging_mixin.py:190} INFO - [2026-09-10T10:23:49.223+0000] {dag.py:4180} INFO - Setting next_dagrun for datalake_ingestion_pipelines to 2026-09-10 10:00:00+00:00, run_after=2026-09-10 11:00:00+00:00
[2026-09-10T10:23:49.271+0000] {processor.py:208} INFO - Processing /opt/airflow/dags/ingestion_pipelines_dag.py took 0.226 seconds
[2026-09-10T10:24:19.571+0000] {processor.py:186} INFO - Started process (PID=589) to work on /opt/airflow/dags/ingestion_pipelines_dag.py
[2026-09-10T10:24:19.575+0000] {processor.py:914} INFO - Processing file /opt/airflow/dags/ingestion_pipelines_dag.py for tasks to queue
[2026-09-10T10:24:19.582+0000] {logging_mixin.py:190} INFO - [2026-09-10T10:24:19.581+0000] {dagbag.py:588} INFO - Filling up the DagBag from /opt/airflow/dags/ingestion_pipelines_dag.py
[2026-09-10T10:24:19.623+0000] {processor.py:925} INFO - DAG(s) 'datalake_ingestion_pipelines' retrieved from /opt/airflow/dags/ingestion_pipelines_dag.py
[2026-09-10T10:24:19.650+0000] {logging_mixin.py:190} INFO - [2026-09-10T10:24:19.649+0000] {dag.py:3239} INFO - Sync 1 DAGs
[2026-09-10T10:24:19.672+0000] {logging_mixin.py:190} INFO - [2026-09-10T10:24:19.672+0000] {dag.py:4180} INFO - Setting next_dagrun for datalake_ingestion_pipelines to 2026-09-10 10:00:00+00:00, run_after=2026-09-10 11:00:00+00:00
[2026-09-10T10:24:19.696+0000] {processor.py:208} INFO - Processing /opt/airflow/dags/ingestion_pipelines_dag.py took 0.141 seconds
[2026-09-10T10:24:49.919+0000] {processor.py:186} INFO - Started process (PID=601) to work on /opt/airflow/dags/ingestion_pipelines_dag.py
[2026-09-10T10:24:49.920+0000] {processor.py:914} INFO - Processing file /opt/airflow/dags/ingestion_pipelines_dag.py for tasks to queue
[2026-09-10T10:24:49.924+0000] {logging_mixin.py:190} INFO - [2026-09-10T10:24:49.923+0000] {dagbag.py:588} INFO - Filling up the DagBag from /opt/airflow/dags/ingestion_pipelines_dag.py
[2026-09-10T10:24:49.954+0000] {processor.py:925} INFO - DAG(s) 'datalake_ingestion_pipelines' retrieved from /opt/airflow/dags/ingestion_pipelines_dag.py
[2026-09-10T10:24:49.986+0000] {logging_mixin.py:190} INFO - [2026-09-10T10:24:49.986+0000] {dag.py:3239} INFO - Sync 1 DAGs
[2026-09-10T10:24:50.016+0000] {logging_mixin.py:190} INFO - [2026-09-10T10:24:50.015+0000] {dag.py:4180} INFO - Setting next_dagrun for datalake_ingestion_pipelines to 2026-09-10 10:00:00+00:00, run_after=2026-09-10 11:00:00+00:00
[2026-09-10T10:24:50.037+0000] {processor.py:208} INFO - Processing /opt/airflow/dags/ingestion_pipelines_dag.py took 0.123 seconds
[2026-09-10T10:25:20.290+0000] {processor.py:186} INFO - Started process (PID=607) to work on /opt/airflow/dags/ingestion_pipelines_dag.py
[2026-09-10T10:25:20.291+0000] {processor.py:914} INFO - Processing file /opt/airflow/dags/ingestion_pipelines_dag.py for tasks to queue
[2026-09-10T10:25:20.298+0000] {logging_mixin.py:190} INFO - [2026-09-10T10:25:20.298+0000] {dagbag.py:588} INFO - Filling up the DagBag from /opt/airflow/dags/ingestion_pipelines_dag.py
[2026-09-10T10:25:20.323+0000] {processor.py:925} INFO - DAG(s) 'datalake_ingestion_pipelines' retrieved from /opt/airflow/dags/ingestion_pipelines_dag.py
[2026-09-10T10:25:20.353+0000] {logging_mixin.py:190} INFO - [2026-09-10T10:25:20.353+0000] {dag.py:3239} INFO - Sync 1 DAGs
[2026-09-10T10:25:20.374+0000] {logging_mixin.py:190} INFO - [2026-09-10T10:25:20.374+0000] {dag.py:4180} INFO - Setting next_dagrun for datalake_ingestion_pipelines to 2026-09-10 10:00:00+00:00, run_after=2026-09-10 11:00:00+00:00
[2026-09-10T10:25:20.393+0000] {processor.py:208} INFO - Processing /opt/airflow/dags/ingestion_pipelines_dag.py took 0.108 seconds
[2026-09-10T10:25:50.617+0000] {processor.py:186} INFO - Started process (PID=620) to work on /opt/airflow/dags/ingestion_pipelines_dag.py
[2026-09-10T10:25:50.619+0000] {processor.py:914} INFO - Processing file /opt/airflow/dags/ingestion_pipelines_dag.py for tasks to queue
[2026-09-10T10:25:50.621+0000] {logging_mixin.py:190} INFO - [2026-09-10T10:25:50.621+0000] {dagbag.py:588} INFO - Filling up the DagBag from /opt/airflow/dags/ingestion_pipelines_dag.py
[2026-09-10T10:25:50.646+0000] {processor.py:925} INFO - DAG(s) 'datalake_ingestion_pipelines' retrieved from /opt/airflow/dags/ingestion_pipelines_dag.py
[2026-09-10T10:25:50.670+0000] {logging_mixin.py:190} INFO - [2026-09-10T10:25:50.669+0000] {dag.py:3239} INFO - Sync 1 DAGs
[2026-09-10T10:25:50.691+0000] {logging_mixin.py:190} INFO - [2026-09-10T10:25:50.691+0000] {dag.py:4180} INFO - Setting next_dagrun for datalake_ingestion_pipelines to 2026-09-10 10:00:00+00:00, run_after=2026-09-10 11:00:00+00:00
[2026-09-10T10:25:50.710+0000] {processor.py:208} INFO - Processing /opt/airflow/dags/ingestion_pipelines_dag.py took 0.098 seconds
[2026-09-10T10:26:21.070+0000] {processor.py:186} INFO - Started process (PID=633) to work on /opt/airflow/dags/ingestion_pipelines_dag.py
[2026-09-10T10:26:21.072+0000] {processor.py:914} INFO - Processing file /opt/airflow/dags/ingestion_pipelines_dag.py for tasks to queue
[2026-09-10T10:26:21.076+0000] {logging_mixin.py:190} INFO - [2026-09-10T10:26:21.076+0000] {dagbag.py:588} INFO - Filling up the DagBag from /opt/airflow/dags/ingestion_pipelines_dag.py
[2026-09-10T10:26:21.111+0000] {processor.py:925} INFO - DAG(s) 'datalake_ingestion_pipelines' retrieved from /opt/airflow/dags/ingestion_pipelines_dag.py
[2026-09-10T10:26:21.142+0000] {logging_mixin.py:190} INFO - [2026-09-10T10:26:21.141+0000] {dag.py:3239} INFO - Sync 1 DAGs
[2026-09-10T10:26:21.164+0000] {logging_mixin.py:190} INFO - [2026-09-10T10:26:21.164+0000] {dag.py:4180} INFO - Setting next_dagrun for datalake_ingestion_pipelines to 2026-09-10 10:00:00+00:00, run_after=2026-09-10 11:00:00+00:00
[2026-09-10T10:26:21.183+0000] {processor.py:208} INFO - Processing /opt/airflow/dags/ingestion_pipelines_dag.py took 0.122 seconds
[2026-09-10T10:26:51.356+0000] {processor.py:186} INFO - Started process (PID=645) to work on /opt/airflow/dags/ingestion_pipelines_dag.py
[2026-09-10T10:26:51.362+0000] {processor.py:914} INFO - Processing file /opt/airflow/dags/ingestion_pipelines_dag.py for tasks to queue
[2026-09-10T10:26:51.365+0000] {logging_mixin.py:190} INFO - [2026-09-10T10:26:51.365+0000] {dagbag.py:588} INFO - Filling up the DagBag from /opt/airflow/dags/ingestion_pipelines_dag.py
[2026-09-10T10:26:51.392+0000] {processor.py:925} INFO - DAG(s) 'datalake_ingestion_pipelines' retrieved from /opt/airflow/dags/ingestion_pipelines_dag.py
[2026-09-10T10:26:51.420+0000] {logging_mixin.py:190} INFO - [2026-09-10T10:26:51.419+0000] {dag.py:3239} INFO - Sync 1 DAGs
[2026-09-10T10:26:51.441+0000] {logging_mixin.py:190} INFO - [2026-09-10T10:26:51.441+0000] {dag.py:4180} INFO - Setting next_dagrun for datalake_ingestion_pipelines to 2026-09-10 10:00:00+00:00, run_after=2026-09-10 11:00:00+00:00
[2026-09-10T10:26:51.460+0000] {processor.py:208} INFO - Processing /opt/airflow/dags/ingestion_pipelines_dag.py took 0.110 seconds
[2026-09-10T10:27:21.781+0000] {processor.py:186} INFO - Started process (PID=658) to work on /opt/airflow/dags/ingestion_pipelines_dag.py
[2026-09-10T10:27:21.783+0000] {processor.py:914} INFO - Processing file /opt/airflow/dags/ingestion_pipelines_dag.py for tasks to queue
[2026-09-10T10:27:21.785+0000] {logging_mixin.py:190} INFO - [2026-09-10T10:27:21.785+0000] {dagbag.py:588} INFO - Filling up the DagBag from /opt/airflow/dags/ingestion_pipelines_dag.py
[2026-09-10T10:27:21.864+0000] {processor.py:925} INFO - DAG(s) 'datalake_ingestion_pipelines' retrieved from /opt/airflow/dags/ingestion_pipelines_dag.py
[2026-09-10T10:27:21.901+0000] {logging_mixin.py:190} INFO - [2026-09-10T10:27:21.900+0000] {dag.py:3239} INFO - Sync 1 DAGs
[2026-09-10T10:27:21.928+0000] {logging_mixin.py:190} INFO - [2026-09-10T10:27:21.927+0000] {dag.py:4180} INFO - Setting next_dagrun for datalake_ingestion_pipelines to 2026-09-10 10:00:00+00:00, run_after=2026-09-10 11:00:00+00:00
[2026-09-10T10:27:21.952+0000] {processor.py:208} INFO - Processing /opt/airflow/dags/ingestion_pipelines_dag.py took 0.176 seconds
[2026-09-10T10:27:52.074+0000] {processor.py:186} INFO - Started process (PID=671) to work on /opt/airflow/dags/ingestion_pipelines_dag.py
[2026-09-10T10:27:52.075+0000] {processor.py:914} INFO - Processing file /opt/airflow/dags/ingestion_pipelines_dag.py for tasks to queue
[2026-09-10T10:27:52.077+0000] {logging_mixin.py:190} INFO - [2026-09-10T10:27:52.077+0000] {dagbag.py:588} INFO - Filling up the DagBag from /opt/airflow/dags/ingestion_pipelines_dag.py
[2026-09-10T10:27:52.103+0000] {processor.py:925} INFO - DAG(s) 'datalake_ingestion_pipelines' retrieved from /opt/airflow/dags/ingestion_pipelines_dag.py
[2026-09-10T10:27:52.129+0000] {logging_mixin.py:190} INFO - [2026-09-10T10:27:52.129+0000] {dag.py:3239} INFO - Sync 1 DAGs
[2026-09-10T10:27:52.151+0000] {logging_mixin.py:190} INFO - [2026-09-10T10:27:52.150+0000] {dag.py:4180} INFO - Setting next_dagrun for datalake_ingestion_pipelines to 2026-09-10 10:00:00+00:00, run_after=2026-09-10 11:00:00+00:00
[2026-09-10T10:27:52.169+0000] {processor.py:208} INFO - Processing /opt/airflow/dags/ingestion_pipelines_dag.py took 0.099 seconds
[2026-09-10T10:28:22.383+0000] {processor.py:186} INFO - Started process (PID=684) to work on /opt/airflow/dags/ingestion_pipelines_dag.py
[2026-09-10T10:28:22.384+0000] {processor.py:914} INFO - Processing file /opt/airflow/dags/ingestion_pipelines_dag.py for tasks to queue
[2026-09-10T10:28:22.387+0000] {logging_mixin.py:190} INFO - [2026-09-10T10:28:22.386+0000] {dagbag.py:588} INFO - Filling up the DagBag from /opt/airflow/dags/ingestion_pipelines_dag.py
[2026-09-10T10:28:22.411+0000] {processor.py:925} INFO - DAG(s) 'datalake_ingestion_pipelines' retrieved from /opt/airflow/dags/ingestion_pipelines_dag.py
[2026-09-10T10:28:22.437+0000] {logging_mixin.py:190} INFO - [2026-09-10T10:28:22.437+0000] {dag.py:3239} INFO - Sync 1 DAGs
[2026-09-10T10:28:22.457+0000] {logging_mixin.py:190} INFO - [2026-09-10T10:28:22.457+0000] {dag.py:4180} INFO - Setting next_dagrun for datalake_ingestion_pipelines to 2026-09-10 10:00:00+00:00, run_after=2026-09-10 11:00:00+00:00
[2026-09-10T10:28:22.478+0000] {processor.py:208} INFO - Processing /opt/airflow/dags/ingestion_pipelines_dag.py took 0.101 seconds
[2026-09-10T10:28:52.861+0000] {processor.py:186} INFO - Started process (PID=697) to work on /opt/airflow/dags/ingestion_pipelines_dag.py
[2026-09-10T10:28:52.862+0000] {processor.py:914} INFO - Processing file /opt/airflow/dags/ingestion_pipelines_dag.py for tasks to queue
[2026-09-10T10:28:52.864+0000] {logging_mixin.py:190} INFO - [2026-09-10T10:28:52.864+0000] {dagbag.py:588} INFO - Filling up the DagBag from /opt/airflow/dags/ingestion_pipelines_dag.py
[2026-09-10T10:28:52.885+0000] {processor.py:925} INFO - DAG(s) 'datalake_ingestion_pipelines' retrieved from /opt/airflow/dags/ingestion_pipelines_dag.py
[2026-09-10T10:28:52.908+0000] {logging_mixin.py:190} INFO - [2026-09-10T10:28:52.908+0000] {dag.py:3239} INFO - Sync 1 DAGs
[2026-09-10T10:28:52.930+0000] {logging_mixin.py:190} INFO - [2026-09-10T10:28:52.930+0000] {dag.py:4180} INFO - Setting next_dagrun for datalake_ingestion_pipelines to 2026-09-10 10:00:00+00:00, run_after=2026-09-10 11:00:00+00:00
[2026-09-10T10:28:52.958+0000] {processor.py:208} INFO - Processing /opt/airflow/dags/ingestion_pipelines_dag.py took 0.102 seconds
[2026-09-10T10:29:23.220+0000] {processor.py:186} INFO - Started process (PID=710) to work on /opt/airflow/dags/ingestion_pipelines_dag.py
[2026-09-10T10:29:23.222+0000] {processor.py:914} INFO - Processing file /opt/airflow/dags/ingestion_pipelines_dag.py for tasks to queue
[2026-09-10T10:29:23.226+0000] {logging_mixin.py:190} INFO - [2026-09-10T10:29:23.226+0000] {dagbag.py:588} INFO - Filling up the DagBag from /opt/airflow/dags/ingestion_pipelines_dag.py
[2026-09-10T10:29:23.273+0000] {processor.py:925} INFO - DAG(s) 'datalake_ingestion_pipelines' retrieved from /opt/airflow/dags/ingestion_pipelines_dag.py
[2026-09-10T10:29:23.308+0000] {logging_mixin.py:190} INFO - [2026-09-10T10:29:23.308+0000] {dag.py:3239} INFO - Sync 1 DAGs
[2026-09-10T10:29:23.344+0000] {logging_mixin.py:190} INFO - [2026-09-10T10:29:23.344+0000] {dag.py:4180} INFO - Setting next_dagrun for datalake_ingestion_pipelines to 2026-09-10 10:00:00+00:00, run_after=2026-09-10 11:00:00+00:00
[2026-09-10T10:29:23.377+0000] {processor.py:208} INFO - Processing /opt/airflow/dags/ingestion_pipelines_dag.py took 0.171 seconds
[2026-09-10T10:29:53.480+0000] {processor.py:186} INFO - Started process (PID=723) to work on /opt/airflow/dags/ingestion_pipelines_dag.py
[2026-09-10T10:29:53.481+0000] {processor.py:914} INFO - Processing file /opt/airflow/dags/ingestion_pipelines_dag.py for tasks to queue
[2026-09-10T10:29:53.485+0000] {logging_mixin.py:190} INFO - [2026-09-10T10:29:53.484+0000] {dagbag.py:588} INFO - Filling up the DagBag from /opt/airflow/dags/ingestion_pipelines_dag.py
[2026-09-10T10:29:53.514+0000] {processor.py:925} INFO - DAG(s) 'datalake_ingestion_pipelines' retrieved from /opt/airflow/dags/ingestion_pipelines_dag.py
[2026-09-10T10:29:53.552+0000] {logging_mixin.py:190} INFO - [2026-09-10T10:29:53.552+0000] {dag.py:3239} INFO - Sync 1 DAGs
[2026-09-10T10:29:53.580+0000] {logging_mixin.py:190} INFO - [2026-09-10T10:29:53.580+0000] {dag.py:4180} INFO - Setting next_dagrun for datalake_ingestion_pipelines to 2026-09-10 10:00:00+00:00, run_after=2026-09-10 11:00:00+00:00
[2026-09-10T10:29:53.604+0000] {processor.py:208} INFO - Processing /opt/airflow/dags/ingestion_pipelines_dag.py took 0.130 seconds
[2026-09-10T10:30:23.841+0000] {processor.py:186} INFO - Started process (PID=736) to work on /opt/airflow/dags/ingestion_pipelines_dag.py
[2026-09-10T10:30:23.843+0000] {processor.py:914} INFO - Processing file /opt/airflow/dags/ingestion_pipelines_dag.py for tasks to queue
[2026-09-10T10:30:23.845+0000] {logging_mixin.py:190} INFO - [2026-09-10T10:30:23.845+0000] {dagbag.py:588} INFO - Filling up the DagBag from /opt/airflow/dags/ingestion_pipelines_dag.py
[2026-09-10T10:30:23.863+0000] {processor.py:925} INFO - DAG(s) 'datalake_ingestion_pipelines' retrieved from /opt/airflow/dags/ingestion_pipelines_dag.py
[2026-09-10T10:30:23.890+0000] {logging_mixin.py:190} INFO - [2026-09-10T10:30:23.890+0000] {dag.py:3239} INFO - Sync 1 DAGs
[2026-09-10T10:30:23.913+0000] {logging_mixin.py:190} INFO - [2026-09-10T10:30:23.912+0000] {dag.py:4180} INFO - Setting next_dagrun for datalake_ingestion_pipelines to 2026-09-10 10:00:00+00:00, run_after=2026-09-10 11:00:00+00:00
[2026-09-10T10:30:23.931+0000] {processor.py:208} INFO - Processing /opt/airflow/dags/ingestion_pipelines_dag.py took 0.096 seconds
[2026-09-10T10:30:54.116+0000] {processor.py:186} INFO - Started process (PID=749) to work on /opt/airflow/dags/ingestion_pipelines_dag.py
[2026-09-10T10:30:54.117+0000] {processor.py:914} INFO - Processing file /opt/airflow/dags/ingestion_pipelines_dag.py for tasks to queue
[2026-09-10T10:30:54.120+0000] {logging_mixin.py:190} INFO - [2026-09-10T10:30:54.119+0000] {dagbag.py:588} INFO - Filling up the DagBag from /opt/airflow/dags/ingestion_pipelines_dag.py
[2026-09-10T10:30:54.146+0000] {processor.py:925} INFO - DAG(s) 'datalake_ingestion_pipelines' retrieved from /opt/airflow/dags/ingestion_pipelines_dag.py
[2026-09-10T10:30:54.171+0000] {logging_mixin.py:190} INFO - [2026-09-10T10:30:54.170+0000] {dag.py:3239} INFO - Sync 1 DAGs
[2026-09-10T10:30:54.193+0000] {logging_mixin.py:190} INFO - [2026-09-10T10:30:54.193+0000] {dag.py:4180} INFO - Setting next_dagrun for datalake_ingestion_pipelines to 2026-09-10 10:00:00+00:00, run_after=2026-09-10 11:00:00+00:00
[2026-09-10T10:30:54.213+0000] {processor.py:208} INFO - Processing /opt/airflow/dags/ingestion_pipelines_dag.py took 0.102 seconds
[2026-09-10T10:31:24.548+0000] {processor.py:186} INFO - Started process (PID=762) to work on /opt/airflow/dags/ingestion_pipelines_dag.py
[2026-09-10T10:31:24.550+0000] {processor.py:914} INFO - Processing file /opt/airflow/dags/ingestion_pipelines_dag.py for tasks to queue
[2026-09-10T10:31:24.557+0000] {logging_mixin.py:190} INFO - [2026-09-10T10:31:24.556+0000] {dagbag.py:588} INFO - Filling up the DagBag from /opt/airflow/dags/ingestion_pipelines_dag.py
[2026-09-10T10:31:24.604+0000] {processor.py:925} INFO - DAG(s) 'datalake_ingestion_pipelines' retrieved from /opt/airflow/dags/ingestion_pipelines_dag.py
[2026-09-10T10:31:24.662+0000] {logging_mixin.py:190} INFO - [2026-09-10T10:31:24.662+0000] {dag.py:3239} INFO - Sync 1 DAGs
[2026-09-10T10:31:24.722+0000] {logging_mixin.py:190} INFO - [2026-09-10T10:31:24.722+0000] {dag.py:4180} INFO - Setting next_dagrun for datalake_ingestion_pipelines to 2026-09-10 10:00:00+00:00, run_after=2026-09-10 11:00:00+00:00
[2026-09-10T10:31:24.763+0000] {processor.py:208} INFO - Processing /opt/airflow/dags/ingestion_pipelines_dag.py took 0.221 seconds
[2026-09-10T10:31:54.981+0000] {processor.py:186} INFO - Started process (PID=767) to work on /opt/airflow/dags/ingestion_pipelines_dag.py
[2026-09-10T10:31:54.983+0000] {processor.py:914} INFO - Processing file /opt/airflow/dags/ingestion_pipelines_dag.py for tasks to queue
[2026-09-10T10:31:54.987+0000] {logging_mixin.py:190} INFO - [2026-09-10T10:31:54.986+0000] {dagbag.py:588} INFO - Filling up the DagBag from /opt/airflow/dags/ingestion_pipelines_dag.py
[2026-09-10T10:31:55.064+0000] {processor.py:925} INFO - DAG(s) 'datalake_ingestion_pipelines' retrieved from /opt/airflow/dags/ingestion_pipelines_dag.py
[2026-09-10T10:31:55.107+0000] {logging_mixin.py:190} INFO - [2026-09-10T10:31:55.107+0000] {dag.py:3239} INFO - Sync 1 DAGs
[2026-09-10T10:31:55.142+0000] {logging_mixin.py:190} INFO - [2026-09-10T10:31:55.142+0000] {dag.py:4180} INFO - Setting next_dagrun for datalake_ingestion_pipelines to 2026-09-10 10:00:00+00:00, run_after=2026-09-10 11:00:00+00:00
[2026-09-10T10:31:55.173+0000] {processor.py:208} INFO - Processing /opt/airflow/dags/ingestion_pipelines_dag.py took 0.202 seconds
[2026-09-10T10:32:25.567+0000] {processor.py:186} INFO - Started process (PID=780) to work on /opt/airflow/dags/ingestion_pipelines_dag.py
[2026-09-10T10:32:25.568+0000] {processor.py:914} INFO - Processing file /opt/airflow/dags/ingestion_pipelines_dag.py for tasks to queue
[2026-09-10T10:32:25.572+0000] {logging_mixin.py:190} INFO - [2026-09-10T10:32:25.571+0000] {dagbag.py:588} INFO - Filling up the DagBag from /opt/airflow/dags/ingestion_pipelines_dag.py
[2026-09-10T10:32:25.622+0000] {processor.py:925} INFO - DAG(s) 'datalake_ingestion_pipelines' retrieved from /opt/airflow/dags/ingestion_pipelines_dag.py
[2026-09-10T10:32:25.655+0000] {logging_mixin.py:190} INFO - [2026-09-10T10:32:25.654+0000] {dag.py:3239} INFO - Sync 1 DAGs
[2026-09-10T10:32:25.687+0000] {logging_mixin.py:190} INFO - [2026-09-10T10:32:25.687+0000] {dag.py:4180} INFO - Setting next_dagrun for datalake_ingestion_pipelines to 2026-09-10 10:00:00+00:00, run_after=2026-09-10 11:00:00+00:00
[2026-09-10T10:32:25.718+0000] {processor.py:208} INFO - Processing /opt/airflow/dags/ingestion_pipelines_dag.py took 0.162 seconds
[2026-09-10T10:32:55.978+0000] {processor.py:186} INFO - Started process (PID=793) to work on /opt/airflow/dags/ingestion_pipelines_dag.py
[2026-09-10T10:32:55.980+0000] {processor.py:914} INFO - Processing file /opt/airflow/dags/ingestion_pipelines_dag.py for tasks to queue
[2026-09-10T10:32:55.984+0000] {logging_mixin.py:190} INFO - [2026-09-10T10:32:55.983+0000] {dagbag.py:588} INFO - Filling up the DagBag from /opt/airflow/dags/ingestion_pipelines_dag.py
[2026-09-10T10:32:56.022+0000] {processor.py:925} INFO - DAG(s) 'datalake_ingestion_pipelines' retrieved from /opt/airflow/dags/ingestion_pipelines_dag.py
[2026-09-10T10:32:56.067+0000] {logging_mixin.py:190} INFO - [2026-09-10T10:32:56.066+0000] {dag.py:3239} INFO - Sync 1 DAGs
[2026-09-10T10:32:56.102+0000] {logging_mixin.py:190} INFO - [2026-09-10T10:32:56.101+0000] {dag.py:4180} INFO - Setting next_dagrun for datalake_ingestion_pipelines to 2026-09-10 10:00:00+00:00, run_after=2026-09-10 11:00:00+00:00
[2026-09-10T10:32:56.153+0000] {processor.py:208} INFO - Processing /opt/airflow/dags/ingestion_pipelines_dag.py took 0.183 seconds
[2026-09-10T10:33:26.533+0000] {processor.py:186} INFO - Started process (PID=806) to work on /opt/airflow/dags/ingestion_pipelines_dag.py
[2026-09-10T10:33:26.535+0000] {processor.py:914} INFO - Processing file /opt/airflow/dags/ingestion_pipelines_dag.py for tasks to queue
[2026-09-10T10:33:26.538+0000] {logging_mixin.py:190} INFO - [2026-09-10T10:33:26.538+0000] {dagbag.py:588} INFO - Filling up the DagBag from /opt/airflow/dags/ingestion_pipelines_dag.py
[2026-09-10T10:33:26.572+0000] {processor.py:925} INFO - DAG(s) 'datalake_ingestion_pipelines' retrieved from /opt/airflow/dags/ingestion_pipelines_dag.py
[2026-09-10T10:33:26.610+0000] {logging_mixin.py:190} INFO - [2026-09-10T10:33:26.610+0000] {dag.py:3239} INFO - Sync 1 DAGs
[2026-09-10T10:33:26.640+0000] {logging_mixin.py:190} INFO - [2026-09-10T10:33:26.640+0000] {dag.py:4180} INFO - Setting next_dagrun for datalake_ingestion_pipelines to 2026-09-10 10:00:00+00:00, run_after=2026-09-10 11:00:00+00:00
[2026-09-10T10:33:26.680+0000] {processor.py:208} INFO - Processing /opt/airflow/dags/ingestion_pipelines_dag.py took 0.154 seconds
[2026-09-10T10:33:57.022+0000] {processor.py:186} INFO - Started process (PID=819) to work on /opt/airflow/dags/ingestion_pipelines_dag.py
[2026-09-10T10:33:57.024+0000] {processor.py:914} INFO - Processing file /opt/airflow/dags/ingestion_pipelines_dag.py for tasks to queue
[2026-09-10T10:33:57.027+0000] {logging_mixin.py:190} INFO - [2026-09-10T10:33:57.027+0000] {dagbag.py:588} INFO - Filling up the DagBag from /opt/airflow/dags/ingestion_pipelines_dag.py
[2026-09-10T10:33:57.057+0000] {processor.py:925} INFO - DAG(s) 'datalake_ingestion_pipelines' retrieved from /opt/airflow/dags/ingestion_pipelines_dag.py
[2026-09-10T10:33:57.094+0000] {logging_mixin.py:190} INFO - [2026-09-10T10:33:57.093+0000] {dag.py:3239} INFO - Sync 1 DAGs
[2026-09-10T10:33:57.130+0000] {logging_mixin.py:190} INFO - [2026-09-10T10:33:57.130+0000] {dag.py:4180} INFO - Setting next_dagrun for datalake_ingestion_pipelines to 2026-09-10 10:00:00+00:00, run_after=2026-09-10 11:00:00+00:00
[2026-09-10T10:33:57.217+0000] {processor.py:208} INFO - Processing /opt/airflow/dags/ingestion_pipelines_dag.py took 0.202 seconds
[2026-09-10T10:34:27.442+0000] {processor.py:186} INFO - Started process (PID=832) to work on /opt/airflow/dags/ingestion_pipelines_dag.py
[2026-09-10T10:34:27.444+0000] {processor.py:914} INFO - Processing file /opt/airflow/dags/ingestion_pipelines_dag.py for tasks to queue
[2026-09-10T10:34:27.447+0000] {logging_mixin.py:190} INFO - [2026-09-10T10:34:27.447+0000] {dagbag.py:588} INFO - Filling up the DagBag from /opt/airflow/dags/ingestion_pipelines_dag.py
[2026-09-10T10:34:27.490+0000] {processor.py:925} INFO - DAG(s) 'datalake_ingestion_pipelines' retrieved from /opt/airflow/dags/ingestion_pipelines_dag.py
[2026-09-10T10:34:27.529+0000] {logging_mixin.py:190} INFO - [2026-09-10T10:34:27.529+0000] {dag.py:3239} INFO - Sync 1 DAGs
[2026-09-10T10:34:27.563+0000] {logging_mixin.py:190} INFO - [2026-09-10T10:34:27.562+0000] {dag.py:4180} INFO - Setting next_dagrun for datalake_ingestion_pipelines to 2026-09-10 10:00:00+00:00, run_after=2026-09-10 11:00:00+00:00
[2026-09-10T10:34:27.644+0000] {processor.py:208} INFO - Processing /opt/airflow/dags/ingestion_pipelines_dag.py took 0.210 seconds
[2026-09-10T10:34:58.037+0000] {processor.py:186} INFO - Started process (PID=845) to work on /opt/airflow/dags/ingestion_pipelines_dag.py
[2026-09-10T10:34:58.038+0000] {processor.py:914} INFO - Processing file /opt/airflow/dags/ingestion_pipelines_dag.py for tasks to queue
[2026-09-10T10:34:58.041+0000] {logging_mixin.py:190} INFO - [2026-09-10T10:34:58.041+0000] {dagbag.py:588} INFO - Filling up the DagBag from /opt/airflow/dags/ingestion_pipelines_dag.py
[2026-09-10T10:34:58.077+0000] {processor.py:925} INFO - DAG(s) 'datalake_ingestion_pipelines' retrieved from /opt/airflow/dags/ingestion_pipelines_dag.py
[2026-09-10T10:34:58.111+0000] {logging_mixin.py:190} INFO - [2026-09-10T10:34:58.111+0000] {dag.py:3239} INFO - Sync 1 DAGs
[2026-09-10T10:34:58.143+0000] {logging_mixin.py:190} INFO - [2026-09-10T10:34:58.143+0000] {dag.py:4180} INFO - Setting next_dagrun for datalake_ingestion_pipelines to 2026-09-10 10:00:00+00:00, run_after=2026-09-10 11:00:00+00:00
[2026-09-10T10:34:58.178+0000] {processor.py:208} INFO - Processing /opt/airflow/dags/ingestion_pipelines_dag.py took 0.147 seconds
[2026-09-10T10:35:28.421+0000] {processor.py:186} INFO - Started process (PID=858) to work on /opt/airflow/dags/ingestion_pipelines_dag.py
[2026-09-10T10:35:28.423+0000] {processor.py:914} INFO - Processing file /opt/airflow/dags/ingestion_pipelines_dag.py for tasks to queue
[2026-09-10T10:35:28.426+0000] {logging_mixin.py:190} INFO - [2026-09-10T10:35:28.426+0000] {dagbag.py:588} INFO - Filling up the DagBag from /opt/airflow/dags/ingestion_pipelines_dag.py
[2026-09-10T10:35:28.475+0000] {processor.py:925} INFO - DAG(s) 'datalake_ingestion_pipelines' retrieved from /opt/airflow/dags/ingestion_pipelines_dag.py
[2026-09-10T10:35:28.515+0000] {logging_mixin.py:190} INFO - [2026-09-10T10:35:28.515+0000] {dag.py:3239} INFO - Sync 1 DAGs
[2026-09-10T10:35:28.542+0000] {logging_mixin.py:190} INFO - [2026-09-10T10:35:28.542+0000] {dag.py:4180} INFO - Setting next_dagrun for datalake_ingestion_pipelines to 2026-09-10 10:00:00+00:00, run_after=2026-09-10 11:00:00+00:00
[2026-09-10T10:35:28.632+0000] {processor.py:208} INFO - Processing /opt/airflow/dags/ingestion_pipelines_dag.py took 0.219 seconds
[2026-09-10T10:35:58.912+0000] {processor.py:186} INFO - Started process (PID=871) to work on /opt/airflow/dags/ingestion_pipelines_dag.py
[2026-09-10T10:35:58.913+0000] {processor.py:914} INFO - Processing file /opt/airflow/dags/ingestion_pipelines_dag.py for tasks to queue
[2026-09-10T10:35:58.916+0000] {logging_mixin.py:190} INFO - [2026-09-10T10:35:58.916+0000] {dagbag.py:588} INFO - Filling up the DagBag from /opt/airflow/dags/ingestion_pipelines_dag.py
[2026-09-10T10:35:58.948+0000] {processor.py:925} INFO - DAG(s) 'datalake_ingestion_pipelines' retrieved from /opt/airflow/dags/ingestion_pipelines_dag.py
[2026-09-10T10:35:58.984+0000] {logging_mixin.py:190} INFO - [2026-09-10T10:35:58.984+0000] {dag.py:3239} INFO - Sync 1 DAGs
[2026-09-10T10:35:59.019+0000] {logging_mixin.py:190} INFO - [2026-09-10T10:35:59.019+0000] {dag.py:4180} INFO - Setting next_dagrun for datalake_ingestion_pipelines to 2026-09-10 10:00:00+00:00, run_after=2026-09-10 11:00:00+00:00
[2026-09-10T10:35:59.048+0000] {processor.py:208} INFO - Processing /opt/airflow/dags/ingestion_pipelines_dag.py took 0.143 seconds
[2026-09-10T10:36:29.435+0000] {processor.py:186} INFO - Started process (PID=884) to work on /opt/airflow/dags/ingestion_pipelines_dag.py
[2026-09-10T10:36:29.437+0000] {processor.py:914} INFO - Processing file /opt/airflow/dags/ingestion_pipelines_dag.py for tasks to queue
[2026-09-10T10:36:29.440+0000] {logging_mixin.py:190} INFO - [2026-09-10T10:36:29.440+0000] {dagbag.py:588} INFO - Filling up the DagBag from /opt/airflow/dags/ingestion_pipelines_dag.py
[2026-09-10T10:36:29.479+0000] {processor.py:925} INFO - DAG(s) 'datalake_ingestion_pipelines' retrieved from /opt/airflow/dags/ingestion_pipelines_dag.py
[2026-09-10T10:36:29.520+0000] {logging_mixin.py:190} INFO - [2026-09-10T10:36:29.520+0000] {dag.py:3239} INFO - Sync 1 DAGs
[2026-09-10T10:36:29.560+0000] {logging_mixin.py:190} INFO - [2026-09-10T10:36:29.559+0000] {dag.py:4180} INFO - Setting next_dagrun for datalake_ingestion_pipelines to 2026-09-10 10:00:00+00:00, run_after=2026-09-10 11:00:00+00:00
[2026-09-10T10:36:29.629+0000] {processor.py:208} INFO - Processing /opt/airflow/dags/ingestion_pipelines_dag.py took 0.202 seconds
[2026-09-10T10:36:59.913+0000] {processor.py:186} INFO - Started process (PID=896) to work on /opt/airflow/dags/ingestion_pipelines_dag.py
[2026-09-10T10:36:59.915+0000] {processor.py:914} INFO - Processing file /opt/airflow/dags/ingestion_pipelines_dag.py for tasks to queue
[2026-09-10T10:36:59.918+0000] {logging_mixin.py:190} INFO - [2026-09-10T10:36:59.917+0000] {dagbag.py:588} INFO - Filling up the DagBag from /opt/airflow/dags/ingestion_pipelines_dag.py
[2026-09-10T10:36:59.956+0000] {processor.py:925} INFO - DAG(s) 'datalake_ingestion_pipelines' retrieved from /opt/airflow/dags/ingestion_pipelines_dag.py
[2026-09-10T10:37:00.005+0000] {logging_mixin.py:190} INFO - [2026-09-10T10:37:00.005+0000] {dag.py:3239} INFO - Sync 1 DAGs
[2026-09-10T10:37:00.070+0000] {logging_mixin.py:190} INFO - [2026-09-10T10:37:00.070+0000] {dag.py:4180} INFO - Setting next_dagrun for datalake_ingestion_pipelines to 2026-09-10 10:00:00+00:00, run_after=2026-09-10 11:00:00+00:00
[2026-09-10T10:37:00.107+0000] {processor.py:208} INFO - Processing /opt/airflow/dags/ingestion_pipelines_dag.py took 0.203 seconds
[2026-09-10T10:37:30.394+0000] {processor.py:186} INFO - Started process (PID=902) to work on /opt/airflow/dags/ingestion_pipelines_dag.py
[2026-09-10T10:37:30.396+0000] {processor.py:914} INFO - Processing file /opt/airflow/dags/ingestion_pipelines_dag.py for tasks to queue
[2026-09-10T10:37:30.402+0000] {logging_mixin.py:190} INFO - [2026-09-10T10:37:30.401+0000] {dagbag.py:588} INFO - Filling up the DagBag from /opt/airflow/dags/ingestion_pipelines_dag.py
[2026-09-10T10:37:30.462+0000] {processor.py:925} INFO - DAG(s) 'datalake_ingestion_pipelines' retrieved from /opt/airflow/dags/ingestion_pipelines_dag.py
[2026-09-10T10:37:30.501+0000] {logging_mixin.py:190} INFO - [2026-09-10T10:37:30.501+0000] {dag.py:3239} INFO - Sync 1 DAGs
[2026-09-10T10:37:30.534+0000] {logging_mixin.py:190} INFO - [2026-09-10T10:37:30.534+0000] {dag.py:4180} INFO - Setting next_dagrun for datalake_ingestion_pipelines to 2026-09-10 10:00:00+00:00, run_after=2026-09-10 11:00:00+00:00
[2026-09-10T10:37:30.568+0000] {processor.py:208} INFO - Processing /opt/airflow/dags/ingestion_pipelines_dag.py took 0.182 seconds
[2026-09-10T10:38:00.856+0000] {processor.py:186} INFO - Started process (PID=915) to work on /opt/airflow/dags/ingestion_pipelines_dag.py
[2026-09-10T10:38:00.859+0000] {processor.py:914} INFO - Processing file /opt/airflow/dags/ingestion_pipelines_dag.py for tasks to queue
[2026-09-10T10:38:00.869+0000] {logging_mixin.py:190} INFO - [2026-09-10T10:38:00.868+0000] {dagbag.py:588} INFO - Filling up the DagBag from /opt/airflow/dags/ingestion_pipelines_dag.py
[2026-09-10T10:38:00.934+0000] {processor.py:925} INFO - DAG(s) 'datalake_ingestion_pipelines' retrieved from /opt/airflow/dags/ingestion_pipelines_dag.py
[2026-09-10T10:38:00.978+0000] {logging_mixin.py:190} INFO - [2026-09-10T10:38:00.978+0000] {dag.py:3239} INFO - Sync 1 DAGs
[2026-09-10T10:38:01.019+0000] {logging_mixin.py:190} INFO - [2026-09-10T10:38:01.018+0000] {dag.py:4180} INFO - Setting next_dagrun for datalake_ingestion_pipelines to 2026-09-10 10:00:00+00:00, run_after=2026-09-10 11:00:00+00:00
[2026-09-10T10:38:01.055+0000] {processor.py:208} INFO - Processing /opt/airflow/dags/ingestion_pipelines_dag.py took 0.216 seconds
[2026-09-10T10:38:31.411+0000] {processor.py:186} INFO - Started process (PID=928) to work on /opt/airflow/dags/ingestion_pipelines_dag.py
[2026-09-10T10:38:31.413+0000] {processor.py:914} INFO - Processing file /opt/airflow/dags/ingestion_pipelines_dag.py for tasks to queue
[2026-09-10T10:38:31.417+0000] {logging_mixin.py:190} INFO - [2026-09-10T10:38:31.417+0000] {dagbag.py:588} INFO - Filling up the DagBag from /opt/airflow/dags/ingestion_pipelines_dag.py
[2026-09-10T10:38:31.457+0000] {processor.py:925} INFO - DAG(s) 'datalake_ingestion_pipelines' retrieved from /opt/airflow/dags/ingestion_pipelines_dag.py
[2026-09-10T10:38:31.503+0000] {logging_mixin.py:190} INFO - [2026-09-10T10:38:31.503+0000] {dag.py:3239} INFO - Sync 1 DAGs
[2026-09-10T10:38:31.546+0000] {logging_mixin.py:190} INFO - [2026-09-10T10:38:31.546+0000] {dag.py:4180} INFO - Setting next_dagrun for datalake_ingestion_pipelines to 2026-09-10 10:00:00+00:00, run_after=2026-09-10 11:00:00+00:00
[2026-09-10T10:38:31.647+0000] {processor.py:208} INFO - Processing /opt/airflow/dags/ingestion_pipelines_dag.py took 0.244 seconds
[2026-09-10T10:39:01.938+0000] {processor.py:186} INFO - Started process (PID=941) to work on /opt/airflow/dags/ingestion_pipelines_dag.py
[2026-09-10T10:39:01.941+0000] {processor.py:914} INFO - Processing file /opt/airflow/dags/ingestion_pipelines_dag.py for tasks to queue
[2026-09-10T10:39:01.948+0000] {logging_mixin.py:190} INFO - [2026-09-10T10:39:01.947+0000] {dagbag.py:588} INFO - Filling up the DagBag from /opt/airflow/dags/ingestion_pipelines_dag.py
[2026-09-10T10:39:02.011+0000] {processor.py:925} INFO - DAG(s) 'datalake_ingestion_pipelines' retrieved from /opt/airflow/dags/ingestion_pipelines_dag.py
[2026-09-10T10:39:02.056+0000] {logging_mixin.py:190} INFO - [2026-09-10T10:39:02.056+0000] {dag.py:3239} INFO - Sync 1 DAGs
[2026-09-10T10:39:02.093+0000] {logging_mixin.py:190} INFO - [2026-09-10T10:39:02.092+0000] {dag.py:4180} INFO - Setting next_dagrun for datalake_ingestion_pipelines to 2026-09-10 10:00:00+00:00, run_after=2026-09-10 11:00:00+00:00
[2026-09-10T10:39:02.143+0000] {processor.py:208} INFO - Processing /opt/airflow/dags/ingestion_pipelines_dag.py took 0.217 seconds
[2026-09-10T10:39:32.608+0000] {processor.py:186} INFO - Started process (PID=954) to work on /opt/airflow/dags/ingestion_pipelines_dag.py
[2026-09-10T10:39:32.611+0000] {processor.py:914} INFO - Processing file /opt/airflow/dags/ingestion_pipelines_dag.py for tasks to queue
[2026-09-10T10:39:32.621+0000] {logging_mixin.py:190} INFO - [2026-09-10T10:39:32.620+0000] {dagbag.py:588} INFO - Filling up the DagBag from /opt/airflow/dags/ingestion_pipelines_dag.py
[2026-09-10T10:39:32.684+0000] {processor.py:925} INFO - DAG(s) 'datalake_ingestion_pipelines' retrieved from /opt/airflow/dags/ingestion_pipelines_dag.py
[2026-09-10T10:39:32.748+0000] {logging_mixin.py:190} INFO - [2026-09-10T10:39:32.748+0000] {dag.py:3239} INFO - Sync 1 DAGs
[2026-09-10T10:39:32.792+0000] {logging_mixin.py:190} INFO - [2026-09-10T10:39:32.792+0000] {dag.py:4180} INFO - Setting next_dagrun for datalake_ingestion_pipelines to 2026-09-10 10:00:00+00:00, run_after=2026-09-10 11:00:00+00:00
[2026-09-10T10:39:32.819+0000] {processor.py:208} INFO - Processing /opt/airflow/dags/ingestion_pipelines_dag.py took 0.222 seconds
[2026-09-10T10:40:02.975+0000] {processor.py:186} INFO - Started process (PID=967) to work on /opt/airflow/dags/ingestion_pipelines_dag.py
[2026-09-10T10:40:02.978+0000] {processor.py:914} INFO - Processing file /opt/airflow/dags/ingestion_pipelines_dag.py for tasks to queue
[2026-09-10T10:40:02.983+0000] {logging_mixin.py:190} INFO - [2026-09-10T10:40:02.982+0000] {dagbag.py:588} INFO - Filling up the DagBag from /opt/airflow/dags/ingestion_pipelines_dag.py
[2026-09-10T10:40:03.032+0000] {processor.py:925} INFO - DAG(s) 'datalake_ingestion_pipelines' retrieved from /opt/airflow/dags/ingestion_pipelines_dag.py
[2026-09-10T10:40:03.094+0000] {logging_mixin.py:190} INFO - [2026-09-10T10:40:03.093+0000] {dag.py:3239} INFO - Sync 1 DAGs
[2026-09-10T10:40:03.139+0000] {logging_mixin.py:190} INFO - [2026-09-10T10:40:03.138+0000] {dag.py:4180} INFO - Setting next_dagrun for datalake_ingestion_pipelines to 2026-09-10 10:00:00+00:00, run_after=2026-09-10 11:00:00+00:00
[2026-09-10T10:40:03.180+0000] {processor.py:208} INFO - Processing /opt/airflow/dags/ingestion_pipelines_dag.py took 0.215 seconds
[2026-09-10T10:40:33.536+0000] {processor.py:186} INFO - Started process (PID=980) to work on /opt/airflow/dags/ingestion_pipelines_dag.py
[2026-09-10T10:40:33.539+0000] {processor.py:914} INFO - Processing file /opt/airflow/dags/ingestion_pipelines_dag.py for tasks to queue
[2026-09-10T10:40:33.546+0000] {logging_mixin.py:190} INFO - [2026-09-10T10:40:33.546+0000] {dagbag.py:588} INFO - Filling up the DagBag from /opt/airflow/dags/ingestion_pipelines_dag.py
[2026-09-10T10:40:33.584+0000] {processor.py:925} INFO - DAG(s) 'datalake_ingestion_pipelines' retrieved from /opt/airflow/dags/ingestion_pipelines_dag.py
[2026-09-10T10:40:33.621+0000] {logging_mixin.py:190} INFO - [2026-09-10T10:40:33.620+0000] {dag.py:3239} INFO - Sync 1 DAGs
[2026-09-10T10:40:33.653+0000] {logging_mixin.py:190} INFO - [2026-09-10T10:40:33.653+0000] {dag.py:4180} INFO - Setting next_dagrun for datalake_ingestion_pipelines to 2026-09-10 10:00:00+00:00, run_after=2026-09-10 11:00:00+00:00
[2026-09-10T10:40:33.683+0000] {processor.py:208} INFO - Processing /opt/airflow/dags/ingestion_pipelines_dag.py took 0.156 seconds
[2026-09-10T10:41:03.871+0000] {processor.py:186} INFO - Started process (PID=993) to work on /opt/airflow/dags/ingestion_pipelines_dag.py
[2026-09-10T10:41:03.872+0000] {processor.py:914} INFO - Processing file /opt/airflow/dags/ingestion_pipelines_dag.py for tasks to queue
[2026-09-10T10:41:03.874+0000] {logging_mixin.py:190} INFO - [2026-09-10T10:41:03.874+0000] {dagbag.py:588} INFO - Filling up the DagBag from /opt/airflow/dags/ingestion_pipelines_dag.py
[2026-09-10T10:41:03.898+0000] {processor.py:925} INFO - DAG(s) 'datalake_ingestion_pipelines' retrieved from /opt/airflow/dags/ingestion_pipelines_dag.py
[2026-09-10T10:41:03.926+0000] {logging_mixin.py:190} INFO - [2026-09-10T10:41:03.925+0000] {dag.py:3239} INFO - Sync 1 DAGs
[2026-09-10T10:41:03.951+0000] {logging_mixin.py:190} INFO - [2026-09-10T10:41:03.951+0000] {dag.py:4180} INFO - Setting next_dagrun for datalake_ingestion_pipelines to 2026-09-10 10:00:00+00:00, run_after=2026-09-10 11:00:00+00:00
[2026-09-10T10:41:03.971+0000] {processor.py:208} INFO - Processing /opt/airflow/dags/ingestion_pipelines_dag.py took 0.106 seconds
[2026-09-10T10:41:34.129+0000] {processor.py:186} INFO - Started process (PID=1006) to work on /opt/airflow/dags/ingestion_pipelines_dag.py
[2026-09-10T10:41:34.131+0000] {processor.py:914} INFO - Processing file /opt/airflow/dags/ingestion_pipelines_dag.py for tasks to queue
[2026-09-10T10:41:34.133+0000] {logging_mixin.py:190} INFO - [2026-09-10T10:41:34.133+0000] {dagbag.py:588} INFO - Filling up the DagBag from /opt/airflow/dags/ingestion_pipelines_dag.py
[2026-09-10T10:41:34.160+0000] {processor.py:925} INFO - DAG(s) 'datalake_ingestion_pipelines' retrieved from /opt/airflow/dags/ingestion_pipelines_dag.py
[2026-09-10T10:41:34.187+0000] {logging_mixin.py:190} INFO - [2026-09-10T10:41:34.187+0000] {dag.py:3239} INFO - Sync 1 DAGs
[2026-09-10T10:41:36.551+0000] {logging_mixin.py:190} INFO - [2026-09-10T10:41:36.551+0000] {dag.py:4180} INFO - Setting next_dagrun for datalake_ingestion_pipelines to 2026-09-10 10:00:00+00:00, run_after=2026-09-10 11:00:00+00:00
[2026-09-10T10:41:36.574+0000] {processor.py:208} INFO - Processing /opt/airflow/dags/ingestion_pipelines_dag.py took 2.451 seconds
[2026-09-10T10:42:06.871+0000] {processor.py:186} INFO - Started process (PID=1020) to work on /opt/airflow/dags/ingestion_pipelines_dag.py
[2026-09-10T10:42:06.872+0000] {processor.py:914} INFO - Processing file /opt/airflow/dags/ingestion_pipelines_dag.py for tasks to queue
[2026-09-10T10:42:06.875+0000] {logging_mixin.py:190} INFO - [2026-09-10T10:42:06.875+0000] {dagbag.py:588} INFO - Filling up the DagBag from /opt/airflow/dags/ingestion_pipelines_dag.py
[2026-09-10T10:42:06.905+0000] {processor.py:925} INFO - DAG(s) 'datalake_ingestion_pipelines' retrieved from /opt/airflow/dags/ingestion_pipelines_dag.py
[2026-09-10T10:42:06.931+0000] {logging_mixin.py:190} INFO - [2026-09-10T10:42:06.931+0000] {dag.py:3239} INFO - Sync 1 DAGs
[2026-09-10T10:42:06.952+0000] {logging_mixin.py:190} INFO - [2026-09-10T10:42:06.952+0000] {dag.py:4180} INFO - Setting next_dagrun for datalake_ingestion_pipelines to 2026-09-10 10:00:00+00:00, run_after=2026-09-10 11:00:00+00:00
[2026-09-10T10:42:06.970+0000] {processor.py:208} INFO - Processing /opt/airflow/dags/ingestion_pipelines_dag.py took 0.107 seconds
[2026-09-10T10:42:37.292+0000] {processor.py:186} INFO - Started process (PID=1033) to work on /opt/airflow/dags/ingestion_pipelines_dag.py
[2026-09-10T10:42:37.297+0000] {processor.py:914} INFO - Processing file /opt/airflow/dags/ingestion_pipelines_dag.py for tasks to queue
[2026-09-10T10:42:37.336+0000] {logging_mixin.py:190} INFO - [2026-09-10T10:42:37.334+0000] {dagbag.py:588} INFO - Filling up the DagBag from /opt/airflow/dags/ingestion_pipelines_dag.py
[2026-09-10T10:42:37.627+0000] {processor.py:925} INFO - DAG(s) 'datalake_ingestion_pipelines' retrieved from /opt/airflow/dags/ingestion_pipelines_dag.py
[2026-09-10T10:42:37.942+0000] {logging_mixin.py:190} INFO - [2026-09-10T10:42:37.941+0000] {dag.py:3239} INFO - Sync 1 DAGs
[2026-09-10T10:42:38.134+0000] {logging_mixin.py:190} INFO - [2026-09-10T10:42:38.133+0000] {dag.py:4180} INFO - Setting next_dagrun for datalake_ingestion_pipelines to 2026-09-10 10:00:00+00:00, run_after=2026-09-10 11:00:00+00:00
[2026-09-10T10:42:38.346+0000] {processor.py:208} INFO - Processing /opt/airflow/dags/ingestion_pipelines_dag.py took 1.113 seconds
[2026-09-10T10:43:08.681+0000] {processor.py:186} INFO - Started process (PID=1045) to work on /opt/airflow/dags/ingestion_pipelines_dag.py
[2026-09-10T10:43:08.683+0000] {processor.py:914} INFO - Processing file /opt/airflow/dags/ingestion_pipelines_dag.py for tasks to queue
[2026-09-10T10:43:08.686+0000] {logging_mixin.py:190} INFO - [2026-09-10T10:43:08.686+0000] {dagbag.py:588} INFO - Filling up the DagBag from /opt/airflow/dags/ingestion_pipelines_dag.py
[2026-09-10T10:43:08.729+0000] {processor.py:925} INFO - DAG(s) 'datalake_ingestion_pipelines' retrieved from /opt/airflow/dags/ingestion_pipelines_dag.py
[2026-09-10T10:43:08.781+0000] {logging_mixin.py:190} INFO - [2026-09-10T10:43:08.781+0000] {dag.py:3239} INFO - Sync 1 DAGs
[2026-09-10T10:43:08.818+0000] {logging_mixin.py:190} INFO - [2026-09-10T10:43:08.818+0000] {dag.py:4180} INFO - Setting next_dagrun for datalake_ingestion_pipelines to 2026-09-10 10:00:00+00:00, run_after=2026-09-10 11:00:00+00:00
[2026-09-10T10:43:08.850+0000] {processor.py:208} INFO - Processing /opt/airflow/dags/ingestion_pipelines_dag.py took 0.183 seconds
[2026-09-10T10:43:38.989+0000] {processor.py:186} INFO - Started process (PID=1051) to work on /opt/airflow/dags/ingestion_pipelines_dag.py
[2026-09-10T10:43:38.992+0000] {processor.py:914} INFO - Processing file /opt/airflow/dags/ingestion_pipelines_dag.py for tasks to queue
[2026-09-10T10:43:38.994+0000] {logging_mixin.py:190} INFO - [2026-09-10T10:43:38.994+0000] {dagbag.py:588} INFO - Filling up the DagBag from /opt/airflow/dags/ingestion_pipelines_dag.py
[2026-09-10T10:43:39.022+0000] {processor.py:925} INFO - DAG(s) 'datalake_ingestion_pipelines' retrieved from /opt/airflow/dags/ingestion_pipelines_dag.py
[2026-09-10T10:43:39.049+0000] {logging_mixin.py:190} INFO - [2026-09-10T10:43:39.049+0000] {dag.py:3239} INFO - Sync 1 DAGs
[2026-09-10T10:43:39.073+0000] {logging_mixin.py:190} INFO - [2026-09-10T10:43:39.073+0000] {dag.py:4180} INFO - Setting next_dagrun for datalake_ingestion_pipelines to 2026-09-10 10:00:00+00:00, run_after=2026-09-10 11:00:00+00:00
[2026-09-10T10:43:39.098+0000] {processor.py:208} INFO - Processing /opt/airflow/dags/ingestion_pipelines_dag.py took 0.115 seconds
[2026-09-10T10:44:09.342+0000] {processor.py:186} INFO - Started process (PID=1063) to work on /opt/airflow/dags/ingestion_pipelines_dag.py
[2026-09-10T10:44:09.343+0000] {processor.py:914} INFO - Processing file /opt/airflow/dags/ingestion_pipelines_dag.py for tasks to queue
[2026-09-10T10:44:09.346+0000] {logging_mixin.py:190} INFO - [2026-09-10T10:44:09.346+0000] {dagbag.py:588} INFO - Filling up the DagBag from /opt/airflow/dags/ingestion_pipelines_dag.py
[2026-09-10T10:44:09.372+0000] {processor.py:925} INFO - DAG(s) 'datalake_ingestion_pipelines' retrieved from /opt/airflow/dags/ingestion_pipelines_dag.py
[2026-09-10T10:44:09.404+0000] {logging_mixin.py:190} INFO - [2026-09-10T10:44:09.404+0000] {dag.py:3239} INFO - Sync 1 DAGs
[2026-09-10T10:44:09.429+0000] {logging_mixin.py:190} INFO - [2026-09-10T10:44:09.429+0000] {dag.py:4180} INFO - Setting next_dagrun for datalake_ingestion_pipelines to 2026-09-10 10:00:00+00:00, run_after=2026-09-10 11:00:00+00:00
[2026-09-10T10:44:09.450+0000] {processor.py:208} INFO - Processing /opt/airflow/dags/ingestion_pipelines_dag.py took 0.115 seconds
[2026-09-10T10:44:39.703+0000] {processor.py:186} INFO - Started process (PID=1076) to work on /opt/airflow/dags/ingestion_pipelines_dag.py
[2026-09-10T10:44:39.704+0000] {processor.py:914} INFO - Processing file /opt/airflow/dags/ingestion_pipelines_dag.py for tasks to queue
[2026-09-10T10:44:39.707+0000] {logging_mixin.py:190} INFO - [2026-09-10T10:44:39.706+0000] {dagbag.py:588} INFO - Filling up the DagBag from /opt/airflow/dags/ingestion_pipelines_dag.py
[2026-09-10T10:44:39.732+0000] {processor.py:925} INFO - DAG(s) 'datalake_ingestion_pipelines' retrieved from /opt/airflow/dags/ingestion_pipelines_dag.py
[2026-09-10T10:44:39.757+0000] {logging_mixin.py:190} INFO - [2026-09-10T10:44:39.757+0000] {dag.py:3239} INFO - Sync 1 DAGs
[2026-09-10T10:44:39.778+0000] {logging_mixin.py:190} INFO - [2026-09-10T10:44:39.778+0000] {dag.py:4180} INFO - Setting next_dagrun for datalake_ingestion_pipelines to 2026-09-10 10:00:00+00:00, run_after=2026-09-10 11:00:00+00:00
[2026-09-10T10:44:39.798+0000] {processor.py:208} INFO - Processing /opt/airflow/dags/ingestion_pipelines_dag.py took 0.102 seconds
[2026-09-10T10:45:10.136+0000] {processor.py:186} INFO - Started process (PID=1089) to work on /opt/airflow/dags/ingestion_pipelines_dag.py
[2026-09-10T10:45:10.137+0000] {processor.py:914} INFO - Processing file /opt/airflow/dags/ingestion_pipelines_dag.py for tasks to queue
[2026-09-10T10:45:10.141+0000] {logging_mixin.py:190} INFO - [2026-09-10T10:45:10.140+0000] {dagbag.py:588} INFO - Filling up the DagBag from /opt/airflow/dags/ingestion_pipelines_dag.py
[2026-09-10T10:45:10.177+0000] {processor.py:925} INFO - DAG(s) 'datalake_ingestion_pipelines' retrieved from /opt/airflow/dags/ingestion_pipelines_dag.py
[2026-09-10T10:45:10.223+0000] {logging_mixin.py:190} INFO - [2026-09-10T10:45:10.223+0000] {dag.py:3239} INFO - Sync 1 DAGs
[2026-09-10T10:45:10.271+0000] {logging_mixin.py:190} INFO - [2026-09-10T10:45:10.271+0000] {dag.py:4180} INFO - Setting next_dagrun for datalake_ingestion_pipelines to 2026-09-10 10:00:00+00:00, run_after=2026-09-10 11:00:00+00:00
[2026-09-10T10:45:10.310+0000] {processor.py:208} INFO - Processing /opt/airflow/dags/ingestion_pipelines_dag.py took 0.183 seconds
[2026-09-10T10:45:40.439+0000] {processor.py:186} INFO - Started process (PID=1102) to work on /opt/airflow/dags/ingestion_pipelines_dag.py
[2026-09-10T10:45:40.441+0000] {processor.py:914} INFO - Processing file /opt/airflow/dags/ingestion_pipelines_dag.py for tasks to queue
[2026-09-10T10:45:40.444+0000] {logging_mixin.py:190} INFO - [2026-09-10T10:45:40.444+0000] {dagbag.py:588} INFO - Filling up the DagBag from /opt/airflow/dags/ingestion_pipelines_dag.py
[2026-09-10T10:45:40.475+0000] {processor.py:925} INFO - DAG(s) 'datalake_ingestion_pipelines' retrieved from /opt/airflow/dags/ingestion_pipelines_dag.py
[2026-09-10T10:45:40.507+0000] {logging_mixin.py:190} INFO - [2026-09-10T10:45:40.506+0000] {dag.py:3239} INFO - Sync 1 DAGs
[2026-09-10T10:45:40.531+0000] {logging_mixin.py:190} INFO - [2026-09-10T10:45:40.530+0000] {dag.py:4180} INFO - Setting next_dagrun for datalake_ingestion_pipelines to 2026-09-10 10:00:00+00:00, run_after=2026-09-10 11:00:00+00:00
[2026-09-10T10:45:40.554+0000] {processor.py:208} INFO - Processing /opt/airflow/dags/ingestion_pipelines_dag.py took 0.128 seconds
[2026-09-10T10:46:10.711+0000] {processor.py:186} INFO - Started process (PID=1115) to work on /opt/airflow/dags/ingestion_pipelines_dag.py
[2026-09-10T10:46:10.713+0000] {processor.py:914} INFO - Processing file /opt/airflow/dags/ingestion_pipelines_dag.py for tasks to queue
[2026-09-10T10:46:10.715+0000] {logging_mixin.py:190} INFO - [2026-09-10T10:46:10.715+0000] {dagbag.py:588} INFO - Filling up the DagBag from /opt/airflow/dags/ingestion_pipelines_dag.py
[2026-09-10T10:46:10.749+0000] {processor.py:925} INFO - DAG(s) 'datalake_ingestion_pipelines' retrieved from /opt/airflow/dags/ingestion_pipelines_dag.py
[2026-09-10T10:46:10.777+0000] {logging_mixin.py:190} INFO - [2026-09-10T10:46:10.777+0000] {dag.py:3239} INFO - Sync 1 DAGs
[2026-09-10T10:46:10.804+0000] {logging_mixin.py:190} INFO - [2026-09-10T10:46:10.804+0000] {dag.py:4180} INFO - Setting next_dagrun for datalake_ingestion_pipelines to 2026-09-10 10:00:00+00:00, run_after=2026-09-10 11:00:00+00:00
[2026-09-10T10:46:10.827+0000] {processor.py:208} INFO - Processing /opt/airflow/dags/ingestion_pipelines_dag.py took 0.121 seconds
[2026-09-10T10:46:41.055+0000] {processor.py:186} INFO - Started process (PID=1128) to work on /opt/airflow/dags/ingestion_pipelines_dag.py
[2026-09-10T10:46:41.056+0000] {processor.py:914} INFO - Processing file /opt/airflow/dags/ingestion_pipelines_dag.py for tasks to queue
[2026-09-10T10:46:41.059+0000] {logging_mixin.py:190} INFO - [2026-09-10T10:46:41.058+0000] {dagbag.py:588} INFO - Filling up the DagBag from /opt/airflow/dags/ingestion_pipelines_dag.py
[2026-09-10T10:46:41.103+0000] {processor.py:925} INFO - DAG(s) 'datalake_ingestion_pipelines' retrieved from /opt/airflow/dags/ingestion_pipelines_dag.py
[2026-09-10T10:46:41.128+0000] {logging_mixin.py:190} INFO - [2026-09-10T10:46:41.128+0000] {dag.py:3239} INFO - Sync 1 DAGs
[2026-09-10T10:46:41.545+0000] {logging_mixin.py:190} INFO - [2026-09-10T10:46:41.545+0000] {dag.py:4180} INFO - Setting next_dagrun for datalake_ingestion_pipelines to 2026-09-10 10:00:00+00:00, run_after=2026-09-10 11:00:00+00:00
[2026-09-10T10:46:41.565+0000] {processor.py:208} INFO - Processing /opt/airflow/dags/ingestion_pipelines_dag.py took 0.517 seconds
[2026-09-10T10:47:11.913+0000] {processor.py:186} INFO - Started process (PID=1141) to work on /opt/airflow/dags/ingestion_pipelines_dag.py
[2026-09-10T10:47:11.915+0000] {processor.py:914} INFO - Processing file /opt/airflow/dags/ingestion_pipelines_dag.py for tasks to queue
[2026-09-10T10:47:11.918+0000] {logging_mixin.py:190} INFO - [2026-09-10T10:47:11.918+0000] {dagbag.py:588} INFO - Filling up the DagBag from /opt/airflow/dags/ingestion_pipelines_dag.py
[2026-09-10T10:47:11.950+0000] {processor.py:925} INFO - DAG(s) 'datalake_ingestion_pipelines' retrieved from /opt/airflow/dags/ingestion_pipelines_dag.py
[2026-09-10T10:47:11.983+0000] {logging_mixin.py:190} INFO - [2026-09-10T10:47:11.983+0000] {dag.py:3239} INFO - Sync 1 DAGs
[2026-09-10T10:47:12.008+0000] {logging_mixin.py:190} INFO - [2026-09-10T10:47:12.008+0000] {dag.py:4180} INFO - Setting next_dagrun for datalake_ingestion_pipelines to 2026-09-10 10:00:00+00:00, run_after=2026-09-10 11:00:00+00:00
[2026-09-10T10:47:12.028+0000] {processor.py:208} INFO - Processing /opt/airflow/dags/ingestion_pipelines_dag.py took 0.126 seconds
[2026-09-10T10:47:42.223+0000] {processor.py:186} INFO - Started process (PID=1154) to work on /opt/airflow/dags/ingestion_pipelines_dag.py
[2026-09-10T10:47:42.224+0000] {processor.py:914} INFO - Processing file /opt/airflow/dags/ingestion_pipelines_dag.py for tasks to queue
[2026-09-10T10:47:42.226+0000] {logging_mixin.py:190} INFO - [2026-09-10T10:47:42.226+0000] {dagbag.py:588} INFO - Filling up the DagBag from /opt/airflow/dags/ingestion_pipelines_dag.py
[2026-09-10T10:47:42.252+0000] {processor.py:925} INFO - DAG(s) 'datalake_ingestion_pipelines' retrieved from /opt/airflow/dags/ingestion_pipelines_dag.py
[2026-09-10T10:47:42.278+0000] {logging_mixin.py:190} INFO - [2026-09-10T10:47:42.278+0000] {dag.py:3239} INFO - Sync 1 DAGs
[2026-09-10T10:47:42.300+0000] {logging_mixin.py:190} INFO - [2026-09-10T10:47:42.300+0000] {dag.py:4180} INFO - Setting next_dagrun for datalake_ingestion_pipelines to 2026-09-10 10:00:00+00:00, run_after=2026-09-10 11:00:00+00:00
[2026-09-10T10:47:42.319+0000] {processor.py:208} INFO - Processing /opt/airflow/dags/ingestion_pipelines_dag.py took 0.101 seconds
[2026-09-10T10:48:12.608+0000] {processor.py:186} INFO - Started process (PID=1167) to work on /opt/airflow/dags/ingestion_pipelines_dag.py
[2026-09-10T10:48:12.609+0000] {processor.py:914} INFO - Processing file /opt/airflow/dags/ingestion_pipelines_dag.py for tasks to queue
[2026-09-10T10:48:12.612+0000] {logging_mixin.py:190} INFO - [2026-09-10T10:48:12.612+0000] {dagbag.py:588} INFO - Filling up the DagBag from /opt/airflow/dags/ingestion_pipelines_dag.py
[2026-09-10T10:48:12.632+0000] {processor.py:925} INFO - DAG(s) 'datalake_ingestion_pipelines' retrieved from /opt/airflow/dags/ingestion_pipelines_dag.py
[2026-09-10T10:48:12.662+0000] {logging_mixin.py:190} INFO - [2026-09-10T10:48:12.661+0000] {dag.py:3239} INFO - Sync 1 DAGs
[2026-09-10T10:48:12.686+0000] {logging_mixin.py:190} INFO - [2026-09-10T10:48:12.686+0000] {dag.py:4180} INFO - Setting next_dagrun for datalake_ingestion_pipelines to 2026-09-10 10:00:00+00:00, run_after=2026-09-10 11:00:00+00:00
[2026-09-10T10:48:12.710+0000] {processor.py:208} INFO - Processing /opt/airflow/dags/ingestion_pipelines_dag.py took 0.109 seconds
[2026-09-10T10:48:42.994+0000] {processor.py:186} INFO - Started process (PID=1180) to work on /opt/airflow/dags/ingestion_pipelines_dag.py
[2026-09-10T10:48:42.996+0000] {processor.py:914} INFO - Processing file /opt/airflow/dags/ingestion_pipelines_dag.py for tasks to queue
[2026-09-10T10:48:42.998+0000] {logging_mixin.py:190} INFO - [2026-09-10T10:48:42.998+0000] {dagbag.py:588} INFO - Filling up the DagBag from /opt/airflow/dags/ingestion_pipelines_dag.py
[2026-09-10T10:48:43.031+0000] {processor.py:925} INFO - DAG(s) 'datalake_ingestion_pipelines' retrieved from /opt/airflow/dags/ingestion_pipelines_dag.py
[2026-09-10T10:48:43.098+0000] {logging_mixin.py:190} INFO - [2026-09-10T10:48:43.098+0000] {dag.py:3239} INFO - Sync 1 DAGs
[2026-09-10T10:48:43.121+0000] {logging_mixin.py:190} INFO - [2026-09-10T10:48:43.121+0000] {dag.py:4180} INFO - Setting next_dagrun for datalake_ingestion_pipelines to 2026-09-10 10:00:00+00:00, run_after=2026-09-10 11:00:00+00:00
[2026-09-10T10:48:43.140+0000] {processor.py:208} INFO - Processing /opt/airflow/dags/ingestion_pipelines_dag.py took 0.152 seconds
[2026-09-10T10:49:13.311+0000] {processor.py:186} INFO - Started process (PID=1194) to work on /opt/airflow/dags/ingestion_pipelines_dag.py
[2026-09-10T10:49:13.313+0000] {processor.py:914} INFO - Processing file /opt/airflow/dags/ingestion_pipelines_dag.py for tasks to queue
[2026-09-10T10:49:13.315+0000] {logging_mixin.py:190} INFO - [2026-09-10T10:49:13.315+0000] {dagbag.py:588} INFO - Filling up the DagBag from /opt/airflow/dags/ingestion_pipelines_dag.py
[2026-09-10T10:49:13.339+0000] {processor.py:925} INFO - DAG(s) 'datalake_ingestion_pipelines' retrieved from /opt/airflow/dags/ingestion_pipelines_dag.py
[2026-09-10T10:49:13.376+0000] {logging_mixin.py:190} INFO - [2026-09-10T10:49:13.376+0000] {dag.py:3239} INFO - Sync 1 DAGs
[2026-09-10T10:49:13.573+0000] {logging_mixin.py:190} INFO - [2026-09-10T10:49:13.572+0000] {dag.py:4180} INFO - Setting next_dagrun for datalake_ingestion_pipelines to 2026-09-10 10:00:00+00:00, run_after=2026-09-10 11:00:00+00:00
[2026-09-10T10:49:13.594+0000] {processor.py:208} INFO - Processing /opt/airflow/dags/ingestion_pipelines_dag.py took 0.288 seconds
[2026-09-10T10:49:43.867+0000] {processor.py:186} INFO - Started process (PID=1206) to work on /opt/airflow/dags/ingestion_pipelines_dag.py
[2026-09-10T10:49:43.871+0000] {processor.py:914} INFO - Processing file /opt/airflow/dags/ingestion_pipelines_dag.py for tasks to queue
[2026-09-10T10:49:43.876+0000] {logging_mixin.py:190} INFO - [2026-09-10T10:49:43.876+0000] {dagbag.py:588} INFO - Filling up the DagBag from /opt/airflow/dags/ingestion_pipelines_dag.py
[2026-09-10T10:49:43.931+0000] {processor.py:925} INFO - DAG(s) 'datalake_ingestion_pipelines' retrieved from /opt/airflow/dags/ingestion_pipelines_dag.py
[2026-09-10T10:49:44.047+0000] {logging_mixin.py:190} INFO - [2026-09-10T10:49:44.046+0000] {dag.py:3239} INFO - Sync 1 DAGs
[2026-09-10T10:49:44.109+0000] {logging_mixin.py:190} INFO - [2026-09-10T10:49:44.109+0000] {dag.py:4180} INFO - Setting next_dagrun for datalake_ingestion_pipelines to 2026-09-10 10:00:00+00:00, run_after=2026-09-10 11:00:00+00:00
[2026-09-10T10:49:44.151+0000] {processor.py:208} INFO - Processing /opt/airflow/dags/ingestion_pipelines_dag.py took 0.297 seconds
[2026-09-10T10:50:14.218+0000] {processor.py:186} INFO - Started process (PID=1212) to work on /opt/airflow/dags/ingestion_pipelines_dag.py
[2026-09-10T10:50:14.220+0000] {processor.py:914} INFO - Processing file /opt/airflow/dags/ingestion_pipelines_dag.py for tasks to queue
[2026-09-10T10:50:14.222+0000] {logging_mixin.py:190} INFO - [2026-09-10T10:50:14.222+0000] {dagbag.py:588} INFO - Filling up the DagBag from /opt/airflow/dags/ingestion_pipelines_dag.py
[2026-09-10T10:50:14.248+0000] {processor.py:925} INFO - DAG(s) 'datalake_ingestion_pipelines' retrieved from /opt/airflow/dags/ingestion_pipelines_dag.py
[2026-09-10T10:50:14.290+0000] {logging_mixin.py:190} INFO - [2026-09-10T10:50:14.290+0000] {dag.py:3239} INFO - Sync 1 DAGs
[2026-09-10T10:50:14.316+0000] {logging_mixin.py:190} INFO - [2026-09-10T10:50:14.316+0000] {dag.py:4180} INFO - Setting next_dagrun for datalake_ingestion_pipelines to 2026-09-10 10:00:00+00:00, run_after=2026-09-10 11:00:00+00:00
[2026-09-10T10:50:14.341+0000] {processor.py:208} INFO - Processing /opt/airflow/dags/ingestion_pipelines_dag.py took 0.129 seconds
[2026-09-10T10:50:44.515+0000] {processor.py:186} INFO - Started process (PID=1225) to work on /opt/airflow/dags/ingestion_pipelines_dag.py
[2026-09-10T10:50:44.516+0000] {processor.py:914} INFO - Processing file /opt/airflow/dags/ingestion_pipelines_dag.py for tasks to queue
[2026-09-10T10:50:44.519+0000] {logging_mixin.py:190} INFO - [2026-09-10T10:50:44.518+0000] {dagbag.py:588} INFO - Filling up the DagBag from /opt/airflow/dags/ingestion_pipelines_dag.py
[2026-09-10T10:50:44.537+0000] {processor.py:925} INFO - DAG(s) 'datalake_ingestion_pipelines' retrieved from /opt/airflow/dags/ingestion_pipelines_dag.py
[2026-09-10T10:50:44.583+0000] {logging_mixin.py:190} INFO - [2026-09-10T10:50:44.583+0000] {dag.py:3239} INFO - Sync 1 DAGs
[2026-09-10T10:50:44.612+0000] {logging_mixin.py:190} INFO - [2026-09-10T10:50:44.611+0000] {dag.py:4180} INFO - Setting next_dagrun for datalake_ingestion_pipelines to 2026-09-10 10:00:00+00:00, run_after=2026-09-10 11:00:00+00:00
[2026-09-10T10:50:44.635+0000] {processor.py:208} INFO - Processing /opt/airflow/dags/ingestion_pipelines_dag.py took 0.126 seconds
[2026-09-10T10:51:14.895+0000] {processor.py:186} INFO - Started process (PID=1238) to work on /opt/airflow/dags/ingestion_pipelines_dag.py
[2026-09-10T10:51:14.896+0000] {processor.py:914} INFO - Processing file /opt/airflow/dags/ingestion_pipelines_dag.py for tasks to queue
[2026-09-10T10:51:14.899+0000] {logging_mixin.py:190} INFO - [2026-09-10T10:51:14.899+0000] {dagbag.py:588} INFO - Filling up the DagBag from /opt/airflow/dags/ingestion_pipelines_dag.py
[2026-09-10T10:51:14.925+0000] {processor.py:925} INFO - DAG(s) 'datalake_ingestion_pipelines' retrieved from /opt/airflow/dags/ingestion_pipelines_dag.py
[2026-09-10T10:51:14.961+0000] {logging_mixin.py:190} INFO - [2026-09-10T10:51:14.961+0000] {dag.py:3239} INFO - Sync 1 DAGs
[2026-09-10T10:51:14.984+0000] {logging_mixin.py:190} INFO - [2026-09-10T10:51:14.984+0000] {dag.py:4180} INFO - Setting next_dagrun for datalake_ingestion_pipelines to 2026-09-10 10:00:00+00:00, run_after=2026-09-10 11:00:00+00:00
[2026-09-10T10:51:15.008+0000] {processor.py:208} INFO - Processing /opt/airflow/dags/ingestion_pipelines_dag.py took 0.119 seconds
[2026-09-10T10:51:45.219+0000] {processor.py:186} INFO - Started process (PID=1251) to work on /opt/airflow/dags/ingestion_pipelines_dag.py
[2026-09-10T10:51:45.220+0000] {processor.py:914} INFO - Processing file /opt/airflow/dags/ingestion_pipelines_dag.py for tasks to queue
[2026-09-10T10:51:45.222+0000] {logging_mixin.py:190} INFO - [2026-09-10T10:51:45.221+0000] {dagbag.py:588} INFO - Filling up the DagBag from /opt/airflow/dags/ingestion_pipelines_dag.py
[2026-09-10T10:51:45.246+0000] {processor.py:925} INFO - DAG(s) 'datalake_ingestion_pipelines' retrieved from /opt/airflow/dags/ingestion_pipelines_dag.py
[2026-09-10T10:51:45.281+0000] {logging_mixin.py:190} INFO - [2026-09-10T10:51:45.281+0000] {dag.py:3239} INFO - Sync 1 DAGs
[2026-09-10T10:51:45.304+0000] {logging_mixin.py:190} INFO - [2026-09-10T10:51:45.304+0000] {dag.py:4180} INFO - Setting next_dagrun for datalake_ingestion_pipelines to 2026-09-10 10:00:00+00:00, run_after=2026-09-10 11:00:00+00:00
[2026-09-10T10:51:45.544+0000] {processor.py:208} INFO - Processing /opt/airflow/dags/ingestion_pipelines_dag.py took 0.331 seconds
[2026-09-10T10:52:15.651+0000] {processor.py:186} INFO - Started process (PID=1264) to work on /opt/airflow/dags/ingestion_pipelines_dag.py
[2026-09-10T10:52:15.652+0000] {processor.py:914} INFO - Processing file /opt/airflow/dags/ingestion_pipelines_dag.py for tasks to queue
[2026-09-10T10:52:15.655+0000] {logging_mixin.py:190} INFO - [2026-09-10T10:52:15.654+0000] {dagbag.py:588} INFO - Filling up the DagBag from /opt/airflow/dags/ingestion_pipelines_dag.py
[2026-09-10T10:52:15.687+0000] {processor.py:925} INFO - DAG(s) 'datalake_ingestion_pipelines' retrieved from /opt/airflow/dags/ingestion_pipelines_dag.py
[2026-09-10T10:52:15.737+0000] {logging_mixin.py:190} INFO - [2026-09-10T10:52:15.736+0000] {dag.py:3239} INFO - Sync 1 DAGs
[2026-09-10T10:52:15.758+0000] {logging_mixin.py:190} INFO - [2026-09-10T10:52:15.757+0000] {dag.py:4180} INFO - Setting next_dagrun for datalake_ingestion_pipelines to 2026-09-10 10:00:00+00:00, run_after=2026-09-10 11:00:00+00:00
[2026-09-10T10:52:15.775+0000] {processor.py:208} INFO - Processing /opt/airflow/dags/ingestion_pipelines_dag.py took 0.130 seconds
[2026-09-10T10:52:45.948+0000] {processor.py:186} INFO - Started process (PID=1277) to work on /opt/airflow/dags/ingestion_pipelines_dag.py
[2026-09-10T10:52:45.949+0000] {processor.py:914} INFO - Processing file /opt/airflow/dags/ingestion_pipelines_dag.py for tasks to queue
[2026-09-10T10:52:45.952+0000] {logging_mixin.py:190} INFO - [2026-09-10T10:52:45.951+0000] {dagbag.py:588} INFO - Filling up the DagBag from /opt/airflow/dags/ingestion_pipelines_dag.py
[2026-09-10T10:52:45.971+0000] {processor.py:925} INFO - DAG(s) 'datalake_ingestion_pipelines' retrieved from /opt/airflow/dags/ingestion_pipelines_dag.py
[2026-09-10T10:52:46.009+0000] {logging_mixin.py:190} INFO - [2026-09-10T10:52:46.009+0000] {dag.py:3239} INFO - Sync 1 DAGs
[2026-09-10T10:52:46.031+0000] {logging_mixin.py:190} INFO - [2026-09-10T10:52:46.031+0000] {dag.py:4180} INFO - Setting next_dagrun for datalake_ingestion_pipelines to 2026-09-10 10:00:00+00:00, run_after=2026-09-10 11:00:00+00:00
[2026-09-10T10:52:46.050+0000] {processor.py:208} INFO - Processing /opt/airflow/dags/ingestion_pipelines_dag.py took 0.107 seconds
[2026-09-10T10:53:16.282+0000] {processor.py:186} INFO - Started process (PID=1290) to work on /opt/airflow/dags/ingestion_pipelines_dag.py
[2026-09-10T10:53:16.283+0000] {processor.py:914} INFO - Processing file /opt/airflow/dags/ingestion_pipelines_dag.py for tasks to queue
[2026-09-10T10:53:16.286+0000] {logging_mixin.py:190} INFO - [2026-09-10T10:53:16.285+0000] {dagbag.py:588} INFO - Filling up the DagBag from /opt/airflow/dags/ingestion_pipelines_dag.py
[2026-09-10T10:53:16.310+0000] {processor.py:925} INFO - DAG(s) 'datalake_ingestion_pipelines' retrieved from /opt/airflow/dags/ingestion_pipelines_dag.py
[2026-09-10T10:53:16.345+0000] {logging_mixin.py:190} INFO - [2026-09-10T10:53:16.344+0000] {dag.py:3239} INFO - Sync 1 DAGs
[2026-09-10T10:53:16.376+0000] {logging_mixin.py:190} INFO - [2026-09-10T10:53:16.376+0000] {dag.py:4180} INFO - Setting next_dagrun for datalake_ingestion_pipelines to 2026-09-10 10:00:00+00:00, run_after=2026-09-10 11:00:00+00:00
[2026-09-10T10:53:16.397+0000] {processor.py:208} INFO - Processing /opt/airflow/dags/ingestion_pipelines_dag.py took 0.122 seconds
[2026-09-10T10:53:46.710+0000] {processor.py:186} INFO - Started process (PID=1303) to work on /opt/airflow/dags/ingestion_pipelines_dag.py
[2026-09-10T10:53:46.712+0000] {processor.py:914} INFO - Processing file /opt/airflow/dags/ingestion_pipelines_dag.py for tasks to queue
[2026-09-10T10:53:46.714+0000] {logging_mixin.py:190} INFO - [2026-09-10T10:53:46.714+0000] {dagbag.py:588} INFO - Filling up the DagBag from /opt/airflow/dags/ingestion_pipelines_dag.py
[2026-09-10T10:53:46.736+0000] {processor.py:925} INFO - DAG(s) 'datalake_ingestion_pipelines' retrieved from /opt/airflow/dags/ingestion_pipelines_dag.py
[2026-09-10T10:53:46.773+0000] {logging_mixin.py:190} INFO - [2026-09-10T10:53:46.773+0000] {dag.py:3239} INFO - Sync 1 DAGs
[2026-09-10T10:53:46.798+0000] {logging_mixin.py:190} INFO - [2026-09-10T10:53:46.798+0000] {dag.py:4180} INFO - Setting next_dagrun for datalake_ingestion_pipelines to 2026-09-10 10:00:00+00:00, run_after=2026-09-10 11:00:00+00:00
[2026-09-10T10:53:46.818+0000] {processor.py:208} INFO - Processing /opt/airflow/dags/ingestion_pipelines_dag.py took 0.113 seconds
[2026-09-10T10:54:17.065+0000] {processor.py:186} INFO - Started process (PID=1316) to work on /opt/airflow/dags/ingestion_pipelines_dag.py
[2026-09-10T10:54:17.067+0000] {processor.py:914} INFO - Processing file /opt/airflow/dags/ingestion_pipelines_dag.py for tasks to queue
[2026-09-10T10:54:17.069+0000] {logging_mixin.py:190} INFO - [2026-09-10T10:54:17.068+0000] {dagbag.py:588} INFO - Filling up the DagBag from /opt/airflow/dags/ingestion_pipelines_dag.py
[2026-09-10T10:54:17.097+0000] {processor.py:925} INFO - DAG(s) 'datalake_ingestion_pipelines' retrieved from /opt/airflow/dags/ingestion_pipelines_dag.py
[2026-09-10T10:54:17.131+0000] {logging_mixin.py:190} INFO - [2026-09-10T10:54:17.131+0000] {dag.py:3239} INFO - Sync 1 DAGs
[2026-09-10T10:54:17.154+0000] {logging_mixin.py:190} INFO - [2026-09-10T10:54:17.153+0000] {dag.py:4180} INFO - Setting next_dagrun for datalake_ingestion_pipelines to 2026-09-10 10:00:00+00:00, run_after=2026-09-10 11:00:00+00:00
[2026-09-10T10:54:17.388+0000] {processor.py:208} INFO - Processing /opt/airflow/dags/ingestion_pipelines_dag.py took 0.330 seconds
[2026-09-10T10:54:47.703+0000] {processor.py:186} INFO - Started process (PID=1329) to work on /opt/airflow/dags/ingestion_pipelines_dag.py
[2026-09-10T10:54:47.704+0000] {processor.py:914} INFO - Processing file /opt/airflow/dags/ingestion_pipelines_dag.py for tasks to queue
[2026-09-10T10:54:47.706+0000] {logging_mixin.py:190} INFO - [2026-09-10T10:54:47.706+0000] {dagbag.py:588} INFO - Filling up the DagBag from /opt/airflow/dags/ingestion_pipelines_dag.py
[2026-09-10T10:54:47.731+0000] {processor.py:925} INFO - DAG(s) 'datalake_ingestion_pipelines' retrieved from /opt/airflow/dags/ingestion_pipelines_dag.py
[2026-09-10T10:54:47.774+0000] {logging_mixin.py:190} INFO - [2026-09-10T10:54:47.774+0000] {dag.py:3239} INFO - Sync 1 DAGs
[2026-09-10T10:54:47.926+0000] {logging_mixin.py:190} INFO - [2026-09-10T10:54:47.926+0000] {dag.py:4180} INFO - Setting next_dagrun for datalake_ingestion_pipelines to 2026-09-10 10:00:00+00:00, run_after=2026-09-10 11:00:00+00:00
[2026-09-10T10:54:47.944+0000] {processor.py:208} INFO - Processing /opt/airflow/dags/ingestion_pipelines_dag.py took 0.247 seconds
[2026-09-10T10:55:18.146+0000] {processor.py:186} INFO - Started process (PID=1342) to work on /opt/airflow/dags/ingestion_pipelines_dag.py
[2026-09-10T10:55:18.150+0000] {processor.py:914} INFO - Processing file /opt/airflow/dags/ingestion_pipelines_dag.py for tasks to queue
[2026-09-10T10:55:18.157+0000] {logging_mixin.py:190} INFO - [2026-09-10T10:55:18.156+0000] {dagbag.py:588} INFO - Filling up the DagBag from /opt/airflow/dags/ingestion_pipelines_dag.py
[2026-09-10T10:55:18.239+0000] {processor.py:925} INFO - DAG(s) 'datalake_ingestion_pipelines' retrieved from /opt/airflow/dags/ingestion_pipelines_dag.py
[2026-09-10T10:55:18.356+0000] {logging_mixin.py:190} INFO - [2026-09-10T10:55:18.355+0000] {dag.py:3239} INFO - Sync 1 DAGs
[2026-09-10T10:55:18.399+0000] {logging_mixin.py:190} INFO - [2026-09-10T10:55:18.398+0000] {dag.py:4180} INFO - Setting next_dagrun for datalake_ingestion_pipelines to 2026-09-10 10:00:00+00:00, run_after=2026-09-10 11:00:00+00:00
[2026-09-10T10:55:18.434+0000] {processor.py:208} INFO - Processing /opt/airflow/dags/ingestion_pipelines_dag.py took 0.307 seconds
[2026-09-10T10:55:48.784+0000] {processor.py:186} INFO - Started process (PID=1355) to work on /opt/airflow/dags/ingestion_pipelines_dag.py
[2026-09-10T10:55:48.787+0000] {processor.py:914} INFO - Processing file /opt/airflow/dags/ingestion_pipelines_dag.py for tasks to queue
[2026-09-10T10:55:48.791+0000] {logging_mixin.py:190} INFO - [2026-09-10T10:55:48.790+0000] {dagbag.py:588} INFO - Filling up the DagBag from /opt/airflow/dags/ingestion_pipelines_dag.py
[2026-09-10T10:55:48.850+0000] {processor.py:925} INFO - DAG(s) 'datalake_ingestion_pipelines' retrieved from /opt/airflow/dags/ingestion_pipelines_dag.py
[2026-09-10T10:55:48.932+0000] {logging_mixin.py:190} INFO - [2026-09-10T10:55:48.932+0000] {dag.py:3239} INFO - Sync 1 DAGs
[2026-09-10T10:55:48.960+0000] {logging_mixin.py:190} INFO - [2026-09-10T10:55:48.960+0000] {dag.py:4180} INFO - Setting next_dagrun for datalake_ingestion_pipelines to 2026-09-10 10:00:00+00:00, run_after=2026-09-10 11:00:00+00:00
[2026-09-10T10:55:49.025+0000] {processor.py:208} INFO - Processing /opt/airflow/dags/ingestion_pipelines_dag.py took 0.253 seconds
[2026-09-10T10:56:19.228+0000] {processor.py:186} INFO - Started process (PID=1368) to work on /opt/airflow/dags/ingestion_pipelines_dag.py
[2026-09-10T10:56:19.230+0000] {processor.py:914} INFO - Processing file /opt/airflow/dags/ingestion_pipelines_dag.py for tasks to queue
[2026-09-10T10:56:19.233+0000] {logging_mixin.py:190} INFO - [2026-09-10T10:56:19.232+0000] {dagbag.py:588} INFO - Filling up the DagBag from /opt/airflow/dags/ingestion_pipelines_dag.py
[2026-09-10T10:56:19.268+0000] {processor.py:925} INFO - DAG(s) 'datalake_ingestion_pipelines' retrieved from /opt/airflow/dags/ingestion_pipelines_dag.py
[2026-09-10T10:56:19.311+0000] {logging_mixin.py:190} INFO - [2026-09-10T10:56:19.311+0000] {dag.py:3239} INFO - Sync 1 DAGs
[2026-09-10T10:56:19.339+0000] {logging_mixin.py:190} INFO - [2026-09-10T10:56:19.339+0000] {dag.py:4180} INFO - Setting next_dagrun for datalake_ingestion_pipelines to 2026-09-10 10:00:00+00:00, run_after=2026-09-10 11:00:00+00:00
[2026-09-10T10:56:19.428+0000] {processor.py:208} INFO - Processing /opt/airflow/dags/ingestion_pipelines_dag.py took 0.208 seconds
[2026-09-10T10:56:49.814+0000] {processor.py:186} INFO - Started process (PID=1380) to work on /opt/airflow/dags/ingestion_pipelines_dag.py
[2026-09-10T10:56:49.816+0000] {processor.py:914} INFO - Processing file /opt/airflow/dags/ingestion_pipelines_dag.py for tasks to queue
[2026-09-10T10:56:49.820+0000] {logging_mixin.py:190} INFO - [2026-09-10T10:56:49.820+0000] {dagbag.py:588} INFO - Filling up the DagBag from /opt/airflow/dags/ingestion_pipelines_dag.py
[2026-09-10T10:56:49.856+0000] {processor.py:925} INFO - DAG(s) 'datalake_ingestion_pipelines' retrieved from /opt/airflow/dags/ingestion_pipelines_dag.py
[2026-09-10T10:56:49.903+0000] {logging_mixin.py:190} INFO - [2026-09-10T10:56:49.903+0000] {dag.py:3239} INFO - Sync 1 DAGs
[2026-09-10T10:56:49.937+0000] {logging_mixin.py:190} INFO - [2026-09-10T10:56:49.937+0000] {dag.py:4180} INFO - Setting next_dagrun for datalake_ingestion_pipelines to 2026-09-10 10:00:00+00:00, run_after=2026-09-10 11:00:00+00:00
[2026-09-10T10:56:50.375+0000] {processor.py:208} INFO - Processing /opt/airflow/dags/ingestion_pipelines_dag.py took 0.570 seconds
[2026-09-10T10:57:20.810+0000] {processor.py:186} INFO - Started process (PID=1386) to work on /opt/airflow/dags/ingestion_pipelines_dag.py
[2026-09-10T10:57:20.812+0000] {processor.py:914} INFO - Processing file /opt/airflow/dags/ingestion_pipelines_dag.py for tasks to queue
[2026-09-10T10:57:20.815+0000] {logging_mixin.py:190} INFO - [2026-09-10T10:57:20.815+0000] {dagbag.py:588} INFO - Filling up the DagBag from /opt/airflow/dags/ingestion_pipelines_dag.py
[2026-09-10T10:57:20.858+0000] {processor.py:925} INFO - DAG(s) 'datalake_ingestion_pipelines' retrieved from /opt/airflow/dags/ingestion_pipelines_dag.py
[2026-09-10T10:57:20.934+0000] {logging_mixin.py:190} INFO - [2026-09-10T10:57:20.934+0000] {dag.py:3239} INFO - Sync 1 DAGs
[2026-09-10T10:57:21.207+0000] {logging_mixin.py:190} INFO - [2026-09-10T10:57:21.207+0000] {dag.py:4180} INFO - Setting next_dagrun for datalake_ingestion_pipelines to 2026-09-10 10:00:00+00:00, run_after=2026-09-10 11:00:00+00:00
[2026-09-10T10:57:21.298+0000] {processor.py:208} INFO - Processing /opt/airflow/dags/ingestion_pipelines_dag.py took 0.496 seconds
[2026-09-10T10:57:51.655+0000] {processor.py:186} INFO - Started process (PID=1399) to work on /opt/airflow/dags/ingestion_pipelines_dag.py
[2026-09-10T10:57:51.657+0000] {processor.py:914} INFO - Processing file /opt/airflow/dags/ingestion_pipelines_dag.py for tasks to queue
[2026-09-10T10:57:51.661+0000] {logging_mixin.py:190} INFO - [2026-09-10T10:57:51.660+0000] {dagbag.py:588} INFO - Filling up the DagBag from /opt/airflow/dags/ingestion_pipelines_dag.py
[2026-09-10T10:57:51.725+0000] {processor.py:925} INFO - DAG(s) 'datalake_ingestion_pipelines' retrieved from /opt/airflow/dags/ingestion_pipelines_dag.py
[2026-09-10T10:57:51.775+0000] {logging_mixin.py:190} INFO - [2026-09-10T10:57:51.775+0000] {dag.py:3239} INFO - Sync 1 DAGs
[2026-09-10T10:57:51.811+0000] {logging_mixin.py:190} INFO - [2026-09-10T10:57:51.811+0000] {dag.py:4180} INFO - Setting next_dagrun for datalake_ingestion_pipelines to 2026-09-10 10:00:00+00:00, run_after=2026-09-10 11:00:00+00:00
[2026-09-10T10:57:51.906+0000] {processor.py:208} INFO - Processing /opt/airflow/dags/ingestion_pipelines_dag.py took 0.264 seconds
[2026-09-10T10:58:22.117+0000] {processor.py:186} INFO - Started process (PID=1412) to work on /opt/airflow/dags/ingestion_pipelines_dag.py
[2026-09-10T10:58:22.120+0000] {processor.py:914} INFO - Processing file /opt/airflow/dags/ingestion_pipelines_dag.py for tasks to queue
[2026-09-10T10:58:22.129+0000] {logging_mixin.py:190} INFO - [2026-09-10T10:58:22.128+0000] {dagbag.py:588} INFO - Filling up the DagBag from /opt/airflow/dags/ingestion_pipelines_dag.py
[2026-09-10T10:58:22.175+0000] {processor.py:925} INFO - DAG(s) 'datalake_ingestion_pipelines' retrieved from /opt/airflow/dags/ingestion_pipelines_dag.py
[2026-09-10T10:58:22.219+0000] {logging_mixin.py:190} INFO - [2026-09-10T10:58:22.219+0000] {dag.py:3239} INFO - Sync 1 DAGs
[2026-09-10T10:58:22.250+0000] {logging_mixin.py:190} INFO - [2026-09-10T10:58:22.250+0000] {dag.py:4180} INFO - Setting next_dagrun for datalake_ingestion_pipelines to 2026-09-10 10:00:00+00:00, run_after=2026-09-10 11:00:00+00:00
[2026-09-10T10:58:22.280+0000] {processor.py:208} INFO - Processing /opt/airflow/dags/ingestion_pipelines_dag.py took 0.181 seconds
[2026-09-10T10:58:52.567+0000] {processor.py:186} INFO - Started process (PID=1425) to work on /opt/airflow/dags/ingestion_pipelines_dag.py
[2026-09-10T10:58:52.569+0000] {processor.py:914} INFO - Processing file /opt/airflow/dags/ingestion_pipelines_dag.py for tasks to queue
[2026-09-10T10:58:52.574+0000] {logging_mixin.py:190} INFO - [2026-09-10T10:58:52.573+0000] {dagbag.py:588} INFO - Filling up the DagBag from /opt/airflow/dags/ingestion_pipelines_dag.py
[2026-09-10T10:58:52.619+0000] {processor.py:925} INFO - DAG(s) 'datalake_ingestion_pipelines' retrieved from /opt/airflow/dags/ingestion_pipelines_dag.py
[2026-09-10T10:58:52.668+0000] {logging_mixin.py:190} INFO - [2026-09-10T10:58:52.668+0000] {dag.py:3239} INFO - Sync 1 DAGs
[2026-09-10T10:58:52.702+0000] {logging_mixin.py:190} INFO - [2026-09-10T10:58:52.701+0000] {dag.py:4180} INFO - Setting next_dagrun for datalake_ingestion_pipelines to 2026-09-10 10:00:00+00:00, run_after=2026-09-10 11:00:00+00:00
[2026-09-10T10:58:52.756+0000] {processor.py:208} INFO - Processing /opt/airflow/dags/ingestion_pipelines_dag.py took 0.198 seconds
[2026-09-10T10:59:23.121+0000] {processor.py:186} INFO - Started process (PID=1438) to work on /opt/airflow/dags/ingestion_pipelines_dag.py
[2026-09-10T10:59:23.123+0000] {processor.py:914} INFO - Processing file /opt/airflow/dags/ingestion_pipelines_dag.py for tasks to queue
[2026-09-10T10:59:23.126+0000] {logging_mixin.py:190} INFO - [2026-09-10T10:59:23.126+0000] {dagbag.py:588} INFO - Filling up the DagBag from /opt/airflow/dags/ingestion_pipelines_dag.py
[2026-09-10T10:59:23.161+0000] {processor.py:925} INFO - DAG(s) 'datalake_ingestion_pipelines' retrieved from /opt/airflow/dags/ingestion_pipelines_dag.py
[2026-09-10T10:59:23.216+0000] {logging_mixin.py:190} INFO - [2026-09-10T10:59:23.216+0000] {dag.py:3239} INFO - Sync 1 DAGs
[2026-09-10T10:59:23.253+0000] {logging_mixin.py:190} INFO - [2026-09-10T10:59:23.253+0000] {dag.py:4180} INFO - Setting next_dagrun for datalake_ingestion_pipelines to 2026-09-10 10:00:00+00:00, run_after=2026-09-10 11:00:00+00:00
[2026-09-10T10:59:23.610+0000] {processor.py:208} INFO - Processing /opt/airflow/dags/ingestion_pipelines_dag.py took 0.496 seconds
[2026-09-10T10:59:54.084+0000] {processor.py:186} INFO - Started process (PID=1451) to work on /opt/airflow/dags/ingestion_pipelines_dag.py
[2026-09-10T10:59:54.086+0000] {processor.py:914} INFO - Processing file /opt/airflow/dags/ingestion_pipelines_dag.py for tasks to queue
[2026-09-10T10:59:54.091+0000] {logging_mixin.py:190} INFO - [2026-09-10T10:59:54.090+0000] {dagbag.py:588} INFO - Filling up the DagBag from /opt/airflow/dags/ingestion_pipelines_dag.py
[2026-09-10T10:59:54.149+0000] {processor.py:925} INFO - DAG(s) 'datalake_ingestion_pipelines' retrieved from /opt/airflow/dags/ingestion_pipelines_dag.py
[2026-09-10T10:59:54.200+0000] {logging_mixin.py:190} INFO - [2026-09-10T10:59:54.200+0000] {dag.py:3239} INFO - Sync 1 DAGs
[2026-09-10T10:59:54.438+0000] {logging_mixin.py:190} INFO - [2026-09-10T10:59:54.437+0000] {dag.py:4180} INFO - Setting next_dagrun for datalake_ingestion_pipelines to 2026-09-10 10:00:00+00:00, run_after=2026-09-10 11:00:00+00:00
[2026-09-10T10:59:54.532+0000] {processor.py:208} INFO - Processing /opt/airflow/dags/ingestion_pipelines_dag.py took 0.455 seconds
[2026-09-10T11:00:24.886+0000] {processor.py:186} INFO - Started process (PID=1476) to work on /opt/airflow/dags/ingestion_pipelines_dag.py
[2026-09-10T11:00:24.889+0000] {processor.py:914} INFO - Processing file /opt/airflow/dags/ingestion_pipelines_dag.py for tasks to queue
[2026-09-10T11:00:24.895+0000] {logging_mixin.py:190} INFO - [2026-09-10T11:00:24.894+0000] {dagbag.py:588} INFO - Filling up the DagBag from /opt/airflow/dags/ingestion_pipelines_dag.py
[2026-09-10T11:00:24.976+0000] {processor.py:925} INFO - DAG(s) 'datalake_ingestion_pipelines' retrieved from /opt/airflow/dags/ingestion_pipelines_dag.py
[2026-09-10T11:00:25.110+0000] {logging_mixin.py:190} INFO - [2026-09-10T11:00:25.110+0000] {dag.py:3239} INFO - Sync 1 DAGs
[2026-09-10T11:00:25.242+0000] {processor.py:208} INFO - Processing /opt/airflow/dags/ingestion_pipelines_dag.py took 0.366 seconds
[2026-09-10T11:00:55.612+0000] {processor.py:186} INFO - Started process (PID=1488) to work on /opt/airflow/dags/ingestion_pipelines_dag.py
[2026-09-10T11:00:55.615+0000] {processor.py:914} INFO - Processing file /opt/airflow/dags/ingestion_pipelines_dag.py for tasks to queue
[2026-09-10T11:00:55.619+0000] {logging_mixin.py:190} INFO - [2026-09-10T11:00:55.617+0000] {dagbag.py:588} INFO - Filling up the DagBag from /opt/airflow/dags/ingestion_pipelines_dag.py
[2026-09-10T11:00:55.660+0000] {processor.py:925} INFO - DAG(s) 'datalake_ingestion_pipelines' retrieved from /opt/airflow/dags/ingestion_pipelines_dag.py
[2026-09-10T11:00:55.731+0000] {logging_mixin.py:190} INFO - [2026-09-10T11:00:55.730+0000] {dag.py:3239} INFO - Sync 1 DAGs
[2026-09-10T11:00:55.796+0000] {processor.py:208} INFO - Processing /opt/airflow/dags/ingestion_pipelines_dag.py took 0.194 seconds
[2026-09-10T11:01:26.736+0000] {processor.py:186} INFO - Started process (PID=1493) to work on /opt/airflow/dags/ingestion_pipelines_dag.py
[2026-09-10T11:01:26.740+0000] {processor.py:914} INFO - Processing file /opt/airflow/dags/ingestion_pipelines_dag.py for tasks to queue
[2026-09-10T11:01:26.751+0000] {logging_mixin.py:190} INFO - [2026-09-10T11:01:26.748+0000] {dagbag.py:588} INFO - Filling up the DagBag from /opt/airflow/dags/ingestion_pipelines_dag.py
[2026-09-10T11:01:26.870+0000] {processor.py:925} INFO - DAG(s) 'datalake_ingestion_pipelines' retrieved from /opt/airflow/dags/ingestion_pipelines_dag.py
[2026-09-10T11:01:58.434+0000] {processor.py:211} ERROR - Got an exception! Propagating...
Traceback (most recent call last):
  File "/home/airflow/.local/lib/python3.12/site-packages/sqlalchemy/engine/base.py", line 3371, in _wrap_pool_connect
    return fn()
           ^^^^
  File "/home/airflow/.local/lib/python3.12/site-packages/sqlalchemy/pool/base.py", line 327, in connect
    return _ConnectionFairy._checkout(self)
           ^^^^^^^^^^^^^^^^^^^^^^^^^^^^^^^^
  File "/home/airflow/.local/lib/python3.12/site-packages/sqlalchemy/pool/base.py", line 894, in _checkout
    fairy = _ConnectionRecord.checkout(pool)
            ^^^^^^^^^^^^^^^^^^^^^^^^^^^^^^^^
  File "/home/airflow/.local/lib/python3.12/site-packages/sqlalchemy/pool/base.py", line 493, in checkout
    rec = pool._do_get()
          ^^^^^^^^^^^^^^
  File "/home/airflow/.local/lib/python3.12/site-packages/sqlalchemy/pool/impl.py", line 145, in _do_get
    with util.safe_reraise():
         ^^^^^^^^^^^^^^^^^^^
  File "/home/airflow/.local/lib/python3.12/site-packages/sqlalchemy/util/langhelpers.py", line 70, in __exit__
    compat.raise_(
  File "/home/airflow/.local/lib/python3.12/site-packages/sqlalchemy/util/compat.py", line 211, in raise_
    raise exception
  File "/home/airflow/.local/lib/python3.12/site-packages/sqlalchemy/pool/impl.py", line 143, in _do_get
    return self._create_connection()
           ^^^^^^^^^^^^^^^^^^^^^^^^^
  File "/home/airflow/.local/lib/python3.12/site-packages/sqlalchemy/pool/base.py", line 273, in _create_connection
    return _ConnectionRecord(self)
           ^^^^^^^^^^^^^^^^^^^^^^^
  File "/home/airflow/.local/lib/python3.12/site-packages/sqlalchemy/pool/base.py", line 388, in __init__
    self.__connect()
  File "/home/airflow/.local/lib/python3.12/site-packages/sqlalchemy/pool/base.py", line 690, in __connect
    with util.safe_reraise():
         ^^^^^^^^^^^^^^^^^^^
  File "/home/airflow/.local/lib/python3.12/site-packages/sqlalchemy/util/langhelpers.py", line 70, in __exit__
    compat.raise_(
  File "/home/airflow/.local/lib/python3.12/site-packages/sqlalchemy/util/compat.py", line 211, in raise_
    raise exception
  File "/home/airflow/.local/lib/python3.12/site-packages/sqlalchemy/pool/base.py", line 686, in __connect
    self.dbapi_connection = connection = pool._invoke_creator(self)
                                         ^^^^^^^^^^^^^^^^^^^^^^^^^^
  File "/home/airflow/.local/lib/python3.12/site-packages/sqlalchemy/engine/create.py", line 574, in connect
    return dialect.connect(*cargs, **cparams)
           ^^^^^^^^^^^^^^^^^^^^^^^^^^^^^^^^^^
  File "/home/airflow/.local/lib/python3.12/site-packages/sqlalchemy/engine/default.py", line 598, in connect
    return self.dbapi.connect(*cargs, **cparams)
           ^^^^^^^^^^^^^^^^^^^^^^^^^^^^^^^^^^^^^
  File "/home/airflow/.local/lib/python3.12/site-packages/psycopg2/__init__.py", line 122, in connect
    conn = _connect(dsn, connection_factory=connection_factory, **kwasync)
           ^^^^^^^^^^^^^^^^^^^^^^^^^^^^^^^^^^^^^^^^^^^^^^^^^^^^^^^^^^^^^^^
psycopg2.OperationalError: could not translate host name "postgres" to address: Temporary failure in name resolution


The above exception was the direct cause of the following exception:

Traceback (most recent call last):
  File "/home/airflow/.local/lib/python3.12/site-packages/airflow/dag_processing/processor.py", line 207, in _run_file_processor
    _handle_dag_file_processing()
  File "/home/airflow/.local/lib/python3.12/site-packages/airflow/dag_processing/processor.py", line 188, in _handle_dag_file_processing
    result: tuple[int, int, int] = dag_file_processor.process_file(
                                   ^^^^^^^^^^^^^^^^^^^^^^^^^^^^^^^^
  File "/home/airflow/.local/lib/python3.12/site-packages/airflow/utils/session.py", line 97, in wrapper
    return func(*args, session=session, **kwargs)
           ^^^^^^^^^^^^^^^^^^^^^^^^^^^^^^^^^^^^^^
  File "/home/airflow/.local/lib/python3.12/site-packages/airflow/dag_processing/processor.py", line 942, in process_file
    serialize_errors = DagFileProcessor.save_dag_to_db(
                       ^^^^^^^^^^^^^^^^^^^^^^^^^^^^^^^^
  File "/home/airflow/.local/lib/python3.12/site-packages/airflow/api_internal/internal_api_call.py", line 166, in wrapper
    return func(*args, **kwargs)
           ^^^^^^^^^^^^^^^^^^^^^
  File "/home/airflow/.local/lib/python3.12/site-packages/airflow/utils/session.py", line 97, in wrapper
    return func(*args, session=session, **kwargs)
           ^^^^^^^^^^^^^^^^^^^^^^^^^^^^^^^^^^^^^^
  File "/home/airflow/.local/lib/python3.12/site-packages/airflow/dag_processing/processor.py", line 982, in save_dag_to_db
    import_errors = DagBag._sync_to_db(dags=dags, processor_subdir=dag_directory, session=session)
                    ^^^^^^^^^^^^^^^^^^^^^^^^^^^^^^^^^^^^^^^^^^^^^^^^^^^^^^^^^^^^^^^^^^^^^^^^^^^^^^
  File "/home/airflow/.local/lib/python3.12/site-packages/airflow/utils/session.py", line 94, in wrapper
    return func(*args, **kwargs)
           ^^^^^^^^^^^^^^^^^^^^^
  File "/home/airflow/.local/lib/python3.12/site-packages/airflow/models/dagbag.py", line 708, in _sync_to_db
    for attempt in run_with_db_retries(logger=log):
                   ^^^^^^^^^^^^^^^^^^^^^^^^^^^^^^^
  File "/home/airflow/.local/lib/python3.12/site-packages/tenacity/__init__.py", line 443, in __iter__
    do = self.iter(retry_state=retry_state)
         ^^^^^^^^^^^^^^^^^^^^^^^^^^^^^^^^^^
  File "/home/airflow/.local/lib/python3.12/site-packages/tenacity/__init__.py", line 376, in iter
    result = action(retry_state)
             ^^^^^^^^^^^^^^^^^^^
  File "/home/airflow/.local/lib/python3.12/site-packages/tenacity/__init__.py", line 418, in exc_check
    raise retry_exc.reraise()
          ^^^^^^^^^^^^^^^^^^^
  File "/home/airflow/.local/lib/python3.12/site-packages/tenacity/__init__.py", line 185, in reraise
    raise self.last_attempt.result()
          ^^^^^^^^^^^^^^^^^^^^^^^^^^
  File "/usr/local/lib/python3.12/concurrent/futures/_base.py", line 449, in result
    return self.__get_result()
           ^^^^^^^^^^^^^^^^^^^
  File "/usr/local/lib/python3.12/concurrent/futures/_base.py", line 401, in __get_result
    raise self._exception
  File "/home/airflow/.local/lib/python3.12/site-packages/airflow/models/dagbag.py", line 721, in _sync_to_db
    _serialize_dag_capturing_errors(dag, session, processor_subdir)
  File "/home/airflow/.local/lib/python3.12/site-packages/airflow/models/dagbag.py", line 686, in _serialize_dag_capturing_errors
    dag_was_updated = SerializedDagModel.write_dag(
                      ^^^^^^^^^^^^^^^^^^^^^^^^^^^^^
  File "/home/airflow/.local/lib/python3.12/site-packages/airflow/utils/session.py", line 94, in wrapper
    return func(*args, **kwargs)
           ^^^^^^^^^^^^^^^^^^^^^
  File "/home/airflow/.local/lib/python3.12/site-packages/airflow/models/serialized_dag.py", line 160, in write_dag
    if session.scalar(
       ^^^^^^^^^^^^^^^
  File "/home/airflow/.local/lib/python3.12/site-packages/sqlalchemy/orm/session.py", line 1747, in scalar
    return self.execute(
           ^^^^^^^^^^^^^
  File "/home/airflow/.local/lib/python3.12/site-packages/sqlalchemy/orm/session.py", line 1716, in execute
    conn = self._connection_for_bind(bind)
           ^^^^^^^^^^^^^^^^^^^^^^^^^^^^^^^
  File "/home/airflow/.local/lib/python3.12/site-packages/sqlalchemy/orm/session.py", line 1555, in _connection_for_bind
    return self._transaction._connection_for_bind(
           ^^^^^^^^^^^^^^^^^^^^^^^^^^^^^^^^^^^^^^^
  File "/home/airflow/.local/lib/python3.12/site-packages/sqlalchemy/orm/session.py", line 750, in _connection_for_bind
    conn = bind.connect()
           ^^^^^^^^^^^^^^
  File "/home/airflow/.local/lib/python3.12/site-packages/sqlalchemy/future/engine.py", line 412, in connect
    return super(Engine, self).connect()
           ^^^^^^^^^^^^^^^^^^^^^^^^^^^^^
  File "/home/airflow/.local/lib/python3.12/site-packages/sqlalchemy/engine/base.py", line 3325, in connect
    return self._connection_cls(self, close_with_result=close_with_result)
           ^^^^^^^^^^^^^^^^^^^^^^^^^^^^^^^^^^^^^^^^^^^^^^^^^^^^^^^^^^^^^^^
  File "/home/airflow/.local/lib/python3.12/site-packages/sqlalchemy/engine/base.py", line 96, in __init__
    else engine.raw_connection()
         ^^^^^^^^^^^^^^^^^^^^^^^
  File "/home/airflow/.local/lib/python3.12/site-packages/sqlalchemy/engine/base.py", line 3404, in raw_connection
    return self._wrap_pool_connect(self.pool.connect, _connection)
           ^^^^^^^^^^^^^^^^^^^^^^^^^^^^^^^^^^^^^^^^^^^^^^^^^^^^^^^
  File "/home/airflow/.local/lib/python3.12/site-packages/sqlalchemy/engine/base.py", line 3374, in _wrap_pool_connect
    Connection._handle_dbapi_exception_noconnection(
  File "/home/airflow/.local/lib/python3.12/site-packages/sqlalchemy/engine/base.py", line 2208, in _handle_dbapi_exception_noconnection
    util.raise_(
  File "/home/airflow/.local/lib/python3.12/site-packages/sqlalchemy/util/compat.py", line 211, in raise_
    raise exception
  File "/home/airflow/.local/lib/python3.12/site-packages/sqlalchemy/engine/base.py", line 3371, in _wrap_pool_connect
    return fn()
           ^^^^
  File "/home/airflow/.local/lib/python3.12/site-packages/sqlalchemy/pool/base.py", line 327, in connect
    return _ConnectionFairy._checkout(self)
           ^^^^^^^^^^^^^^^^^^^^^^^^^^^^^^^^
  File "/home/airflow/.local/lib/python3.12/site-packages/sqlalchemy/pool/base.py", line 894, in _checkout
    fairy = _ConnectionRecord.checkout(pool)
            ^^^^^^^^^^^^^^^^^^^^^^^^^^^^^^^^
  File "/home/airflow/.local/lib/python3.12/site-packages/sqlalchemy/pool/base.py", line 493, in checkout
    rec = pool._do_get()
          ^^^^^^^^^^^^^^
  File "/home/airflow/.local/lib/python3.12/site-packages/sqlalchemy/pool/impl.py", line 145, in _do_get
    with util.safe_reraise():
         ^^^^^^^^^^^^^^^^^^^
  File "/home/airflow/.local/lib/python3.12/site-packages/sqlalchemy/util/langhelpers.py", line 70, in __exit__
    compat.raise_(
  File "/home/airflow/.local/lib/python3.12/site-packages/sqlalchemy/util/compat.py", line 211, in raise_
    raise exception
  File "/home/airflow/.local/lib/python3.12/site-packages/sqlalchemy/pool/impl.py", line 143, in _do_get
    return self._create_connection()
           ^^^^^^^^^^^^^^^^^^^^^^^^^
  File "/home/airflow/.local/lib/python3.12/site-packages/sqlalchemy/pool/base.py", line 273, in _create_connection
    return _ConnectionRecord(self)
           ^^^^^^^^^^^^^^^^^^^^^^^
  File "/home/airflow/.local/lib/python3.12/site-packages/sqlalchemy/pool/base.py", line 388, in __init__
    self.__connect()
  File "/home/airflow/.local/lib/python3.12/site-packages/sqlalchemy/pool/base.py", line 690, in __connect
    with util.safe_reraise():
         ^^^^^^^^^^^^^^^^^^^
  File "/home/airflow/.local/lib/python3.12/site-packages/sqlalchemy/util/langhelpers.py", line 70, in __exit__
    compat.raise_(
  File "/home/airflow/.local/lib/python3.12/site-packages/sqlalchemy/util/compat.py", line 211, in raise_
    raise exception
  File "/home/airflow/.local/lib/python3.12/site-packages/sqlalchemy/pool/base.py", line 686, in __connect
    self.dbapi_connection = connection = pool._invoke_creator(self)
                                         ^^^^^^^^^^^^^^^^^^^^^^^^^^
  File "/home/airflow/.local/lib/python3.12/site-packages/sqlalchemy/engine/create.py", line 574, in connect
    return dialect.connect(*cargs, **cparams)
           ^^^^^^^^^^^^^^^^^^^^^^^^^^^^^^^^^^
  File "/home/airflow/.local/lib/python3.12/site-packages/sqlalchemy/engine/default.py", line 598, in connect
    return self.dbapi.connect(*cargs, **cparams)
           ^^^^^^^^^^^^^^^^^^^^^^^^^^^^^^^^^^^^^
  File "/home/airflow/.local/lib/python3.12/site-packages/psycopg2/__init__.py", line 122, in connect
    conn = _connect(dsn, connection_factory=connection_factory, **kwasync)
           ^^^^^^^^^^^^^^^^^^^^^^^^^^^^^^^^^^^^^^^^^^^^^^^^^^^^^^^^^^^^^^^
sqlalchemy.exc.OperationalError: (psycopg2.OperationalError) could not translate host name "postgres" to address: Temporary failure in name resolution

(Background on this error at: https://sqlalche.me/e/14/e3q8)
[2026-09-10T11:02:28.960+0000] {processor.py:186} INFO - Started process (PID=1498) to work on /opt/airflow/dags/ingestion_pipelines_dag.py
[2026-09-10T11:02:28.962+0000] {processor.py:914} INFO - Processing file /opt/airflow/dags/ingestion_pipelines_dag.py for tasks to queue
[2026-09-10T11:02:28.966+0000] {logging_mixin.py:190} INFO - [2026-09-10T11:02:28.963+0000] {dagbag.py:588} INFO - Filling up the DagBag from /opt/airflow/dags/ingestion_pipelines_dag.py
[2026-09-10T11:02:29.084+0000] {processor.py:925} INFO - DAG(s) 'datalake_ingestion_pipelines' retrieved from /opt/airflow/dags/ingestion_pipelines_dag.py
[2026-09-10T11:02:59.850+0000] {processor.py:211} ERROR - Got an exception! Propagating...
Traceback (most recent call last):
  File "/home/airflow/.local/lib/python3.12/site-packages/sqlalchemy/engine/base.py", line 3371, in _wrap_pool_connect
    return fn()
           ^^^^
  File "/home/airflow/.local/lib/python3.12/site-packages/sqlalchemy/pool/base.py", line 327, in connect
    return _ConnectionFairy._checkout(self)
           ^^^^^^^^^^^^^^^^^^^^^^^^^^^^^^^^
  File "/home/airflow/.local/lib/python3.12/site-packages/sqlalchemy/pool/base.py", line 894, in _checkout
    fairy = _ConnectionRecord.checkout(pool)
            ^^^^^^^^^^^^^^^^^^^^^^^^^^^^^^^^
  File "/home/airflow/.local/lib/python3.12/site-packages/sqlalchemy/pool/base.py", line 493, in checkout
    rec = pool._do_get()
          ^^^^^^^^^^^^^^
  File "/home/airflow/.local/lib/python3.12/site-packages/sqlalchemy/pool/impl.py", line 145, in _do_get
    with util.safe_reraise():
         ^^^^^^^^^^^^^^^^^^^
  File "/home/airflow/.local/lib/python3.12/site-packages/sqlalchemy/util/langhelpers.py", line 70, in __exit__
    compat.raise_(
  File "/home/airflow/.local/lib/python3.12/site-packages/sqlalchemy/util/compat.py", line 211, in raise_
    raise exception
  File "/home/airflow/.local/lib/python3.12/site-packages/sqlalchemy/pool/impl.py", line 143, in _do_get
    return self._create_connection()
           ^^^^^^^^^^^^^^^^^^^^^^^^^
  File "/home/airflow/.local/lib/python3.12/site-packages/sqlalchemy/pool/base.py", line 273, in _create_connection
    return _ConnectionRecord(self)
           ^^^^^^^^^^^^^^^^^^^^^^^
  File "/home/airflow/.local/lib/python3.12/site-packages/sqlalchemy/pool/base.py", line 388, in __init__
    self.__connect()
  File "/home/airflow/.local/lib/python3.12/site-packages/sqlalchemy/pool/base.py", line 690, in __connect
    with util.safe_reraise():
         ^^^^^^^^^^^^^^^^^^^
  File "/home/airflow/.local/lib/python3.12/site-packages/sqlalchemy/util/langhelpers.py", line 70, in __exit__
    compat.raise_(
  File "/home/airflow/.local/lib/python3.12/site-packages/sqlalchemy/util/compat.py", line 211, in raise_
    raise exception
  File "/home/airflow/.local/lib/python3.12/site-packages/sqlalchemy/pool/base.py", line 686, in __connect
    self.dbapi_connection = connection = pool._invoke_creator(self)
                                         ^^^^^^^^^^^^^^^^^^^^^^^^^^
  File "/home/airflow/.local/lib/python3.12/site-packages/sqlalchemy/engine/create.py", line 574, in connect
    return dialect.connect(*cargs, **cparams)
           ^^^^^^^^^^^^^^^^^^^^^^^^^^^^^^^^^^
  File "/home/airflow/.local/lib/python3.12/site-packages/sqlalchemy/engine/default.py", line 598, in connect
    return self.dbapi.connect(*cargs, **cparams)
           ^^^^^^^^^^^^^^^^^^^^^^^^^^^^^^^^^^^^^
  File "/home/airflow/.local/lib/python3.12/site-packages/psycopg2/__init__.py", line 122, in connect
    conn = _connect(dsn, connection_factory=connection_factory, **kwasync)
           ^^^^^^^^^^^^^^^^^^^^^^^^^^^^^^^^^^^^^^^^^^^^^^^^^^^^^^^^^^^^^^^
psycopg2.OperationalError: could not translate host name "postgres" to address: Temporary failure in name resolution


The above exception was the direct cause of the following exception:

Traceback (most recent call last):
  File "/home/airflow/.local/lib/python3.12/site-packages/airflow/dag_processing/processor.py", line 207, in _run_file_processor
    _handle_dag_file_processing()
  File "/home/airflow/.local/lib/python3.12/site-packages/airflow/dag_processing/processor.py", line 188, in _handle_dag_file_processing
    result: tuple[int, int, int] = dag_file_processor.process_file(
                                   ^^^^^^^^^^^^^^^^^^^^^^^^^^^^^^^^
  File "/home/airflow/.local/lib/python3.12/site-packages/airflow/utils/session.py", line 97, in wrapper
    return func(*args, session=session, **kwargs)
           ^^^^^^^^^^^^^^^^^^^^^^^^^^^^^^^^^^^^^^
  File "/home/airflow/.local/lib/python3.12/site-packages/airflow/dag_processing/processor.py", line 942, in process_file
    serialize_errors = DagFileProcessor.save_dag_to_db(
                       ^^^^^^^^^^^^^^^^^^^^^^^^^^^^^^^^
  File "/home/airflow/.local/lib/python3.12/site-packages/airflow/api_internal/internal_api_call.py", line 166, in wrapper
    return func(*args, **kwargs)
           ^^^^^^^^^^^^^^^^^^^^^
  File "/home/airflow/.local/lib/python3.12/site-packages/airflow/utils/session.py", line 97, in wrapper
    return func(*args, session=session, **kwargs)
           ^^^^^^^^^^^^^^^^^^^^^^^^^^^^^^^^^^^^^^
  File "/home/airflow/.local/lib/python3.12/site-packages/airflow/dag_processing/processor.py", line 982, in save_dag_to_db
    import_errors = DagBag._sync_to_db(dags=dags, processor_subdir=dag_directory, session=session)
                    ^^^^^^^^^^^^^^^^^^^^^^^^^^^^^^^^^^^^^^^^^^^^^^^^^^^^^^^^^^^^^^^^^^^^^^^^^^^^^^
  File "/home/airflow/.local/lib/python3.12/site-packages/airflow/utils/session.py", line 94, in wrapper
    return func(*args, **kwargs)
           ^^^^^^^^^^^^^^^^^^^^^
  File "/home/airflow/.local/lib/python3.12/site-packages/airflow/models/dagbag.py", line 708, in _sync_to_db
    for attempt in run_with_db_retries(logger=log):
                   ^^^^^^^^^^^^^^^^^^^^^^^^^^^^^^^
  File "/home/airflow/.local/lib/python3.12/site-packages/tenacity/__init__.py", line 443, in __iter__
    do = self.iter(retry_state=retry_state)
         ^^^^^^^^^^^^^^^^^^^^^^^^^^^^^^^^^^
  File "/home/airflow/.local/lib/python3.12/site-packages/tenacity/__init__.py", line 376, in iter
    result = action(retry_state)
             ^^^^^^^^^^^^^^^^^^^
  File "/home/airflow/.local/lib/python3.12/site-packages/tenacity/__init__.py", line 418, in exc_check
    raise retry_exc.reraise()
          ^^^^^^^^^^^^^^^^^^^
  File "/home/airflow/.local/lib/python3.12/site-packages/tenacity/__init__.py", line 185, in reraise
    raise self.last_attempt.result()
          ^^^^^^^^^^^^^^^^^^^^^^^^^^
  File "/usr/local/lib/python3.12/concurrent/futures/_base.py", line 449, in result
    return self.__get_result()
           ^^^^^^^^^^^^^^^^^^^
  File "/usr/local/lib/python3.12/concurrent/futures/_base.py", line 401, in __get_result
    raise self._exception
  File "/home/airflow/.local/lib/python3.12/site-packages/airflow/models/dagbag.py", line 721, in _sync_to_db
    _serialize_dag_capturing_errors(dag, session, processor_subdir)
  File "/home/airflow/.local/lib/python3.12/site-packages/airflow/models/dagbag.py", line 686, in _serialize_dag_capturing_errors
    dag_was_updated = SerializedDagModel.write_dag(
                      ^^^^^^^^^^^^^^^^^^^^^^^^^^^^^
  File "/home/airflow/.local/lib/python3.12/site-packages/airflow/utils/session.py", line 94, in wrapper
    return func(*args, **kwargs)
           ^^^^^^^^^^^^^^^^^^^^^
  File "/home/airflow/.local/lib/python3.12/site-packages/airflow/models/serialized_dag.py", line 160, in write_dag
    if session.scalar(
       ^^^^^^^^^^^^^^^
  File "/home/airflow/.local/lib/python3.12/site-packages/sqlalchemy/orm/session.py", line 1747, in scalar
    return self.execute(
           ^^^^^^^^^^^^^
  File "/home/airflow/.local/lib/python3.12/site-packages/sqlalchemy/orm/session.py", line 1716, in execute
    conn = self._connection_for_bind(bind)
           ^^^^^^^^^^^^^^^^^^^^^^^^^^^^^^^
  File "/home/airflow/.local/lib/python3.12/site-packages/sqlalchemy/orm/session.py", line 1555, in _connection_for_bind
    return self._transaction._connection_for_bind(
           ^^^^^^^^^^^^^^^^^^^^^^^^^^^^^^^^^^^^^^^
  File "/home/airflow/.local/lib/python3.12/site-packages/sqlalchemy/orm/session.py", line 750, in _connection_for_bind
    conn = bind.connect()
           ^^^^^^^^^^^^^^
  File "/home/airflow/.local/lib/python3.12/site-packages/sqlalchemy/future/engine.py", line 412, in connect
    return super(Engine, self).connect()
           ^^^^^^^^^^^^^^^^^^^^^^^^^^^^^
  File "/home/airflow/.local/lib/python3.12/site-packages/sqlalchemy/engine/base.py", line 3325, in connect
    return self._connection_cls(self, close_with_result=close_with_result)
           ^^^^^^^^^^^^^^^^^^^^^^^^^^^^^^^^^^^^^^^^^^^^^^^^^^^^^^^^^^^^^^^
  File "/home/airflow/.local/lib/python3.12/site-packages/sqlalchemy/engine/base.py", line 96, in __init__
    else engine.raw_connection()
         ^^^^^^^^^^^^^^^^^^^^^^^
  File "/home/airflow/.local/lib/python3.12/site-packages/sqlalchemy/engine/base.py", line 3404, in raw_connection
    return self._wrap_pool_connect(self.pool.connect, _connection)
           ^^^^^^^^^^^^^^^^^^^^^^^^^^^^^^^^^^^^^^^^^^^^^^^^^^^^^^^
  File "/home/airflow/.local/lib/python3.12/site-packages/sqlalchemy/engine/base.py", line 3374, in _wrap_pool_connect
    Connection._handle_dbapi_exception_noconnection(
  File "/home/airflow/.local/lib/python3.12/site-packages/sqlalchemy/engine/base.py", line 2208, in _handle_dbapi_exception_noconnection
    util.raise_(
  File "/home/airflow/.local/lib/python3.12/site-packages/sqlalchemy/util/compat.py", line 211, in raise_
    raise exception
  File "/home/airflow/.local/lib/python3.12/site-packages/sqlalchemy/engine/base.py", line 3371, in _wrap_pool_connect
    return fn()
           ^^^^
  File "/home/airflow/.local/lib/python3.12/site-packages/sqlalchemy/pool/base.py", line 327, in connect
    return _ConnectionFairy._checkout(self)
           ^^^^^^^^^^^^^^^^^^^^^^^^^^^^^^^^
  File "/home/airflow/.local/lib/python3.12/site-packages/sqlalchemy/pool/base.py", line 894, in _checkout
    fairy = _ConnectionRecord.checkout(pool)
            ^^^^^^^^^^^^^^^^^^^^^^^^^^^^^^^^
  File "/home/airflow/.local/lib/python3.12/site-packages/sqlalchemy/pool/base.py", line 493, in checkout
    rec = pool._do_get()
          ^^^^^^^^^^^^^^
  File "/home/airflow/.local/lib/python3.12/site-packages/sqlalchemy/pool/impl.py", line 145, in _do_get
    with util.safe_reraise():
         ^^^^^^^^^^^^^^^^^^^
  File "/home/airflow/.local/lib/python3.12/site-packages/sqlalchemy/util/langhelpers.py", line 70, in __exit__
    compat.raise_(
  File "/home/airflow/.local/lib/python3.12/site-packages/sqlalchemy/util/compat.py", line 211, in raise_
    raise exception
  File "/home/airflow/.local/lib/python3.12/site-packages/sqlalchemy/pool/impl.py", line 143, in _do_get
    return self._create_connection()
           ^^^^^^^^^^^^^^^^^^^^^^^^^
  File "/home/airflow/.local/lib/python3.12/site-packages/sqlalchemy/pool/base.py", line 273, in _create_connection
    return _ConnectionRecord(self)
           ^^^^^^^^^^^^^^^^^^^^^^^
  File "/home/airflow/.local/lib/python3.12/site-packages/sqlalchemy/pool/base.py", line 388, in __init__
    self.__connect()
  File "/home/airflow/.local/lib/python3.12/site-packages/sqlalchemy/pool/base.py", line 690, in __connect
    with util.safe_reraise():
         ^^^^^^^^^^^^^^^^^^^
  File "/home/airflow/.local/lib/python3.12/site-packages/sqlalchemy/util/langhelpers.py", line 70, in __exit__
    compat.raise_(
  File "/home/airflow/.local/lib/python3.12/site-packages/sqlalchemy/util/compat.py", line 211, in raise_
    raise exception
  File "/home/airflow/.local/lib/python3.12/site-packages/sqlalchemy/pool/base.py", line 686, in __connect
    self.dbapi_connection = connection = pool._invoke_creator(self)
                                         ^^^^^^^^^^^^^^^^^^^^^^^^^^
  File "/home/airflow/.local/lib/python3.12/site-packages/sqlalchemy/engine/create.py", line 574, in connect
    return dialect.connect(*cargs, **cparams)
           ^^^^^^^^^^^^^^^^^^^^^^^^^^^^^^^^^^
  File "/home/airflow/.local/lib/python3.12/site-packages/sqlalchemy/engine/default.py", line 598, in connect
    return self.dbapi.connect(*cargs, **cparams)
           ^^^^^^^^^^^^^^^^^^^^^^^^^^^^^^^^^^^^^
  File "/home/airflow/.local/lib/python3.12/site-packages/psycopg2/__init__.py", line 122, in connect
    conn = _connect(dsn, connection_factory=connection_factory, **kwasync)
           ^^^^^^^^^^^^^^^^^^^^^^^^^^^^^^^^^^^^^^^^^^^^^^^^^^^^^^^^^^^^^^^
sqlalchemy.exc.OperationalError: (psycopg2.OperationalError) could not translate host name "postgres" to address: Temporary failure in name resolution

(Background on this error at: https://sqlalche.me/e/14/e3q8)
[2026-09-10T11:37:14.113+0000] {processor.py:186} INFO - Started process (PID=196) to work on /opt/airflow/dags/ingestion_pipelines_dag.py
[2026-09-10T11:37:14.115+0000] {processor.py:914} INFO - Processing file /opt/airflow/dags/ingestion_pipelines_dag.py for tasks to queue
[2026-09-10T11:37:14.125+0000] {logging_mixin.py:190} INFO - [2026-09-10T11:37:14.123+0000] {dagbag.py:588} INFO - Filling up the DagBag from /opt/airflow/dags/ingestion_pipelines_dag.py
[2026-09-10T11:37:14.283+0000] {processor.py:925} INFO - DAG(s) 'datalake_ingestion_pipelines' retrieved from /opt/airflow/dags/ingestion_pipelines_dag.py
[2026-09-10T11:37:14.867+0000] {logging_mixin.py:190} INFO - [2026-09-10T11:37:14.867+0000] {dag.py:3239} INFO - Sync 1 DAGs
[2026-09-10T11:37:14.990+0000] {processor.py:208} INFO - Processing /opt/airflow/dags/ingestion_pipelines_dag.py took 0.914 seconds
[2026-09-10T11:37:45.831+0000] {processor.py:186} INFO - Started process (PID=223) to work on /opt/airflow/dags/ingestion_pipelines_dag.py
[2026-09-10T11:37:45.838+0000] {processor.py:914} INFO - Processing file /opt/airflow/dags/ingestion_pipelines_dag.py for tasks to queue
[2026-09-10T11:37:45.897+0000] {logging_mixin.py:190} INFO - [2026-09-10T11:37:45.879+0000] {dagbag.py:588} INFO - Filling up the DagBag from /opt/airflow/dags/ingestion_pipelines_dag.py
[2026-09-10T11:37:47.525+0000] {processor.py:925} INFO - DAG(s) 'datalake_ingestion_pipelines' retrieved from /opt/airflow/dags/ingestion_pipelines_dag.py
[2026-09-10T11:37:47.662+0000] {logging_mixin.py:190} INFO - [2026-09-10T11:37:47.662+0000] {dag.py:3239} INFO - Sync 1 DAGs
[2026-09-10T11:37:47.897+0000] {processor.py:208} INFO - Processing /opt/airflow/dags/ingestion_pipelines_dag.py took 2.078 seconds
[2026-09-10T11:38:18.217+0000] {processor.py:186} INFO - Started process (PID=236) to work on /opt/airflow/dags/ingestion_pipelines_dag.py
[2026-09-10T11:38:18.219+0000] {processor.py:914} INFO - Processing file /opt/airflow/dags/ingestion_pipelines_dag.py for tasks to queue
[2026-09-10T11:38:18.225+0000] {logging_mixin.py:190} INFO - [2026-09-10T11:38:18.225+0000] {dagbag.py:588} INFO - Filling up the DagBag from /opt/airflow/dags/ingestion_pipelines_dag.py
[2026-09-10T11:38:18.300+0000] {processor.py:925} INFO - DAG(s) 'datalake_ingestion_pipelines' retrieved from /opt/airflow/dags/ingestion_pipelines_dag.py
[2026-09-10T11:38:18.365+0000] {logging_mixin.py:190} INFO - [2026-09-10T11:38:18.365+0000] {dag.py:3239} INFO - Sync 1 DAGs
[2026-09-10T11:38:18.442+0000] {processor.py:208} INFO - Processing /opt/airflow/dags/ingestion_pipelines_dag.py took 0.238 seconds
[2026-09-10T11:38:48.623+0000] {processor.py:186} INFO - Started process (PID=248) to work on /opt/airflow/dags/ingestion_pipelines_dag.py
[2026-09-10T11:38:48.633+0000] {processor.py:914} INFO - Processing file /opt/airflow/dags/ingestion_pipelines_dag.py for tasks to queue
[2026-09-10T11:38:48.682+0000] {logging_mixin.py:190} INFO - [2026-09-10T11:38:48.671+0000] {dagbag.py:588} INFO - Filling up the DagBag from /opt/airflow/dags/ingestion_pipelines_dag.py
[2026-09-10T11:38:49.649+0000] {processor.py:925} INFO - DAG(s) 'datalake_ingestion_pipelines' retrieved from /opt/airflow/dags/ingestion_pipelines_dag.py
[2026-09-10T11:38:51.160+0000] {logging_mixin.py:190} INFO - [2026-09-10T11:38:51.160+0000] {dag.py:3239} INFO - Sync 1 DAGs
[2026-09-10T11:38:51.308+0000] {processor.py:208} INFO - Processing /opt/airflow/dags/ingestion_pipelines_dag.py took 2.695 seconds
[2026-09-10T11:39:21.753+0000] {processor.py:186} INFO - Started process (PID=254) to work on /opt/airflow/dags/ingestion_pipelines_dag.py
[2026-09-10T11:39:21.757+0000] {processor.py:914} INFO - Processing file /opt/airflow/dags/ingestion_pipelines_dag.py for tasks to queue
[2026-09-10T11:39:21.774+0000] {logging_mixin.py:190} INFO - [2026-09-10T11:39:21.773+0000] {dagbag.py:588} INFO - Filling up the DagBag from /opt/airflow/dags/ingestion_pipelines_dag.py
[2026-09-10T11:39:22.204+0000] {processor.py:925} INFO - DAG(s) 'datalake_ingestion_pipelines' retrieved from /opt/airflow/dags/ingestion_pipelines_dag.py
[2026-09-10T11:39:22.795+0000] {logging_mixin.py:190} INFO - [2026-09-10T11:39:22.794+0000] {dag.py:3239} INFO - Sync 1 DAGs
[2026-09-10T11:39:22.980+0000] {processor.py:208} INFO - Processing /opt/airflow/dags/ingestion_pipelines_dag.py took 1.248 seconds
[2026-09-10T11:39:53.480+0000] {processor.py:186} INFO - Started process (PID=267) to work on /opt/airflow/dags/ingestion_pipelines_dag.py
[2026-09-10T11:39:53.482+0000] {processor.py:914} INFO - Processing file /opt/airflow/dags/ingestion_pipelines_dag.py for tasks to queue
[2026-09-10T11:39:53.493+0000] {logging_mixin.py:190} INFO - [2026-09-10T11:39:53.491+0000] {dagbag.py:588} INFO - Filling up the DagBag from /opt/airflow/dags/ingestion_pipelines_dag.py
[2026-09-10T11:39:53.633+0000] {processor.py:925} INFO - DAG(s) 'datalake_ingestion_pipelines' retrieved from /opt/airflow/dags/ingestion_pipelines_dag.py
[2026-09-10T11:39:53.722+0000] {logging_mixin.py:190} INFO - [2026-09-10T11:39:53.722+0000] {dag.py:3239} INFO - Sync 1 DAGs
[2026-09-10T11:39:53.857+0000] {processor.py:208} INFO - Processing /opt/airflow/dags/ingestion_pipelines_dag.py took 0.405 seconds
[2026-09-10T11:40:24.298+0000] {processor.py:186} INFO - Started process (PID=280) to work on /opt/airflow/dags/ingestion_pipelines_dag.py
[2026-09-10T11:40:24.300+0000] {processor.py:914} INFO - Processing file /opt/airflow/dags/ingestion_pipelines_dag.py for tasks to queue
[2026-09-10T11:40:24.304+0000] {logging_mixin.py:190} INFO - [2026-09-10T11:40:24.303+0000] {dagbag.py:588} INFO - Filling up the DagBag from /opt/airflow/dags/ingestion_pipelines_dag.py
[2026-09-10T11:40:24.388+0000] {processor.py:925} INFO - DAG(s) 'datalake_ingestion_pipelines' retrieved from /opt/airflow/dags/ingestion_pipelines_dag.py
[2026-09-10T11:40:24.460+0000] {logging_mixin.py:190} INFO - [2026-09-10T11:40:24.460+0000] {dag.py:3239} INFO - Sync 1 DAGs
[2026-09-10T11:40:24.527+0000] {processor.py:208} INFO - Processing /opt/airflow/dags/ingestion_pipelines_dag.py took 0.244 seconds
[2026-09-10T11:40:54.742+0000] {processor.py:186} INFO - Started process (PID=293) to work on /opt/airflow/dags/ingestion_pipelines_dag.py
[2026-09-10T11:40:54.745+0000] {processor.py:914} INFO - Processing file /opt/airflow/dags/ingestion_pipelines_dag.py for tasks to queue
[2026-09-10T11:40:54.752+0000] {logging_mixin.py:190} INFO - [2026-09-10T11:40:54.750+0000] {dagbag.py:588} INFO - Filling up the DagBag from /opt/airflow/dags/ingestion_pipelines_dag.py
[2026-09-10T11:40:54.807+0000] {processor.py:925} INFO - DAG(s) 'datalake_ingestion_pipelines' retrieved from /opt/airflow/dags/ingestion_pipelines_dag.py
[2026-09-10T11:40:54.897+0000] {logging_mixin.py:190} INFO - [2026-09-10T11:40:54.897+0000] {dag.py:3239} INFO - Sync 1 DAGs
[2026-09-10T11:40:55.014+0000] {processor.py:208} INFO - Processing /opt/airflow/dags/ingestion_pipelines_dag.py took 0.306 seconds
[2026-09-10T11:41:25.368+0000] {processor.py:186} INFO - Started process (PID=306) to work on /opt/airflow/dags/ingestion_pipelines_dag.py
[2026-09-10T11:41:25.370+0000] {processor.py:914} INFO - Processing file /opt/airflow/dags/ingestion_pipelines_dag.py for tasks to queue
[2026-09-10T11:41:25.374+0000] {logging_mixin.py:190} INFO - [2026-09-10T11:41:25.372+0000] {dagbag.py:588} INFO - Filling up the DagBag from /opt/airflow/dags/ingestion_pipelines_dag.py
[2026-09-10T11:41:25.412+0000] {processor.py:925} INFO - DAG(s) 'datalake_ingestion_pipelines' retrieved from /opt/airflow/dags/ingestion_pipelines_dag.py
[2026-09-10T11:41:25.456+0000] {logging_mixin.py:190} INFO - [2026-09-10T11:41:25.456+0000] {dag.py:3239} INFO - Sync 1 DAGs
[2026-09-10T11:41:25.517+0000] {processor.py:208} INFO - Processing /opt/airflow/dags/ingestion_pipelines_dag.py took 0.160 seconds
[2026-09-10T11:41:55.793+0000] {processor.py:186} INFO - Started process (PID=319) to work on /opt/airflow/dags/ingestion_pipelines_dag.py
[2026-09-10T11:41:55.795+0000] {processor.py:914} INFO - Processing file /opt/airflow/dags/ingestion_pipelines_dag.py for tasks to queue
[2026-09-10T11:41:55.799+0000] {logging_mixin.py:190} INFO - [2026-09-10T11:41:55.798+0000] {dagbag.py:588} INFO - Filling up the DagBag from /opt/airflow/dags/ingestion_pipelines_dag.py
[2026-09-10T11:41:55.859+0000] {processor.py:925} INFO - DAG(s) 'datalake_ingestion_pipelines' retrieved from /opt/airflow/dags/ingestion_pipelines_dag.py
[2026-09-10T11:41:55.906+0000] {logging_mixin.py:190} INFO - [2026-09-10T11:41:55.906+0000] {dag.py:3239} INFO - Sync 1 DAGs
[2026-09-10T11:41:56.035+0000] {processor.py:208} INFO - Processing /opt/airflow/dags/ingestion_pipelines_dag.py took 0.251 seconds
[2026-09-10T11:42:26.373+0000] {processor.py:186} INFO - Started process (PID=338) to work on /opt/airflow/dags/ingestion_pipelines_dag.py
[2026-09-10T11:42:26.375+0000] {processor.py:914} INFO - Processing file /opt/airflow/dags/ingestion_pipelines_dag.py for tasks to queue
[2026-09-10T11:42:26.378+0000] {logging_mixin.py:190} INFO - [2026-09-10T11:42:26.378+0000] {dagbag.py:588} INFO - Filling up the DagBag from /opt/airflow/dags/ingestion_pipelines_dag.py
[2026-09-10T11:42:26.414+0000] {processor.py:925} INFO - DAG(s) 'datalake_ingestion_pipelines' retrieved from /opt/airflow/dags/ingestion_pipelines_dag.py
[2026-09-10T11:42:26.452+0000] {logging_mixin.py:190} INFO - [2026-09-10T11:42:26.451+0000] {dag.py:3239} INFO - Sync 1 DAGs
[2026-09-10T11:42:26.509+0000] {processor.py:208} INFO - Processing /opt/airflow/dags/ingestion_pipelines_dag.py took 0.144 seconds
[2026-09-10T11:42:56.733+0000] {processor.py:186} INFO - Started process (PID=350) to work on /opt/airflow/dags/ingestion_pipelines_dag.py
[2026-09-10T11:42:56.736+0000] {processor.py:914} INFO - Processing file /opt/airflow/dags/ingestion_pipelines_dag.py for tasks to queue
[2026-09-10T11:42:56.747+0000] {logging_mixin.py:190} INFO - [2026-09-10T11:42:56.746+0000] {dagbag.py:588} INFO - Filling up the DagBag from /opt/airflow/dags/ingestion_pipelines_dag.py
[2026-09-10T11:42:56.837+0000] {processor.py:925} INFO - DAG(s) 'datalake_ingestion_pipelines' retrieved from /opt/airflow/dags/ingestion_pipelines_dag.py
[2026-09-10T11:42:56.939+0000] {logging_mixin.py:190} INFO - [2026-09-10T11:42:56.939+0000] {dag.py:3239} INFO - Sync 1 DAGs
[2026-09-10T11:42:57.052+0000] {processor.py:208} INFO - Processing /opt/airflow/dags/ingestion_pipelines_dag.py took 0.339 seconds
[2026-09-10T11:43:27.667+0000] {processor.py:186} INFO - Started process (PID=356) to work on /opt/airflow/dags/ingestion_pipelines_dag.py
[2026-09-10T11:43:27.669+0000] {processor.py:914} INFO - Processing file /opt/airflow/dags/ingestion_pipelines_dag.py for tasks to queue
[2026-09-10T11:43:27.679+0000] {logging_mixin.py:190} INFO - [2026-09-10T11:43:27.676+0000] {dagbag.py:588} INFO - Filling up the DagBag from /opt/airflow/dags/ingestion_pipelines_dag.py
[2026-09-10T11:43:27.761+0000] {processor.py:925} INFO - DAG(s) 'datalake_ingestion_pipelines' retrieved from /opt/airflow/dags/ingestion_pipelines_dag.py
[2026-09-10T11:43:27.842+0000] {logging_mixin.py:190} INFO - [2026-09-10T11:43:27.841+0000] {dag.py:3239} INFO - Sync 1 DAGs
[2026-09-10T11:43:27.924+0000] {processor.py:208} INFO - Processing /opt/airflow/dags/ingestion_pipelines_dag.py took 0.279 seconds
[2026-09-10T11:43:59.267+0000] {processor.py:186} INFO - Started process (PID=369) to work on /opt/airflow/dags/ingestion_pipelines_dag.py
[2026-09-10T11:43:59.273+0000] {processor.py:914} INFO - Processing file /opt/airflow/dags/ingestion_pipelines_dag.py for tasks to queue
[2026-09-10T11:43:59.294+0000] {logging_mixin.py:190} INFO - [2026-09-10T11:43:59.287+0000] {dagbag.py:588} INFO - Filling up the DagBag from /opt/airflow/dags/ingestion_pipelines_dag.py
[2026-09-10T11:43:59.458+0000] {processor.py:925} INFO - DAG(s) 'datalake_ingestion_pipelines' retrieved from /opt/airflow/dags/ingestion_pipelines_dag.py
[2026-09-10T11:44:01.239+0000] {logging_mixin.py:190} INFO - [2026-09-10T11:44:01.225+0000] {dag.py:3239} INFO - Sync 1 DAGs
[2026-09-10T11:44:02.115+0000] {processor.py:208} INFO - Processing /opt/airflow/dags/ingestion_pipelines_dag.py took 2.967 seconds
[2026-09-10T11:44:32.737+0000] {processor.py:186} INFO - Started process (PID=382) to work on /opt/airflow/dags/ingestion_pipelines_dag.py
[2026-09-10T11:44:32.739+0000] {processor.py:914} INFO - Processing file /opt/airflow/dags/ingestion_pipelines_dag.py for tasks to queue
[2026-09-10T11:44:32.745+0000] {logging_mixin.py:190} INFO - [2026-09-10T11:44:32.744+0000] {dagbag.py:588} INFO - Filling up the DagBag from /opt/airflow/dags/ingestion_pipelines_dag.py
[2026-09-10T11:44:32.816+0000] {processor.py:925} INFO - DAG(s) 'datalake_ingestion_pipelines' retrieved from /opt/airflow/dags/ingestion_pipelines_dag.py
[2026-09-10T11:44:32.906+0000] {logging_mixin.py:190} INFO - [2026-09-10T11:44:32.905+0000] {dag.py:3239} INFO - Sync 1 DAGs
[2026-09-10T11:44:33.009+0000] {processor.py:208} INFO - Processing /opt/airflow/dags/ingestion_pipelines_dag.py took 0.286 seconds
[2026-09-10T11:45:04.239+0000] {processor.py:186} INFO - Started process (PID=394) to work on /opt/airflow/dags/ingestion_pipelines_dag.py
[2026-09-10T11:45:04.281+0000] {processor.py:914} INFO - Processing file /opt/airflow/dags/ingestion_pipelines_dag.py for tasks to queue
[2026-09-10T11:45:04.361+0000] {logging_mixin.py:190} INFO - [2026-09-10T11:45:04.340+0000] {dagbag.py:588} INFO - Filling up the DagBag from /opt/airflow/dags/ingestion_pipelines_dag.py
[2026-09-10T11:45:15.697+0000] {processor.py:925} INFO - DAG(s) 'datalake_ingestion_pipelines' retrieved from /opt/airflow/dags/ingestion_pipelines_dag.py
[2026-09-10T11:45:47.590+0000] {processor.py:211} ERROR - Got an exception! Propagating...
Traceback (most recent call last):
  File "/home/airflow/.local/lib/python3.12/site-packages/sqlalchemy/engine/base.py", line 3371, in _wrap_pool_connect
    return fn()
           ^^^^
  File "/home/airflow/.local/lib/python3.12/site-packages/sqlalchemy/pool/base.py", line 327, in connect
    return _ConnectionFairy._checkout(self)
           ^^^^^^^^^^^^^^^^^^^^^^^^^^^^^^^^
  File "/home/airflow/.local/lib/python3.12/site-packages/sqlalchemy/pool/base.py", line 894, in _checkout
    fairy = _ConnectionRecord.checkout(pool)
            ^^^^^^^^^^^^^^^^^^^^^^^^^^^^^^^^
  File "/home/airflow/.local/lib/python3.12/site-packages/sqlalchemy/pool/base.py", line 493, in checkout
    rec = pool._do_get()
          ^^^^^^^^^^^^^^
  File "/home/airflow/.local/lib/python3.12/site-packages/sqlalchemy/pool/impl.py", line 145, in _do_get
    with util.safe_reraise():
         ^^^^^^^^^^^^^^^^^^^
  File "/home/airflow/.local/lib/python3.12/site-packages/sqlalchemy/util/langhelpers.py", line 70, in __exit__
    compat.raise_(
  File "/home/airflow/.local/lib/python3.12/site-packages/sqlalchemy/util/compat.py", line 211, in raise_
    raise exception
  File "/home/airflow/.local/lib/python3.12/site-packages/sqlalchemy/pool/impl.py", line 143, in _do_get
    return self._create_connection()
           ^^^^^^^^^^^^^^^^^^^^^^^^^
  File "/home/airflow/.local/lib/python3.12/site-packages/sqlalchemy/pool/base.py", line 273, in _create_connection
    return _ConnectionRecord(self)
           ^^^^^^^^^^^^^^^^^^^^^^^
  File "/home/airflow/.local/lib/python3.12/site-packages/sqlalchemy/pool/base.py", line 388, in __init__
    self.__connect()
  File "/home/airflow/.local/lib/python3.12/site-packages/sqlalchemy/pool/base.py", line 690, in __connect
    with util.safe_reraise():
         ^^^^^^^^^^^^^^^^^^^
  File "/home/airflow/.local/lib/python3.12/site-packages/sqlalchemy/util/langhelpers.py", line 70, in __exit__
    compat.raise_(
  File "/home/airflow/.local/lib/python3.12/site-packages/sqlalchemy/util/compat.py", line 211, in raise_
    raise exception
  File "/home/airflow/.local/lib/python3.12/site-packages/sqlalchemy/pool/base.py", line 686, in __connect
    self.dbapi_connection = connection = pool._invoke_creator(self)
                                         ^^^^^^^^^^^^^^^^^^^^^^^^^^
  File "/home/airflow/.local/lib/python3.12/site-packages/sqlalchemy/engine/create.py", line 574, in connect
    return dialect.connect(*cargs, **cparams)
           ^^^^^^^^^^^^^^^^^^^^^^^^^^^^^^^^^^
  File "/home/airflow/.local/lib/python3.12/site-packages/sqlalchemy/engine/default.py", line 598, in connect
    return self.dbapi.connect(*cargs, **cparams)
           ^^^^^^^^^^^^^^^^^^^^^^^^^^^^^^^^^^^^^
  File "/home/airflow/.local/lib/python3.12/site-packages/psycopg2/__init__.py", line 122, in connect
    conn = _connect(dsn, connection_factory=connection_factory, **kwasync)
           ^^^^^^^^^^^^^^^^^^^^^^^^^^^^^^^^^^^^^^^^^^^^^^^^^^^^^^^^^^^^^^^
psycopg2.OperationalError: could not translate host name "postgres" to address: Temporary failure in name resolution


The above exception was the direct cause of the following exception:

Traceback (most recent call last):
  File "/home/airflow/.local/lib/python3.12/site-packages/airflow/dag_processing/processor.py", line 207, in _run_file_processor
    _handle_dag_file_processing()
  File "/home/airflow/.local/lib/python3.12/site-packages/airflow/dag_processing/processor.py", line 188, in _handle_dag_file_processing
    result: tuple[int, int, int] = dag_file_processor.process_file(
                                   ^^^^^^^^^^^^^^^^^^^^^^^^^^^^^^^^
  File "/home/airflow/.local/lib/python3.12/site-packages/airflow/utils/session.py", line 97, in wrapper
    return func(*args, session=session, **kwargs)
           ^^^^^^^^^^^^^^^^^^^^^^^^^^^^^^^^^^^^^^
  File "/home/airflow/.local/lib/python3.12/site-packages/airflow/dag_processing/processor.py", line 942, in process_file
    serialize_errors = DagFileProcessor.save_dag_to_db(
                       ^^^^^^^^^^^^^^^^^^^^^^^^^^^^^^^^
  File "/home/airflow/.local/lib/python3.12/site-packages/airflow/api_internal/internal_api_call.py", line 166, in wrapper
    return func(*args, **kwargs)
           ^^^^^^^^^^^^^^^^^^^^^
  File "/home/airflow/.local/lib/python3.12/site-packages/airflow/utils/session.py", line 97, in wrapper
    return func(*args, session=session, **kwargs)
           ^^^^^^^^^^^^^^^^^^^^^^^^^^^^^^^^^^^^^^
  File "/home/airflow/.local/lib/python3.12/site-packages/airflow/dag_processing/processor.py", line 982, in save_dag_to_db
    import_errors = DagBag._sync_to_db(dags=dags, processor_subdir=dag_directory, session=session)
                    ^^^^^^^^^^^^^^^^^^^^^^^^^^^^^^^^^^^^^^^^^^^^^^^^^^^^^^^^^^^^^^^^^^^^^^^^^^^^^^
  File "/home/airflow/.local/lib/python3.12/site-packages/airflow/utils/session.py", line 94, in wrapper
    return func(*args, **kwargs)
           ^^^^^^^^^^^^^^^^^^^^^
  File "/home/airflow/.local/lib/python3.12/site-packages/airflow/models/dagbag.py", line 708, in _sync_to_db
    for attempt in run_with_db_retries(logger=log):
                   ^^^^^^^^^^^^^^^^^^^^^^^^^^^^^^^
  File "/home/airflow/.local/lib/python3.12/site-packages/tenacity/__init__.py", line 443, in __iter__
    do = self.iter(retry_state=retry_state)
         ^^^^^^^^^^^^^^^^^^^^^^^^^^^^^^^^^^
  File "/home/airflow/.local/lib/python3.12/site-packages/tenacity/__init__.py", line 376, in iter
    result = action(retry_state)
             ^^^^^^^^^^^^^^^^^^^
  File "/home/airflow/.local/lib/python3.12/site-packages/tenacity/__init__.py", line 418, in exc_check
    raise retry_exc.reraise()
          ^^^^^^^^^^^^^^^^^^^
  File "/home/airflow/.local/lib/python3.12/site-packages/tenacity/__init__.py", line 185, in reraise
    raise self.last_attempt.result()
          ^^^^^^^^^^^^^^^^^^^^^^^^^^
  File "/usr/local/lib/python3.12/concurrent/futures/_base.py", line 449, in result
    return self.__get_result()
           ^^^^^^^^^^^^^^^^^^^
  File "/usr/local/lib/python3.12/concurrent/futures/_base.py", line 401, in __get_result
    raise self._exception
  File "/home/airflow/.local/lib/python3.12/site-packages/airflow/models/dagbag.py", line 721, in _sync_to_db
    _serialize_dag_capturing_errors(dag, session, processor_subdir)
  File "/home/airflow/.local/lib/python3.12/site-packages/airflow/models/dagbag.py", line 686, in _serialize_dag_capturing_errors
    dag_was_updated = SerializedDagModel.write_dag(
                      ^^^^^^^^^^^^^^^^^^^^^^^^^^^^^
  File "/home/airflow/.local/lib/python3.12/site-packages/airflow/utils/session.py", line 94, in wrapper
    return func(*args, **kwargs)
           ^^^^^^^^^^^^^^^^^^^^^
  File "/home/airflow/.local/lib/python3.12/site-packages/airflow/models/serialized_dag.py", line 160, in write_dag
    if session.scalar(
       ^^^^^^^^^^^^^^^
  File "/home/airflow/.local/lib/python3.12/site-packages/sqlalchemy/orm/session.py", line 1747, in scalar
    return self.execute(
           ^^^^^^^^^^^^^
  File "/home/airflow/.local/lib/python3.12/site-packages/sqlalchemy/orm/session.py", line 1716, in execute
    conn = self._connection_for_bind(bind)
           ^^^^^^^^^^^^^^^^^^^^^^^^^^^^^^^
  File "/home/airflow/.local/lib/python3.12/site-packages/sqlalchemy/orm/session.py", line 1555, in _connection_for_bind
    return self._transaction._connection_for_bind(
           ^^^^^^^^^^^^^^^^^^^^^^^^^^^^^^^^^^^^^^^
  File "/home/airflow/.local/lib/python3.12/site-packages/sqlalchemy/orm/session.py", line 750, in _connection_for_bind
    conn = bind.connect()
           ^^^^^^^^^^^^^^
  File "/home/airflow/.local/lib/python3.12/site-packages/sqlalchemy/future/engine.py", line 412, in connect
    return super(Engine, self).connect()
           ^^^^^^^^^^^^^^^^^^^^^^^^^^^^^
  File "/home/airflow/.local/lib/python3.12/site-packages/sqlalchemy/engine/base.py", line 3325, in connect
    return self._connection_cls(self, close_with_result=close_with_result)
           ^^^^^^^^^^^^^^^^^^^^^^^^^^^^^^^^^^^^^^^^^^^^^^^^^^^^^^^^^^^^^^^
  File "/home/airflow/.local/lib/python3.12/site-packages/sqlalchemy/engine/base.py", line 96, in __init__
    else engine.raw_connection()
         ^^^^^^^^^^^^^^^^^^^^^^^
  File "/home/airflow/.local/lib/python3.12/site-packages/sqlalchemy/engine/base.py", line 3404, in raw_connection
    return self._wrap_pool_connect(self.pool.connect, _connection)
           ^^^^^^^^^^^^^^^^^^^^^^^^^^^^^^^^^^^^^^^^^^^^^^^^^^^^^^^
  File "/home/airflow/.local/lib/python3.12/site-packages/sqlalchemy/engine/base.py", line 3374, in _wrap_pool_connect
    Connection._handle_dbapi_exception_noconnection(
  File "/home/airflow/.local/lib/python3.12/site-packages/sqlalchemy/engine/base.py", line 2208, in _handle_dbapi_exception_noconnection
    util.raise_(
  File "/home/airflow/.local/lib/python3.12/site-packages/sqlalchemy/util/compat.py", line 211, in raise_
    raise exception
  File "/home/airflow/.local/lib/python3.12/site-packages/sqlalchemy/engine/base.py", line 3371, in _wrap_pool_connect
    return fn()
           ^^^^
  File "/home/airflow/.local/lib/python3.12/site-packages/sqlalchemy/pool/base.py", line 327, in connect
    return _ConnectionFairy._checkout(self)
           ^^^^^^^^^^^^^^^^^^^^^^^^^^^^^^^^
  File "/home/airflow/.local/lib/python3.12/site-packages/sqlalchemy/pool/base.py", line 894, in _checkout
    fairy = _ConnectionRecord.checkout(pool)
            ^^^^^^^^^^^^^^^^^^^^^^^^^^^^^^^^
  File "/home/airflow/.local/lib/python3.12/site-packages/sqlalchemy/pool/base.py", line 493, in checkout
    rec = pool._do_get()
          ^^^^^^^^^^^^^^
  File "/home/airflow/.local/lib/python3.12/site-packages/sqlalchemy/pool/impl.py", line 145, in _do_get
    with util.safe_reraise():
         ^^^^^^^^^^^^^^^^^^^
  File "/home/airflow/.local/lib/python3.12/site-packages/sqlalchemy/util/langhelpers.py", line 70, in __exit__
    compat.raise_(
  File "/home/airflow/.local/lib/python3.12/site-packages/sqlalchemy/util/compat.py", line 211, in raise_
    raise exception
  File "/home/airflow/.local/lib/python3.12/site-packages/sqlalchemy/pool/impl.py", line 143, in _do_get
    return self._create_connection()
           ^^^^^^^^^^^^^^^^^^^^^^^^^
  File "/home/airflow/.local/lib/python3.12/site-packages/sqlalchemy/pool/base.py", line 273, in _create_connection
    return _ConnectionRecord(self)
           ^^^^^^^^^^^^^^^^^^^^^^^
  File "/home/airflow/.local/lib/python3.12/site-packages/sqlalchemy/pool/base.py", line 388, in __init__
    self.__connect()
  File "/home/airflow/.local/lib/python3.12/site-packages/sqlalchemy/pool/base.py", line 690, in __connect
    with util.safe_reraise():
         ^^^^^^^^^^^^^^^^^^^
  File "/home/airflow/.local/lib/python3.12/site-packages/sqlalchemy/util/langhelpers.py", line 70, in __exit__
    compat.raise_(
  File "/home/airflow/.local/lib/python3.12/site-packages/sqlalchemy/util/compat.py", line 211, in raise_
    raise exception
  File "/home/airflow/.local/lib/python3.12/site-packages/sqlalchemy/pool/base.py", line 686, in __connect
    self.dbapi_connection = connection = pool._invoke_creator(self)
                                         ^^^^^^^^^^^^^^^^^^^^^^^^^^
  File "/home/airflow/.local/lib/python3.12/site-packages/sqlalchemy/engine/create.py", line 574, in connect
    return dialect.connect(*cargs, **cparams)
           ^^^^^^^^^^^^^^^^^^^^^^^^^^^^^^^^^^
  File "/home/airflow/.local/lib/python3.12/site-packages/sqlalchemy/engine/default.py", line 598, in connect
    return self.dbapi.connect(*cargs, **cparams)
           ^^^^^^^^^^^^^^^^^^^^^^^^^^^^^^^^^^^^^
  File "/home/airflow/.local/lib/python3.12/site-packages/psycopg2/__init__.py", line 122, in connect
    conn = _connect(dsn, connection_factory=connection_factory, **kwasync)
           ^^^^^^^^^^^^^^^^^^^^^^^^^^^^^^^^^^^^^^^^^^^^^^^^^^^^^^^^^^^^^^^
sqlalchemy.exc.OperationalError: (psycopg2.OperationalError) could not translate host name "postgres" to address: Temporary failure in name resolution

(Background on this error at: https://sqlalche.me/e/14/e3q8)
[2026-09-10T11:46:22.506+0000] {processor.py:186} INFO - Started process (PID=400) to work on /opt/airflow/dags/ingestion_pipelines_dag.py
[2026-09-10T11:46:22.531+0000] {processor.py:914} INFO - Processing file /opt/airflow/dags/ingestion_pipelines_dag.py for tasks to queue
[2026-09-10T11:46:22.554+0000] {logging_mixin.py:190} INFO - [2026-09-10T11:46:22.547+0000] {dagbag.py:588} INFO - Filling up the DagBag from /opt/airflow/dags/ingestion_pipelines_dag.py
[2026-09-10T11:46:23.063+0000] {processor.py:925} INFO - DAG(s) 'datalake_ingestion_pipelines' retrieved from /opt/airflow/dags/ingestion_pipelines_dag.py
[2026-09-10T11:46:53.688+0000] {processor.py:211} ERROR - Got an exception! Propagating...
Traceback (most recent call last):
  File "/home/airflow/.local/lib/python3.12/site-packages/sqlalchemy/engine/base.py", line 3371, in _wrap_pool_connect
    return fn()
           ^^^^
  File "/home/airflow/.local/lib/python3.12/site-packages/sqlalchemy/pool/base.py", line 327, in connect
    return _ConnectionFairy._checkout(self)
           ^^^^^^^^^^^^^^^^^^^^^^^^^^^^^^^^
  File "/home/airflow/.local/lib/python3.12/site-packages/sqlalchemy/pool/base.py", line 894, in _checkout
    fairy = _ConnectionRecord.checkout(pool)
            ^^^^^^^^^^^^^^^^^^^^^^^^^^^^^^^^
  File "/home/airflow/.local/lib/python3.12/site-packages/sqlalchemy/pool/base.py", line 493, in checkout
    rec = pool._do_get()
          ^^^^^^^^^^^^^^
  File "/home/airflow/.local/lib/python3.12/site-packages/sqlalchemy/pool/impl.py", line 145, in _do_get
    with util.safe_reraise():
         ^^^^^^^^^^^^^^^^^^^
  File "/home/airflow/.local/lib/python3.12/site-packages/sqlalchemy/util/langhelpers.py", line 70, in __exit__
    compat.raise_(
  File "/home/airflow/.local/lib/python3.12/site-packages/sqlalchemy/util/compat.py", line 211, in raise_
    raise exception
  File "/home/airflow/.local/lib/python3.12/site-packages/sqlalchemy/pool/impl.py", line 143, in _do_get
    return self._create_connection()
           ^^^^^^^^^^^^^^^^^^^^^^^^^
  File "/home/airflow/.local/lib/python3.12/site-packages/sqlalchemy/pool/base.py", line 273, in _create_connection
    return _ConnectionRecord(self)
           ^^^^^^^^^^^^^^^^^^^^^^^
  File "/home/airflow/.local/lib/python3.12/site-packages/sqlalchemy/pool/base.py", line 388, in __init__
    self.__connect()
  File "/home/airflow/.local/lib/python3.12/site-packages/sqlalchemy/pool/base.py", line 690, in __connect
    with util.safe_reraise():
         ^^^^^^^^^^^^^^^^^^^
  File "/home/airflow/.local/lib/python3.12/site-packages/sqlalchemy/util/langhelpers.py", line 70, in __exit__
    compat.raise_(
  File "/home/airflow/.local/lib/python3.12/site-packages/sqlalchemy/util/compat.py", line 211, in raise_
    raise exception
  File "/home/airflow/.local/lib/python3.12/site-packages/sqlalchemy/pool/base.py", line 686, in __connect
    self.dbapi_connection = connection = pool._invoke_creator(self)
                                         ^^^^^^^^^^^^^^^^^^^^^^^^^^
  File "/home/airflow/.local/lib/python3.12/site-packages/sqlalchemy/engine/create.py", line 574, in connect
    return dialect.connect(*cargs, **cparams)
           ^^^^^^^^^^^^^^^^^^^^^^^^^^^^^^^^^^
  File "/home/airflow/.local/lib/python3.12/site-packages/sqlalchemy/engine/default.py", line 598, in connect
    return self.dbapi.connect(*cargs, **cparams)
           ^^^^^^^^^^^^^^^^^^^^^^^^^^^^^^^^^^^^^
  File "/home/airflow/.local/lib/python3.12/site-packages/psycopg2/__init__.py", line 122, in connect
    conn = _connect(dsn, connection_factory=connection_factory, **kwasync)
           ^^^^^^^^^^^^^^^^^^^^^^^^^^^^^^^^^^^^^^^^^^^^^^^^^^^^^^^^^^^^^^^
psycopg2.OperationalError: could not translate host name "postgres" to address: Temporary failure in name resolution


The above exception was the direct cause of the following exception:

Traceback (most recent call last):
  File "/home/airflow/.local/lib/python3.12/site-packages/airflow/dag_processing/processor.py", line 207, in _run_file_processor
    _handle_dag_file_processing()
  File "/home/airflow/.local/lib/python3.12/site-packages/airflow/dag_processing/processor.py", line 188, in _handle_dag_file_processing
    result: tuple[int, int, int] = dag_file_processor.process_file(
                                   ^^^^^^^^^^^^^^^^^^^^^^^^^^^^^^^^
  File "/home/airflow/.local/lib/python3.12/site-packages/airflow/utils/session.py", line 97, in wrapper
    return func(*args, session=session, **kwargs)
           ^^^^^^^^^^^^^^^^^^^^^^^^^^^^^^^^^^^^^^
  File "/home/airflow/.local/lib/python3.12/site-packages/airflow/dag_processing/processor.py", line 942, in process_file
    serialize_errors = DagFileProcessor.save_dag_to_db(
                       ^^^^^^^^^^^^^^^^^^^^^^^^^^^^^^^^
  File "/home/airflow/.local/lib/python3.12/site-packages/airflow/api_internal/internal_api_call.py", line 166, in wrapper
    return func(*args, **kwargs)
           ^^^^^^^^^^^^^^^^^^^^^
  File "/home/airflow/.local/lib/python3.12/site-packages/airflow/utils/session.py", line 97, in wrapper
    return func(*args, session=session, **kwargs)
           ^^^^^^^^^^^^^^^^^^^^^^^^^^^^^^^^^^^^^^
  File "/home/airflow/.local/lib/python3.12/site-packages/airflow/dag_processing/processor.py", line 982, in save_dag_to_db
    import_errors = DagBag._sync_to_db(dags=dags, processor_subdir=dag_directory, session=session)
                    ^^^^^^^^^^^^^^^^^^^^^^^^^^^^^^^^^^^^^^^^^^^^^^^^^^^^^^^^^^^^^^^^^^^^^^^^^^^^^^
  File "/home/airflow/.local/lib/python3.12/site-packages/airflow/utils/session.py", line 94, in wrapper
    return func(*args, **kwargs)
           ^^^^^^^^^^^^^^^^^^^^^
  File "/home/airflow/.local/lib/python3.12/site-packages/airflow/models/dagbag.py", line 708, in _sync_to_db
    for attempt in run_with_db_retries(logger=log):
                   ^^^^^^^^^^^^^^^^^^^^^^^^^^^^^^^
  File "/home/airflow/.local/lib/python3.12/site-packages/tenacity/__init__.py", line 443, in __iter__
    do = self.iter(retry_state=retry_state)
         ^^^^^^^^^^^^^^^^^^^^^^^^^^^^^^^^^^
  File "/home/airflow/.local/lib/python3.12/site-packages/tenacity/__init__.py", line 376, in iter
    result = action(retry_state)
             ^^^^^^^^^^^^^^^^^^^
  File "/home/airflow/.local/lib/python3.12/site-packages/tenacity/__init__.py", line 418, in exc_check
    raise retry_exc.reraise()
          ^^^^^^^^^^^^^^^^^^^
  File "/home/airflow/.local/lib/python3.12/site-packages/tenacity/__init__.py", line 185, in reraise
    raise self.last_attempt.result()
          ^^^^^^^^^^^^^^^^^^^^^^^^^^
  File "/usr/local/lib/python3.12/concurrent/futures/_base.py", line 449, in result
    return self.__get_result()
           ^^^^^^^^^^^^^^^^^^^
  File "/usr/local/lib/python3.12/concurrent/futures/_base.py", line 401, in __get_result
    raise self._exception
  File "/home/airflow/.local/lib/python3.12/site-packages/airflow/models/dagbag.py", line 721, in _sync_to_db
    _serialize_dag_capturing_errors(dag, session, processor_subdir)
  File "/home/airflow/.local/lib/python3.12/site-packages/airflow/models/dagbag.py", line 686, in _serialize_dag_capturing_errors
    dag_was_updated = SerializedDagModel.write_dag(
                      ^^^^^^^^^^^^^^^^^^^^^^^^^^^^^
  File "/home/airflow/.local/lib/python3.12/site-packages/airflow/utils/session.py", line 94, in wrapper
    return func(*args, **kwargs)
           ^^^^^^^^^^^^^^^^^^^^^
  File "/home/airflow/.local/lib/python3.12/site-packages/airflow/models/serialized_dag.py", line 160, in write_dag
    if session.scalar(
       ^^^^^^^^^^^^^^^
  File "/home/airflow/.local/lib/python3.12/site-packages/sqlalchemy/orm/session.py", line 1747, in scalar
    return self.execute(
           ^^^^^^^^^^^^^
  File "/home/airflow/.local/lib/python3.12/site-packages/sqlalchemy/orm/session.py", line 1716, in execute
    conn = self._connection_for_bind(bind)
           ^^^^^^^^^^^^^^^^^^^^^^^^^^^^^^^
  File "/home/airflow/.local/lib/python3.12/site-packages/sqlalchemy/orm/session.py", line 1555, in _connection_for_bind
    return self._transaction._connection_for_bind(
           ^^^^^^^^^^^^^^^^^^^^^^^^^^^^^^^^^^^^^^^
  File "/home/airflow/.local/lib/python3.12/site-packages/sqlalchemy/orm/session.py", line 750, in _connection_for_bind
    conn = bind.connect()
           ^^^^^^^^^^^^^^
  File "/home/airflow/.local/lib/python3.12/site-packages/sqlalchemy/future/engine.py", line 412, in connect
    return super(Engine, self).connect()
           ^^^^^^^^^^^^^^^^^^^^^^^^^^^^^
  File "/home/airflow/.local/lib/python3.12/site-packages/sqlalchemy/engine/base.py", line 3325, in connect
    return self._connection_cls(self, close_with_result=close_with_result)
           ^^^^^^^^^^^^^^^^^^^^^^^^^^^^^^^^^^^^^^^^^^^^^^^^^^^^^^^^^^^^^^^
  File "/home/airflow/.local/lib/python3.12/site-packages/sqlalchemy/engine/base.py", line 96, in __init__
    else engine.raw_connection()
         ^^^^^^^^^^^^^^^^^^^^^^^
  File "/home/airflow/.local/lib/python3.12/site-packages/sqlalchemy/engine/base.py", line 3404, in raw_connection
    return self._wrap_pool_connect(self.pool.connect, _connection)
           ^^^^^^^^^^^^^^^^^^^^^^^^^^^^^^^^^^^^^^^^^^^^^^^^^^^^^^^
  File "/home/airflow/.local/lib/python3.12/site-packages/sqlalchemy/engine/base.py", line 3374, in _wrap_pool_connect
    Connection._handle_dbapi_exception_noconnection(
  File "/home/airflow/.local/lib/python3.12/site-packages/sqlalchemy/engine/base.py", line 2208, in _handle_dbapi_exception_noconnection
    util.raise_(
  File "/home/airflow/.local/lib/python3.12/site-packages/sqlalchemy/util/compat.py", line 211, in raise_
    raise exception
  File "/home/airflow/.local/lib/python3.12/site-packages/sqlalchemy/engine/base.py", line 3371, in _wrap_pool_connect
    return fn()
           ^^^^
  File "/home/airflow/.local/lib/python3.12/site-packages/sqlalchemy/pool/base.py", line 327, in connect
    return _ConnectionFairy._checkout(self)
           ^^^^^^^^^^^^^^^^^^^^^^^^^^^^^^^^
  File "/home/airflow/.local/lib/python3.12/site-packages/sqlalchemy/pool/base.py", line 894, in _checkout
    fairy = _ConnectionRecord.checkout(pool)
            ^^^^^^^^^^^^^^^^^^^^^^^^^^^^^^^^
  File "/home/airflow/.local/lib/python3.12/site-packages/sqlalchemy/pool/base.py", line 493, in checkout
    rec = pool._do_get()
          ^^^^^^^^^^^^^^
  File "/home/airflow/.local/lib/python3.12/site-packages/sqlalchemy/pool/impl.py", line 145, in _do_get
    with util.safe_reraise():
         ^^^^^^^^^^^^^^^^^^^
  File "/home/airflow/.local/lib/python3.12/site-packages/sqlalchemy/util/langhelpers.py", line 70, in __exit__
    compat.raise_(
  File "/home/airflow/.local/lib/python3.12/site-packages/sqlalchemy/util/compat.py", line 211, in raise_
    raise exception
  File "/home/airflow/.local/lib/python3.12/site-packages/sqlalchemy/pool/impl.py", line 143, in _do_get
    return self._create_connection()
           ^^^^^^^^^^^^^^^^^^^^^^^^^
  File "/home/airflow/.local/lib/python3.12/site-packages/sqlalchemy/pool/base.py", line 273, in _create_connection
    return _ConnectionRecord(self)
           ^^^^^^^^^^^^^^^^^^^^^^^
  File "/home/airflow/.local/lib/python3.12/site-packages/sqlalchemy/pool/base.py", line 388, in __init__
    self.__connect()
  File "/home/airflow/.local/lib/python3.12/site-packages/sqlalchemy/pool/base.py", line 690, in __connect
    with util.safe_reraise():
         ^^^^^^^^^^^^^^^^^^^
  File "/home/airflow/.local/lib/python3.12/site-packages/sqlalchemy/util/langhelpers.py", line 70, in __exit__
    compat.raise_(
  File "/home/airflow/.local/lib/python3.12/site-packages/sqlalchemy/util/compat.py", line 211, in raise_
    raise exception
  File "/home/airflow/.local/lib/python3.12/site-packages/sqlalchemy/pool/base.py", line 686, in __connect
    self.dbapi_connection = connection = pool._invoke_creator(self)
                                         ^^^^^^^^^^^^^^^^^^^^^^^^^^
  File "/home/airflow/.local/lib/python3.12/site-packages/sqlalchemy/engine/create.py", line 574, in connect
    return dialect.connect(*cargs, **cparams)
           ^^^^^^^^^^^^^^^^^^^^^^^^^^^^^^^^^^
  File "/home/airflow/.local/lib/python3.12/site-packages/sqlalchemy/engine/default.py", line 598, in connect
    return self.dbapi.connect(*cargs, **cparams)
           ^^^^^^^^^^^^^^^^^^^^^^^^^^^^^^^^^^^^^
  File "/home/airflow/.local/lib/python3.12/site-packages/psycopg2/__init__.py", line 122, in connect
    conn = _connect(dsn, connection_factory=connection_factory, **kwasync)
           ^^^^^^^^^^^^^^^^^^^^^^^^^^^^^^^^^^^^^^^^^^^^^^^^^^^^^^^^^^^^^^^
sqlalchemy.exc.OperationalError: (psycopg2.OperationalError) could not translate host name "postgres" to address: Temporary failure in name resolution

(Background on this error at: https://sqlalche.me/e/14/e3q8)
[2026-09-10T11:47:27.572+0000] {processor.py:186} INFO - Started process (PID=405) to work on /opt/airflow/dags/ingestion_pipelines_dag.py
[2026-09-10T11:47:27.673+0000] {processor.py:914} INFO - Processing file /opt/airflow/dags/ingestion_pipelines_dag.py for tasks to queue
[2026-09-10T11:47:27.815+0000] {logging_mixin.py:190} INFO - [2026-09-10T11:47:27.719+0000] {dagbag.py:588} INFO - Filling up the DagBag from /opt/airflow/dags/ingestion_pipelines_dag.py
[2026-09-10T11:47:28.935+0000] {processor.py:925} INFO - DAG(s) 'datalake_ingestion_pipelines' retrieved from /opt/airflow/dags/ingestion_pipelines_dag.py
[2026-09-10T11:48:03.542+0000] {processor.py:211} ERROR - Got an exception! Propagating...
Traceback (most recent call last):
  File "/home/airflow/.local/lib/python3.12/site-packages/sqlalchemy/engine/base.py", line 3371, in _wrap_pool_connect
    return fn()
           ^^^^
  File "/home/airflow/.local/lib/python3.12/site-packages/sqlalchemy/pool/base.py", line 327, in connect
    return _ConnectionFairy._checkout(self)
           ^^^^^^^^^^^^^^^^^^^^^^^^^^^^^^^^
  File "/home/airflow/.local/lib/python3.12/site-packages/sqlalchemy/pool/base.py", line 894, in _checkout
    fairy = _ConnectionRecord.checkout(pool)
            ^^^^^^^^^^^^^^^^^^^^^^^^^^^^^^^^
  File "/home/airflow/.local/lib/python3.12/site-packages/sqlalchemy/pool/base.py", line 493, in checkout
    rec = pool._do_get()
          ^^^^^^^^^^^^^^
  File "/home/airflow/.local/lib/python3.12/site-packages/sqlalchemy/pool/impl.py", line 145, in _do_get
    with util.safe_reraise():
         ^^^^^^^^^^^^^^^^^^^
  File "/home/airflow/.local/lib/python3.12/site-packages/sqlalchemy/util/langhelpers.py", line 70, in __exit__
    compat.raise_(
  File "/home/airflow/.local/lib/python3.12/site-packages/sqlalchemy/util/compat.py", line 211, in raise_
    raise exception
  File "/home/airflow/.local/lib/python3.12/site-packages/sqlalchemy/pool/impl.py", line 143, in _do_get
    return self._create_connection()
           ^^^^^^^^^^^^^^^^^^^^^^^^^
  File "/home/airflow/.local/lib/python3.12/site-packages/sqlalchemy/pool/base.py", line 273, in _create_connection
    return _ConnectionRecord(self)
           ^^^^^^^^^^^^^^^^^^^^^^^
  File "/home/airflow/.local/lib/python3.12/site-packages/sqlalchemy/pool/base.py", line 388, in __init__
    self.__connect()
  File "/home/airflow/.local/lib/python3.12/site-packages/sqlalchemy/pool/base.py", line 690, in __connect
    with util.safe_reraise():
         ^^^^^^^^^^^^^^^^^^^
  File "/home/airflow/.local/lib/python3.12/site-packages/sqlalchemy/util/langhelpers.py", line 70, in __exit__
    compat.raise_(
  File "/home/airflow/.local/lib/python3.12/site-packages/sqlalchemy/util/compat.py", line 211, in raise_
    raise exception
  File "/home/airflow/.local/lib/python3.12/site-packages/sqlalchemy/pool/base.py", line 686, in __connect
    self.dbapi_connection = connection = pool._invoke_creator(self)
                                         ^^^^^^^^^^^^^^^^^^^^^^^^^^
  File "/home/airflow/.local/lib/python3.12/site-packages/sqlalchemy/engine/create.py", line 574, in connect
    return dialect.connect(*cargs, **cparams)
           ^^^^^^^^^^^^^^^^^^^^^^^^^^^^^^^^^^
  File "/home/airflow/.local/lib/python3.12/site-packages/sqlalchemy/engine/default.py", line 598, in connect
    return self.dbapi.connect(*cargs, **cparams)
           ^^^^^^^^^^^^^^^^^^^^^^^^^^^^^^^^^^^^^
  File "/home/airflow/.local/lib/python3.12/site-packages/psycopg2/__init__.py", line 122, in connect
    conn = _connect(dsn, connection_factory=connection_factory, **kwasync)
           ^^^^^^^^^^^^^^^^^^^^^^^^^^^^^^^^^^^^^^^^^^^^^^^^^^^^^^^^^^^^^^^
psycopg2.OperationalError: could not translate host name "postgres" to address: Temporary failure in name resolution


The above exception was the direct cause of the following exception:

Traceback (most recent call last):
  File "/home/airflow/.local/lib/python3.12/site-packages/airflow/dag_processing/processor.py", line 207, in _run_file_processor
    _handle_dag_file_processing()
  File "/home/airflow/.local/lib/python3.12/site-packages/airflow/dag_processing/processor.py", line 188, in _handle_dag_file_processing
    result: tuple[int, int, int] = dag_file_processor.process_file(
                                   ^^^^^^^^^^^^^^^^^^^^^^^^^^^^^^^^
  File "/home/airflow/.local/lib/python3.12/site-packages/airflow/utils/session.py", line 97, in wrapper
    return func(*args, session=session, **kwargs)
           ^^^^^^^^^^^^^^^^^^^^^^^^^^^^^^^^^^^^^^
  File "/home/airflow/.local/lib/python3.12/site-packages/airflow/dag_processing/processor.py", line 942, in process_file
    serialize_errors = DagFileProcessor.save_dag_to_db(
                       ^^^^^^^^^^^^^^^^^^^^^^^^^^^^^^^^
  File "/home/airflow/.local/lib/python3.12/site-packages/airflow/api_internal/internal_api_call.py", line 166, in wrapper
    return func(*args, **kwargs)
           ^^^^^^^^^^^^^^^^^^^^^
  File "/home/airflow/.local/lib/python3.12/site-packages/airflow/utils/session.py", line 97, in wrapper
    return func(*args, session=session, **kwargs)
           ^^^^^^^^^^^^^^^^^^^^^^^^^^^^^^^^^^^^^^
  File "/home/airflow/.local/lib/python3.12/site-packages/airflow/dag_processing/processor.py", line 982, in save_dag_to_db
    import_errors = DagBag._sync_to_db(dags=dags, processor_subdir=dag_directory, session=session)
                    ^^^^^^^^^^^^^^^^^^^^^^^^^^^^^^^^^^^^^^^^^^^^^^^^^^^^^^^^^^^^^^^^^^^^^^^^^^^^^^
  File "/home/airflow/.local/lib/python3.12/site-packages/airflow/utils/session.py", line 94, in wrapper
    return func(*args, **kwargs)
           ^^^^^^^^^^^^^^^^^^^^^
  File "/home/airflow/.local/lib/python3.12/site-packages/airflow/models/dagbag.py", line 708, in _sync_to_db
    for attempt in run_with_db_retries(logger=log):
                   ^^^^^^^^^^^^^^^^^^^^^^^^^^^^^^^
  File "/home/airflow/.local/lib/python3.12/site-packages/tenacity/__init__.py", line 443, in __iter__
    do = self.iter(retry_state=retry_state)
         ^^^^^^^^^^^^^^^^^^^^^^^^^^^^^^^^^^
  File "/home/airflow/.local/lib/python3.12/site-packages/tenacity/__init__.py", line 376, in iter
    result = action(retry_state)
             ^^^^^^^^^^^^^^^^^^^
  File "/home/airflow/.local/lib/python3.12/site-packages/tenacity/__init__.py", line 418, in exc_check
    raise retry_exc.reraise()
          ^^^^^^^^^^^^^^^^^^^
  File "/home/airflow/.local/lib/python3.12/site-packages/tenacity/__init__.py", line 185, in reraise
    raise self.last_attempt.result()
          ^^^^^^^^^^^^^^^^^^^^^^^^^^
  File "/usr/local/lib/python3.12/concurrent/futures/_base.py", line 449, in result
    return self.__get_result()
           ^^^^^^^^^^^^^^^^^^^
  File "/usr/local/lib/python3.12/concurrent/futures/_base.py", line 401, in __get_result
    raise self._exception
  File "/home/airflow/.local/lib/python3.12/site-packages/airflow/models/dagbag.py", line 721, in _sync_to_db
    _serialize_dag_capturing_errors(dag, session, processor_subdir)
  File "/home/airflow/.local/lib/python3.12/site-packages/airflow/models/dagbag.py", line 686, in _serialize_dag_capturing_errors
    dag_was_updated = SerializedDagModel.write_dag(
                      ^^^^^^^^^^^^^^^^^^^^^^^^^^^^^
  File "/home/airflow/.local/lib/python3.12/site-packages/airflow/utils/session.py", line 94, in wrapper
    return func(*args, **kwargs)
           ^^^^^^^^^^^^^^^^^^^^^
  File "/home/airflow/.local/lib/python3.12/site-packages/airflow/models/serialized_dag.py", line 160, in write_dag
    if session.scalar(
       ^^^^^^^^^^^^^^^
  File "/home/airflow/.local/lib/python3.12/site-packages/sqlalchemy/orm/session.py", line 1747, in scalar
    return self.execute(
           ^^^^^^^^^^^^^
  File "/home/airflow/.local/lib/python3.12/site-packages/sqlalchemy/orm/session.py", line 1716, in execute
    conn = self._connection_for_bind(bind)
           ^^^^^^^^^^^^^^^^^^^^^^^^^^^^^^^
  File "/home/airflow/.local/lib/python3.12/site-packages/sqlalchemy/orm/session.py", line 1555, in _connection_for_bind
    return self._transaction._connection_for_bind(
           ^^^^^^^^^^^^^^^^^^^^^^^^^^^^^^^^^^^^^^^
  File "/home/airflow/.local/lib/python3.12/site-packages/sqlalchemy/orm/session.py", line 750, in _connection_for_bind
    conn = bind.connect()
           ^^^^^^^^^^^^^^
  File "/home/airflow/.local/lib/python3.12/site-packages/sqlalchemy/future/engine.py", line 412, in connect
    return super(Engine, self).connect()
           ^^^^^^^^^^^^^^^^^^^^^^^^^^^^^
  File "/home/airflow/.local/lib/python3.12/site-packages/sqlalchemy/engine/base.py", line 3325, in connect
    return self._connection_cls(self, close_with_result=close_with_result)
           ^^^^^^^^^^^^^^^^^^^^^^^^^^^^^^^^^^^^^^^^^^^^^^^^^^^^^^^^^^^^^^^
  File "/home/airflow/.local/lib/python3.12/site-packages/sqlalchemy/engine/base.py", line 96, in __init__
    else engine.raw_connection()
         ^^^^^^^^^^^^^^^^^^^^^^^
  File "/home/airflow/.local/lib/python3.12/site-packages/sqlalchemy/engine/base.py", line 3404, in raw_connection
    return self._wrap_pool_connect(self.pool.connect, _connection)
           ^^^^^^^^^^^^^^^^^^^^^^^^^^^^^^^^^^^^^^^^^^^^^^^^^^^^^^^
  File "/home/airflow/.local/lib/python3.12/site-packages/sqlalchemy/engine/base.py", line 3374, in _wrap_pool_connect
    Connection._handle_dbapi_exception_noconnection(
  File "/home/airflow/.local/lib/python3.12/site-packages/sqlalchemy/engine/base.py", line 2208, in _handle_dbapi_exception_noconnection
    util.raise_(
  File "/home/airflow/.local/lib/python3.12/site-packages/sqlalchemy/util/compat.py", line 211, in raise_
    raise exception
  File "/home/airflow/.local/lib/python3.12/site-packages/sqlalchemy/engine/base.py", line 3371, in _wrap_pool_connect
    return fn()
           ^^^^
  File "/home/airflow/.local/lib/python3.12/site-packages/sqlalchemy/pool/base.py", line 327, in connect
    return _ConnectionFairy._checkout(self)
           ^^^^^^^^^^^^^^^^^^^^^^^^^^^^^^^^
  File "/home/airflow/.local/lib/python3.12/site-packages/sqlalchemy/pool/base.py", line 894, in _checkout
    fairy = _ConnectionRecord.checkout(pool)
            ^^^^^^^^^^^^^^^^^^^^^^^^^^^^^^^^
  File "/home/airflow/.local/lib/python3.12/site-packages/sqlalchemy/pool/base.py", line 493, in checkout
    rec = pool._do_get()
          ^^^^^^^^^^^^^^
  File "/home/airflow/.local/lib/python3.12/site-packages/sqlalchemy/pool/impl.py", line 145, in _do_get
    with util.safe_reraise():
         ^^^^^^^^^^^^^^^^^^^
  File "/home/airflow/.local/lib/python3.12/site-packages/sqlalchemy/util/langhelpers.py", line 70, in __exit__
    compat.raise_(
  File "/home/airflow/.local/lib/python3.12/site-packages/sqlalchemy/util/compat.py", line 211, in raise_
    raise exception
  File "/home/airflow/.local/lib/python3.12/site-packages/sqlalchemy/pool/impl.py", line 143, in _do_get
    return self._create_connection()
           ^^^^^^^^^^^^^^^^^^^^^^^^^
  File "/home/airflow/.local/lib/python3.12/site-packages/sqlalchemy/pool/base.py", line 273, in _create_connection
    return _ConnectionRecord(self)
           ^^^^^^^^^^^^^^^^^^^^^^^
  File "/home/airflow/.local/lib/python3.12/site-packages/sqlalchemy/pool/base.py", line 388, in __init__
    self.__connect()
  File "/home/airflow/.local/lib/python3.12/site-packages/sqlalchemy/pool/base.py", line 690, in __connect
    with util.safe_reraise():
         ^^^^^^^^^^^^^^^^^^^
  File "/home/airflow/.local/lib/python3.12/site-packages/sqlalchemy/util/langhelpers.py", line 70, in __exit__
    compat.raise_(
  File "/home/airflow/.local/lib/python3.12/site-packages/sqlalchemy/util/compat.py", line 211, in raise_
    raise exception
  File "/home/airflow/.local/lib/python3.12/site-packages/sqlalchemy/pool/base.py", line 686, in __connect
    self.dbapi_connection = connection = pool._invoke_creator(self)
                                         ^^^^^^^^^^^^^^^^^^^^^^^^^^
  File "/home/airflow/.local/lib/python3.12/site-packages/sqlalchemy/engine/create.py", line 574, in connect
    return dialect.connect(*cargs, **cparams)
           ^^^^^^^^^^^^^^^^^^^^^^^^^^^^^^^^^^
  File "/home/airflow/.local/lib/python3.12/site-packages/sqlalchemy/engine/default.py", line 598, in connect
    return self.dbapi.connect(*cargs, **cparams)
           ^^^^^^^^^^^^^^^^^^^^^^^^^^^^^^^^^^^^^
  File "/home/airflow/.local/lib/python3.12/site-packages/psycopg2/__init__.py", line 122, in connect
    conn = _connect(dsn, connection_factory=connection_factory, **kwasync)
           ^^^^^^^^^^^^^^^^^^^^^^^^^^^^^^^^^^^^^^^^^^^^^^^^^^^^^^^^^^^^^^^
sqlalchemy.exc.OperationalError: (psycopg2.OperationalError) could not translate host name "postgres" to address: Temporary failure in name resolution

(Background on this error at: https://sqlalche.me/e/14/e3q8)
[2026-09-10T11:48:51.678+0000] {processor.py:186} INFO - Started process (PID=410) to work on /opt/airflow/dags/ingestion_pipelines_dag.py
[2026-09-10T11:48:51.767+0000] {processor.py:914} INFO - Processing file /opt/airflow/dags/ingestion_pipelines_dag.py for tasks to queue
[2026-09-10T11:48:51.858+0000] {logging_mixin.py:190} INFO - [2026-09-10T11:48:51.811+0000] {dagbag.py:588} INFO - Filling up the DagBag from /opt/airflow/dags/ingestion_pipelines_dag.py
[2026-09-10T11:48:53.485+0000] {processor.py:925} INFO - DAG(s) 'datalake_ingestion_pipelines' retrieved from /opt/airflow/dags/ingestion_pipelines_dag.py
[2026-09-10T11:49:24.731+0000] {processor.py:211} ERROR - Got an exception! Propagating...
Traceback (most recent call last):
  File "/home/airflow/.local/lib/python3.12/site-packages/sqlalchemy/engine/base.py", line 3371, in _wrap_pool_connect
    return fn()
           ^^^^
  File "/home/airflow/.local/lib/python3.12/site-packages/sqlalchemy/pool/base.py", line 327, in connect
    return _ConnectionFairy._checkout(self)
           ^^^^^^^^^^^^^^^^^^^^^^^^^^^^^^^^
  File "/home/airflow/.local/lib/python3.12/site-packages/sqlalchemy/pool/base.py", line 894, in _checkout
    fairy = _ConnectionRecord.checkout(pool)
            ^^^^^^^^^^^^^^^^^^^^^^^^^^^^^^^^
  File "/home/airflow/.local/lib/python3.12/site-packages/sqlalchemy/pool/base.py", line 493, in checkout
    rec = pool._do_get()
          ^^^^^^^^^^^^^^
  File "/home/airflow/.local/lib/python3.12/site-packages/sqlalchemy/pool/impl.py", line 145, in _do_get
    with util.safe_reraise():
         ^^^^^^^^^^^^^^^^^^^
  File "/home/airflow/.local/lib/python3.12/site-packages/sqlalchemy/util/langhelpers.py", line 70, in __exit__
    compat.raise_(
  File "/home/airflow/.local/lib/python3.12/site-packages/sqlalchemy/util/compat.py", line 211, in raise_
    raise exception
  File "/home/airflow/.local/lib/python3.12/site-packages/sqlalchemy/pool/impl.py", line 143, in _do_get
    return self._create_connection()
           ^^^^^^^^^^^^^^^^^^^^^^^^^
  File "/home/airflow/.local/lib/python3.12/site-packages/sqlalchemy/pool/base.py", line 273, in _create_connection
    return _ConnectionRecord(self)
           ^^^^^^^^^^^^^^^^^^^^^^^
  File "/home/airflow/.local/lib/python3.12/site-packages/sqlalchemy/pool/base.py", line 388, in __init__
    self.__connect()
  File "/home/airflow/.local/lib/python3.12/site-packages/sqlalchemy/pool/base.py", line 690, in __connect
    with util.safe_reraise():
         ^^^^^^^^^^^^^^^^^^^
  File "/home/airflow/.local/lib/python3.12/site-packages/sqlalchemy/util/langhelpers.py", line 70, in __exit__
    compat.raise_(
  File "/home/airflow/.local/lib/python3.12/site-packages/sqlalchemy/util/compat.py", line 211, in raise_
    raise exception
  File "/home/airflow/.local/lib/python3.12/site-packages/sqlalchemy/pool/base.py", line 686, in __connect
    self.dbapi_connection = connection = pool._invoke_creator(self)
                                         ^^^^^^^^^^^^^^^^^^^^^^^^^^
  File "/home/airflow/.local/lib/python3.12/site-packages/sqlalchemy/engine/create.py", line 574, in connect
    return dialect.connect(*cargs, **cparams)
           ^^^^^^^^^^^^^^^^^^^^^^^^^^^^^^^^^^
  File "/home/airflow/.local/lib/python3.12/site-packages/sqlalchemy/engine/default.py", line 598, in connect
    return self.dbapi.connect(*cargs, **cparams)
           ^^^^^^^^^^^^^^^^^^^^^^^^^^^^^^^^^^^^^
  File "/home/airflow/.local/lib/python3.12/site-packages/psycopg2/__init__.py", line 122, in connect
    conn = _connect(dsn, connection_factory=connection_factory, **kwasync)
           ^^^^^^^^^^^^^^^^^^^^^^^^^^^^^^^^^^^^^^^^^^^^^^^^^^^^^^^^^^^^^^^
psycopg2.OperationalError: could not translate host name "postgres" to address: Temporary failure in name resolution


The above exception was the direct cause of the following exception:

Traceback (most recent call last):
  File "/home/airflow/.local/lib/python3.12/site-packages/airflow/dag_processing/processor.py", line 207, in _run_file_processor
    _handle_dag_file_processing()
  File "/home/airflow/.local/lib/python3.12/site-packages/airflow/dag_processing/processor.py", line 188, in _handle_dag_file_processing
    result: tuple[int, int, int] = dag_file_processor.process_file(
                                   ^^^^^^^^^^^^^^^^^^^^^^^^^^^^^^^^
  File "/home/airflow/.local/lib/python3.12/site-packages/airflow/utils/session.py", line 97, in wrapper
    return func(*args, session=session, **kwargs)
           ^^^^^^^^^^^^^^^^^^^^^^^^^^^^^^^^^^^^^^
  File "/home/airflow/.local/lib/python3.12/site-packages/airflow/dag_processing/processor.py", line 942, in process_file
    serialize_errors = DagFileProcessor.save_dag_to_db(
                       ^^^^^^^^^^^^^^^^^^^^^^^^^^^^^^^^
  File "/home/airflow/.local/lib/python3.12/site-packages/airflow/api_internal/internal_api_call.py", line 166, in wrapper
    return func(*args, **kwargs)
           ^^^^^^^^^^^^^^^^^^^^^
  File "/home/airflow/.local/lib/python3.12/site-packages/airflow/utils/session.py", line 97, in wrapper
    return func(*args, session=session, **kwargs)
           ^^^^^^^^^^^^^^^^^^^^^^^^^^^^^^^^^^^^^^
  File "/home/airflow/.local/lib/python3.12/site-packages/airflow/dag_processing/processor.py", line 982, in save_dag_to_db
    import_errors = DagBag._sync_to_db(dags=dags, processor_subdir=dag_directory, session=session)
                    ^^^^^^^^^^^^^^^^^^^^^^^^^^^^^^^^^^^^^^^^^^^^^^^^^^^^^^^^^^^^^^^^^^^^^^^^^^^^^^
  File "/home/airflow/.local/lib/python3.12/site-packages/airflow/utils/session.py", line 94, in wrapper
    return func(*args, **kwargs)
           ^^^^^^^^^^^^^^^^^^^^^
  File "/home/airflow/.local/lib/python3.12/site-packages/airflow/models/dagbag.py", line 708, in _sync_to_db
    for attempt in run_with_db_retries(logger=log):
                   ^^^^^^^^^^^^^^^^^^^^^^^^^^^^^^^
  File "/home/airflow/.local/lib/python3.12/site-packages/tenacity/__init__.py", line 443, in __iter__
    do = self.iter(retry_state=retry_state)
         ^^^^^^^^^^^^^^^^^^^^^^^^^^^^^^^^^^
  File "/home/airflow/.local/lib/python3.12/site-packages/tenacity/__init__.py", line 376, in iter
    result = action(retry_state)
             ^^^^^^^^^^^^^^^^^^^
  File "/home/airflow/.local/lib/python3.12/site-packages/tenacity/__init__.py", line 418, in exc_check
    raise retry_exc.reraise()
          ^^^^^^^^^^^^^^^^^^^
  File "/home/airflow/.local/lib/python3.12/site-packages/tenacity/__init__.py", line 185, in reraise
    raise self.last_attempt.result()
          ^^^^^^^^^^^^^^^^^^^^^^^^^^
  File "/usr/local/lib/python3.12/concurrent/futures/_base.py", line 449, in result
    return self.__get_result()
           ^^^^^^^^^^^^^^^^^^^
  File "/usr/local/lib/python3.12/concurrent/futures/_base.py", line 401, in __get_result
    raise self._exception
  File "/home/airflow/.local/lib/python3.12/site-packages/airflow/models/dagbag.py", line 721, in _sync_to_db
    _serialize_dag_capturing_errors(dag, session, processor_subdir)
  File "/home/airflow/.local/lib/python3.12/site-packages/airflow/models/dagbag.py", line 686, in _serialize_dag_capturing_errors
    dag_was_updated = SerializedDagModel.write_dag(
                      ^^^^^^^^^^^^^^^^^^^^^^^^^^^^^
  File "/home/airflow/.local/lib/python3.12/site-packages/airflow/utils/session.py", line 94, in wrapper
    return func(*args, **kwargs)
           ^^^^^^^^^^^^^^^^^^^^^
  File "/home/airflow/.local/lib/python3.12/site-packages/airflow/models/serialized_dag.py", line 160, in write_dag
    if session.scalar(
       ^^^^^^^^^^^^^^^
  File "/home/airflow/.local/lib/python3.12/site-packages/sqlalchemy/orm/session.py", line 1747, in scalar
    return self.execute(
           ^^^^^^^^^^^^^
  File "/home/airflow/.local/lib/python3.12/site-packages/sqlalchemy/orm/session.py", line 1716, in execute
    conn = self._connection_for_bind(bind)
           ^^^^^^^^^^^^^^^^^^^^^^^^^^^^^^^
  File "/home/airflow/.local/lib/python3.12/site-packages/sqlalchemy/orm/session.py", line 1555, in _connection_for_bind
    return self._transaction._connection_for_bind(
           ^^^^^^^^^^^^^^^^^^^^^^^^^^^^^^^^^^^^^^^
  File "/home/airflow/.local/lib/python3.12/site-packages/sqlalchemy/orm/session.py", line 750, in _connection_for_bind
    conn = bind.connect()
           ^^^^^^^^^^^^^^
  File "/home/airflow/.local/lib/python3.12/site-packages/sqlalchemy/future/engine.py", line 412, in connect
    return super(Engine, self).connect()
           ^^^^^^^^^^^^^^^^^^^^^^^^^^^^^
  File "/home/airflow/.local/lib/python3.12/site-packages/sqlalchemy/engine/base.py", line 3325, in connect
    return self._connection_cls(self, close_with_result=close_with_result)
           ^^^^^^^^^^^^^^^^^^^^^^^^^^^^^^^^^^^^^^^^^^^^^^^^^^^^^^^^^^^^^^^
  File "/home/airflow/.local/lib/python3.12/site-packages/sqlalchemy/engine/base.py", line 96, in __init__
    else engine.raw_connection()
         ^^^^^^^^^^^^^^^^^^^^^^^
  File "/home/airflow/.local/lib/python3.12/site-packages/sqlalchemy/engine/base.py", line 3404, in raw_connection
    return self._wrap_pool_connect(self.pool.connect, _connection)
           ^^^^^^^^^^^^^^^^^^^^^^^^^^^^^^^^^^^^^^^^^^^^^^^^^^^^^^^
  File "/home/airflow/.local/lib/python3.12/site-packages/sqlalchemy/engine/base.py", line 3374, in _wrap_pool_connect
    Connection._handle_dbapi_exception_noconnection(
  File "/home/airflow/.local/lib/python3.12/site-packages/sqlalchemy/engine/base.py", line 2208, in _handle_dbapi_exception_noconnection
    util.raise_(
  File "/home/airflow/.local/lib/python3.12/site-packages/sqlalchemy/util/compat.py", line 211, in raise_
    raise exception
  File "/home/airflow/.local/lib/python3.12/site-packages/sqlalchemy/engine/base.py", line 3371, in _wrap_pool_connect
    return fn()
           ^^^^
  File "/home/airflow/.local/lib/python3.12/site-packages/sqlalchemy/pool/base.py", line 327, in connect
    return _ConnectionFairy._checkout(self)
           ^^^^^^^^^^^^^^^^^^^^^^^^^^^^^^^^
  File "/home/airflow/.local/lib/python3.12/site-packages/sqlalchemy/pool/base.py", line 894, in _checkout
    fairy = _ConnectionRecord.checkout(pool)
            ^^^^^^^^^^^^^^^^^^^^^^^^^^^^^^^^
  File "/home/airflow/.local/lib/python3.12/site-packages/sqlalchemy/pool/base.py", line 493, in checkout
    rec = pool._do_get()
          ^^^^^^^^^^^^^^
  File "/home/airflow/.local/lib/python3.12/site-packages/sqlalchemy/pool/impl.py", line 145, in _do_get
    with util.safe_reraise():
         ^^^^^^^^^^^^^^^^^^^
  File "/home/airflow/.local/lib/python3.12/site-packages/sqlalchemy/util/langhelpers.py", line 70, in __exit__
    compat.raise_(
  File "/home/airflow/.local/lib/python3.12/site-packages/sqlalchemy/util/compat.py", line 211, in raise_
    raise exception
  File "/home/airflow/.local/lib/python3.12/site-packages/sqlalchemy/pool/impl.py", line 143, in _do_get
    return self._create_connection()
           ^^^^^^^^^^^^^^^^^^^^^^^^^
  File "/home/airflow/.local/lib/python3.12/site-packages/sqlalchemy/pool/base.py", line 273, in _create_connection
    return _ConnectionRecord(self)
           ^^^^^^^^^^^^^^^^^^^^^^^
  File "/home/airflow/.local/lib/python3.12/site-packages/sqlalchemy/pool/base.py", line 388, in __init__
    self.__connect()
  File "/home/airflow/.local/lib/python3.12/site-packages/sqlalchemy/pool/base.py", line 690, in __connect
    with util.safe_reraise():
         ^^^^^^^^^^^^^^^^^^^
  File "/home/airflow/.local/lib/python3.12/site-packages/sqlalchemy/util/langhelpers.py", line 70, in __exit__
    compat.raise_(
  File "/home/airflow/.local/lib/python3.12/site-packages/sqlalchemy/util/compat.py", line 211, in raise_
    raise exception
  File "/home/airflow/.local/lib/python3.12/site-packages/sqlalchemy/pool/base.py", line 686, in __connect
    self.dbapi_connection = connection = pool._invoke_creator(self)
                                         ^^^^^^^^^^^^^^^^^^^^^^^^^^
  File "/home/airflow/.local/lib/python3.12/site-packages/sqlalchemy/engine/create.py", line 574, in connect
    return dialect.connect(*cargs, **cparams)
           ^^^^^^^^^^^^^^^^^^^^^^^^^^^^^^^^^^
  File "/home/airflow/.local/lib/python3.12/site-packages/sqlalchemy/engine/default.py", line 598, in connect
    return self.dbapi.connect(*cargs, **cparams)
           ^^^^^^^^^^^^^^^^^^^^^^^^^^^^^^^^^^^^^
  File "/home/airflow/.local/lib/python3.12/site-packages/psycopg2/__init__.py", line 122, in connect
    conn = _connect(dsn, connection_factory=connection_factory, **kwasync)
           ^^^^^^^^^^^^^^^^^^^^^^^^^^^^^^^^^^^^^^^^^^^^^^^^^^^^^^^^^^^^^^^
sqlalchemy.exc.OperationalError: (psycopg2.OperationalError) could not translate host name "postgres" to address: Temporary failure in name resolution

(Background on this error at: https://sqlalche.me/e/14/e3q8)
[2026-09-10T11:50:14.072+0000] {processor.py:186} INFO - Started process (PID=415) to work on /opt/airflow/dags/ingestion_pipelines_dag.py
[2026-09-10T11:50:14.284+0000] {processor.py:914} INFO - Processing file /opt/airflow/dags/ingestion_pipelines_dag.py for tasks to queue
[2026-09-10T11:50:14.399+0000] {logging_mixin.py:190} INFO - [2026-09-10T11:50:14.358+0000] {dagbag.py:588} INFO - Filling up the DagBag from /opt/airflow/dags/ingestion_pipelines_dag.py
[2026-09-10T11:50:18.960+0000] {processor.py:925} INFO - DAG(s) 'datalake_ingestion_pipelines' retrieved from /opt/airflow/dags/ingestion_pipelines_dag.py
[2026-09-10T11:51:24.852+0000] {processor.py:211} ERROR - Got an exception! Propagating...
Traceback (most recent call last):
  File "/home/airflow/.local/lib/python3.12/site-packages/sqlalchemy/engine/base.py", line 3371, in _wrap_pool_connect
    return fn()
           ^^^^
  File "/home/airflow/.local/lib/python3.12/site-packages/sqlalchemy/pool/base.py", line 327, in connect
    return _ConnectionFairy._checkout(self)
           ^^^^^^^^^^^^^^^^^^^^^^^^^^^^^^^^
  File "/home/airflow/.local/lib/python3.12/site-packages/sqlalchemy/pool/base.py", line 894, in _checkout
    fairy = _ConnectionRecord.checkout(pool)
            ^^^^^^^^^^^^^^^^^^^^^^^^^^^^^^^^
  File "/home/airflow/.local/lib/python3.12/site-packages/sqlalchemy/pool/base.py", line 493, in checkout
    rec = pool._do_get()
          ^^^^^^^^^^^^^^
  File "/home/airflow/.local/lib/python3.12/site-packages/sqlalchemy/pool/impl.py", line 145, in _do_get
    with util.safe_reraise():
         ^^^^^^^^^^^^^^^^^^^
  File "/home/airflow/.local/lib/python3.12/site-packages/sqlalchemy/util/langhelpers.py", line 70, in __exit__
    compat.raise_(
  File "/home/airflow/.local/lib/python3.12/site-packages/sqlalchemy/util/compat.py", line 211, in raise_
    raise exception
  File "/home/airflow/.local/lib/python3.12/site-packages/sqlalchemy/pool/impl.py", line 143, in _do_get
    return self._create_connection()
           ^^^^^^^^^^^^^^^^^^^^^^^^^
  File "/home/airflow/.local/lib/python3.12/site-packages/sqlalchemy/pool/base.py", line 273, in _create_connection
    return _ConnectionRecord(self)
           ^^^^^^^^^^^^^^^^^^^^^^^
  File "/home/airflow/.local/lib/python3.12/site-packages/sqlalchemy/pool/base.py", line 388, in __init__
    self.__connect()
  File "/home/airflow/.local/lib/python3.12/site-packages/sqlalchemy/pool/base.py", line 690, in __connect
    with util.safe_reraise():
         ^^^^^^^^^^^^^^^^^^^
  File "/home/airflow/.local/lib/python3.12/site-packages/sqlalchemy/util/langhelpers.py", line 70, in __exit__
    compat.raise_(
  File "/home/airflow/.local/lib/python3.12/site-packages/sqlalchemy/util/compat.py", line 211, in raise_
    raise exception
  File "/home/airflow/.local/lib/python3.12/site-packages/sqlalchemy/pool/base.py", line 686, in __connect
    self.dbapi_connection = connection = pool._invoke_creator(self)
                                         ^^^^^^^^^^^^^^^^^^^^^^^^^^
  File "/home/airflow/.local/lib/python3.12/site-packages/sqlalchemy/engine/create.py", line 574, in connect
    return dialect.connect(*cargs, **cparams)
           ^^^^^^^^^^^^^^^^^^^^^^^^^^^^^^^^^^
  File "/home/airflow/.local/lib/python3.12/site-packages/sqlalchemy/engine/default.py", line 598, in connect
    return self.dbapi.connect(*cargs, **cparams)
           ^^^^^^^^^^^^^^^^^^^^^^^^^^^^^^^^^^^^^
  File "/home/airflow/.local/lib/python3.12/site-packages/psycopg2/__init__.py", line 122, in connect
    conn = _connect(dsn, connection_factory=connection_factory, **kwasync)
           ^^^^^^^^^^^^^^^^^^^^^^^^^^^^^^^^^^^^^^^^^^^^^^^^^^^^^^^^^^^^^^^
psycopg2.OperationalError: could not translate host name "postgres" to address: Temporary failure in name resolution


The above exception was the direct cause of the following exception:

Traceback (most recent call last):
  File "/home/airflow/.local/lib/python3.12/site-packages/airflow/dag_processing/processor.py", line 207, in _run_file_processor
    _handle_dag_file_processing()
  File "/home/airflow/.local/lib/python3.12/site-packages/airflow/dag_processing/processor.py", line 188, in _handle_dag_file_processing
    result: tuple[int, int, int] = dag_file_processor.process_file(
                                   ^^^^^^^^^^^^^^^^^^^^^^^^^^^^^^^^
  File "/home/airflow/.local/lib/python3.12/site-packages/airflow/utils/session.py", line 97, in wrapper
    return func(*args, session=session, **kwargs)
           ^^^^^^^^^^^^^^^^^^^^^^^^^^^^^^^^^^^^^^
  File "/home/airflow/.local/lib/python3.12/site-packages/airflow/dag_processing/processor.py", line 942, in process_file
    serialize_errors = DagFileProcessor.save_dag_to_db(
                       ^^^^^^^^^^^^^^^^^^^^^^^^^^^^^^^^
  File "/home/airflow/.local/lib/python3.12/site-packages/airflow/api_internal/internal_api_call.py", line 166, in wrapper
    return func(*args, **kwargs)
           ^^^^^^^^^^^^^^^^^^^^^
  File "/home/airflow/.local/lib/python3.12/site-packages/airflow/utils/session.py", line 97, in wrapper
    return func(*args, session=session, **kwargs)
           ^^^^^^^^^^^^^^^^^^^^^^^^^^^^^^^^^^^^^^
  File "/home/airflow/.local/lib/python3.12/site-packages/airflow/dag_processing/processor.py", line 982, in save_dag_to_db
    import_errors = DagBag._sync_to_db(dags=dags, processor_subdir=dag_directory, session=session)
                    ^^^^^^^^^^^^^^^^^^^^^^^^^^^^^^^^^^^^^^^^^^^^^^^^^^^^^^^^^^^^^^^^^^^^^^^^^^^^^^
  File "/home/airflow/.local/lib/python3.12/site-packages/airflow/utils/session.py", line 94, in wrapper
    return func(*args, **kwargs)
           ^^^^^^^^^^^^^^^^^^^^^
  File "/home/airflow/.local/lib/python3.12/site-packages/airflow/models/dagbag.py", line 708, in _sync_to_db
    for attempt in run_with_db_retries(logger=log):
                   ^^^^^^^^^^^^^^^^^^^^^^^^^^^^^^^
  File "/home/airflow/.local/lib/python3.12/site-packages/tenacity/__init__.py", line 443, in __iter__
    do = self.iter(retry_state=retry_state)
         ^^^^^^^^^^^^^^^^^^^^^^^^^^^^^^^^^^
  File "/home/airflow/.local/lib/python3.12/site-packages/tenacity/__init__.py", line 376, in iter
    result = action(retry_state)
             ^^^^^^^^^^^^^^^^^^^
  File "/home/airflow/.local/lib/python3.12/site-packages/tenacity/__init__.py", line 418, in exc_check
    raise retry_exc.reraise()
          ^^^^^^^^^^^^^^^^^^^
  File "/home/airflow/.local/lib/python3.12/site-packages/tenacity/__init__.py", line 185, in reraise
    raise self.last_attempt.result()
          ^^^^^^^^^^^^^^^^^^^^^^^^^^
  File "/usr/local/lib/python3.12/concurrent/futures/_base.py", line 449, in result
    return self.__get_result()
           ^^^^^^^^^^^^^^^^^^^
  File "/usr/local/lib/python3.12/concurrent/futures/_base.py", line 401, in __get_result
    raise self._exception
  File "/home/airflow/.local/lib/python3.12/site-packages/airflow/models/dagbag.py", line 721, in _sync_to_db
    _serialize_dag_capturing_errors(dag, session, processor_subdir)
  File "/home/airflow/.local/lib/python3.12/site-packages/airflow/models/dagbag.py", line 686, in _serialize_dag_capturing_errors
    dag_was_updated = SerializedDagModel.write_dag(
                      ^^^^^^^^^^^^^^^^^^^^^^^^^^^^^
  File "/home/airflow/.local/lib/python3.12/site-packages/airflow/utils/session.py", line 94, in wrapper
    return func(*args, **kwargs)
           ^^^^^^^^^^^^^^^^^^^^^
  File "/home/airflow/.local/lib/python3.12/site-packages/airflow/models/serialized_dag.py", line 160, in write_dag
    if session.scalar(
       ^^^^^^^^^^^^^^^
  File "/home/airflow/.local/lib/python3.12/site-packages/sqlalchemy/orm/session.py", line 1747, in scalar
    return self.execute(
           ^^^^^^^^^^^^^
  File "/home/airflow/.local/lib/python3.12/site-packages/sqlalchemy/orm/session.py", line 1716, in execute
    conn = self._connection_for_bind(bind)
           ^^^^^^^^^^^^^^^^^^^^^^^^^^^^^^^
  File "/home/airflow/.local/lib/python3.12/site-packages/sqlalchemy/orm/session.py", line 1555, in _connection_for_bind
    return self._transaction._connection_for_bind(
           ^^^^^^^^^^^^^^^^^^^^^^^^^^^^^^^^^^^^^^^
  File "/home/airflow/.local/lib/python3.12/site-packages/sqlalchemy/orm/session.py", line 750, in _connection_for_bind
    conn = bind.connect()
           ^^^^^^^^^^^^^^
  File "/home/airflow/.local/lib/python3.12/site-packages/sqlalchemy/future/engine.py", line 412, in connect
    return super(Engine, self).connect()
           ^^^^^^^^^^^^^^^^^^^^^^^^^^^^^
  File "/home/airflow/.local/lib/python3.12/site-packages/sqlalchemy/engine/base.py", line 3325, in connect
    return self._connection_cls(self, close_with_result=close_with_result)
           ^^^^^^^^^^^^^^^^^^^^^^^^^^^^^^^^^^^^^^^^^^^^^^^^^^^^^^^^^^^^^^^
  File "/home/airflow/.local/lib/python3.12/site-packages/sqlalchemy/engine/base.py", line 96, in __init__
    else engine.raw_connection()
         ^^^^^^^^^^^^^^^^^^^^^^^
  File "/home/airflow/.local/lib/python3.12/site-packages/sqlalchemy/engine/base.py", line 3404, in raw_connection
    return self._wrap_pool_connect(self.pool.connect, _connection)
           ^^^^^^^^^^^^^^^^^^^^^^^^^^^^^^^^^^^^^^^^^^^^^^^^^^^^^^^
  File "/home/airflow/.local/lib/python3.12/site-packages/sqlalchemy/engine/base.py", line 3374, in _wrap_pool_connect
    Connection._handle_dbapi_exception_noconnection(
  File "/home/airflow/.local/lib/python3.12/site-packages/sqlalchemy/engine/base.py", line 2208, in _handle_dbapi_exception_noconnection
    util.raise_(
  File "/home/airflow/.local/lib/python3.12/site-packages/sqlalchemy/util/compat.py", line 211, in raise_
    raise exception
  File "/home/airflow/.local/lib/python3.12/site-packages/sqlalchemy/engine/base.py", line 3371, in _wrap_pool_connect
    return fn()
           ^^^^
  File "/home/airflow/.local/lib/python3.12/site-packages/sqlalchemy/pool/base.py", line 327, in connect
    return _ConnectionFairy._checkout(self)
           ^^^^^^^^^^^^^^^^^^^^^^^^^^^^^^^^
  File "/home/airflow/.local/lib/python3.12/site-packages/sqlalchemy/pool/base.py", line 894, in _checkout
    fairy = _ConnectionRecord.checkout(pool)
            ^^^^^^^^^^^^^^^^^^^^^^^^^^^^^^^^
  File "/home/airflow/.local/lib/python3.12/site-packages/sqlalchemy/pool/base.py", line 493, in checkout
    rec = pool._do_get()
          ^^^^^^^^^^^^^^
  File "/home/airflow/.local/lib/python3.12/site-packages/sqlalchemy/pool/impl.py", line 145, in _do_get
    with util.safe_reraise():
         ^^^^^^^^^^^^^^^^^^^
  File "/home/airflow/.local/lib/python3.12/site-packages/sqlalchemy/util/langhelpers.py", line 70, in __exit__
    compat.raise_(
  File "/home/airflow/.local/lib/python3.12/site-packages/sqlalchemy/util/compat.py", line 211, in raise_
    raise exception
  File "/home/airflow/.local/lib/python3.12/site-packages/sqlalchemy/pool/impl.py", line 143, in _do_get
    return self._create_connection()
           ^^^^^^^^^^^^^^^^^^^^^^^^^
  File "/home/airflow/.local/lib/python3.12/site-packages/sqlalchemy/pool/base.py", line 273, in _create_connection
    return _ConnectionRecord(self)
           ^^^^^^^^^^^^^^^^^^^^^^^
  File "/home/airflow/.local/lib/python3.12/site-packages/sqlalchemy/pool/base.py", line 388, in __init__
    self.__connect()
  File "/home/airflow/.local/lib/python3.12/site-packages/sqlalchemy/pool/base.py", line 690, in __connect
    with util.safe_reraise():
         ^^^^^^^^^^^^^^^^^^^
  File "/home/airflow/.local/lib/python3.12/site-packages/sqlalchemy/util/langhelpers.py", line 70, in __exit__
    compat.raise_(
  File "/home/airflow/.local/lib/python3.12/site-packages/sqlalchemy/util/compat.py", line 211, in raise_
    raise exception
  File "/home/airflow/.local/lib/python3.12/site-packages/sqlalchemy/pool/base.py", line 686, in __connect
    self.dbapi_connection = connection = pool._invoke_creator(self)
                                         ^^^^^^^^^^^^^^^^^^^^^^^^^^
  File "/home/airflow/.local/lib/python3.12/site-packages/sqlalchemy/engine/create.py", line 574, in connect
    return dialect.connect(*cargs, **cparams)
           ^^^^^^^^^^^^^^^^^^^^^^^^^^^^^^^^^^
  File "/home/airflow/.local/lib/python3.12/site-packages/sqlalchemy/engine/default.py", line 598, in connect
    return self.dbapi.connect(*cargs, **cparams)
           ^^^^^^^^^^^^^^^^^^^^^^^^^^^^^^^^^^^^^
  File "/home/airflow/.local/lib/python3.12/site-packages/psycopg2/__init__.py", line 122, in connect
    conn = _connect(dsn, connection_factory=connection_factory, **kwasync)
           ^^^^^^^^^^^^^^^^^^^^^^^^^^^^^^^^^^^^^^^^^^^^^^^^^^^^^^^^^^^^^^^
sqlalchemy.exc.OperationalError: (psycopg2.OperationalError) could not translate host name "postgres" to address: Temporary failure in name resolution

(Background on this error at: https://sqlalche.me/e/14/e3q8)
[2026-09-10T11:53:39.893+0000] {processor.py:186} INFO - Started process (PID=420) to work on /opt/airflow/dags/ingestion_pipelines_dag.py
[2026-09-10T11:53:40.075+0000] {processor.py:914} INFO - Processing file /opt/airflow/dags/ingestion_pipelines_dag.py for tasks to queue
[2026-09-10T11:53:40.380+0000] {logging_mixin.py:190} INFO - [2026-09-10T11:53:40.168+0000] {dagbag.py:588} INFO - Filling up the DagBag from /opt/airflow/dags/ingestion_pipelines_dag.py
[2026-09-10T11:53:47.295+0000] {processor.py:925} INFO - DAG(s) 'datalake_ingestion_pipelines' retrieved from /opt/airflow/dags/ingestion_pipelines_dag.py
[2026-09-10T11:54:20.282+0000] {logging_mixin.py:190} INFO - [2026-09-10T11:53:59.203+0000] {processor.py:763} ERROR - Error executing TaskCallbackRequest callback for file: /opt/airflow/dags/ingestion_pipelines_dag.py
Traceback (most recent call last):
  File "/home/airflow/.local/lib/python3.12/site-packages/sqlalchemy/engine/base.py", line 3371, in _wrap_pool_connect
    return fn()
           ^^^^
  File "/home/airflow/.local/lib/python3.12/site-packages/sqlalchemy/pool/base.py", line 327, in connect
    return _ConnectionFairy._checkout(self)
           ^^^^^^^^^^^^^^^^^^^^^^^^^^^^^^^^
  File "/home/airflow/.local/lib/python3.12/site-packages/sqlalchemy/pool/base.py", line 894, in _checkout
    fairy = _ConnectionRecord.checkout(pool)
            ^^^^^^^^^^^^^^^^^^^^^^^^^^^^^^^^
  File "/home/airflow/.local/lib/python3.12/site-packages/sqlalchemy/pool/base.py", line 493, in checkout
    rec = pool._do_get()
          ^^^^^^^^^^^^^^
  File "/home/airflow/.local/lib/python3.12/site-packages/sqlalchemy/pool/impl.py", line 145, in _do_get
    with util.safe_reraise():
         ^^^^^^^^^^^^^^^^^^^
  File "/home/airflow/.local/lib/python3.12/site-packages/sqlalchemy/util/langhelpers.py", line 70, in __exit__
    compat.raise_(
  File "/home/airflow/.local/lib/python3.12/site-packages/sqlalchemy/util/compat.py", line 211, in raise_
    raise exception
  File "/home/airflow/.local/lib/python3.12/site-packages/sqlalchemy/pool/impl.py", line 143, in _do_get
    return self._create_connection()
           ^^^^^^^^^^^^^^^^^^^^^^^^^
  File "/home/airflow/.local/lib/python3.12/site-packages/sqlalchemy/pool/base.py", line 273, in _create_connection
    return _ConnectionRecord(self)
           ^^^^^^^^^^^^^^^^^^^^^^^
  File "/home/airflow/.local/lib/python3.12/site-packages/sqlalchemy/pool/base.py", line 388, in __init__
    self.__connect()
  File "/home/airflow/.local/lib/python3.12/site-packages/sqlalchemy/pool/base.py", line 690, in __connect
    with util.safe_reraise():
         ^^^^^^^^^^^^^^^^^^^
  File "/home/airflow/.local/lib/python3.12/site-packages/sqlalchemy/util/langhelpers.py", line 70, in __exit__
    compat.raise_(
  File "/home/airflow/.local/lib/python3.12/site-packages/sqlalchemy/util/compat.py", line 211, in raise_
    raise exception
  File "/home/airflow/.local/lib/python3.12/site-packages/sqlalchemy/pool/base.py", line 686, in __connect
    self.dbapi_connection = connection = pool._invoke_creator(self)
                                         ^^^^^^^^^^^^^^^^^^^^^^^^^^
  File "/home/airflow/.local/lib/python3.12/site-packages/sqlalchemy/engine/create.py", line 574, in connect
    return dialect.connect(*cargs, **cparams)
           ^^^^^^^^^^^^^^^^^^^^^^^^^^^^^^^^^^
  File "/home/airflow/.local/lib/python3.12/site-packages/sqlalchemy/engine/default.py", line 598, in connect
    return self.dbapi.connect(*cargs, **cparams)
           ^^^^^^^^^^^^^^^^^^^^^^^^^^^^^^^^^^^^^
  File "/home/airflow/.local/lib/python3.12/site-packages/psycopg2/__init__.py", line 122, in connect
    conn = _connect(dsn, connection_factory=connection_factory, **kwasync)
           ^^^^^^^^^^^^^^^^^^^^^^^^^^^^^^^^^^^^^^^^^^^^^^^^^^^^^^^^^^^^^^^
psycopg2.OperationalError: could not translate host name "postgres" to address: Temporary failure in name resolution


The above exception was the direct cause of the following exception:

Traceback (most recent call last):
  File "/home/airflow/.local/lib/python3.12/site-packages/airflow/dag_processing/processor.py", line 752, in execute_callbacks
    cls._execute_task_callbacks(dagbag, request, unit_test_mode, session=session)
  File "/home/airflow/.local/lib/python3.12/site-packages/airflow/api_internal/internal_api_call.py", line 166, in wrapper
    return func(*args, **kwargs)
           ^^^^^^^^^^^^^^^^^^^^^
  File "/home/airflow/.local/lib/python3.12/site-packages/airflow/utils/session.py", line 94, in wrapper
    return func(*args, **kwargs)
           ^^^^^^^^^^^^^^^^^^^^^
  File "/home/airflow/.local/lib/python3.12/site-packages/airflow/dag_processing/processor.py", line 838, in _execute_task_callbacks
    ti = TaskInstance.get_task_instance(
         ^^^^^^^^^^^^^^^^^^^^^^^^^^^^^^^
  File "/home/airflow/.local/lib/python3.12/site-packages/airflow/api_internal/internal_api_call.py", line 166, in wrapper
    return func(*args, **kwargs)
           ^^^^^^^^^^^^^^^^^^^^^
  File "/home/airflow/.local/lib/python3.12/site-packages/airflow/utils/session.py", line 94, in wrapper
    return func(*args, **kwargs)
           ^^^^^^^^^^^^^^^^^^^^^
  File "/home/airflow/.local/lib/python3.12/site-packages/airflow/models/taskinstance.py", line 2345, in get_task_instance
    return query.one_or_none()
           ^^^^^^^^^^^^^^^^^^^
  File "/home/airflow/.local/lib/python3.12/site-packages/sqlalchemy/orm/query.py", line 2850, in one_or_none
    return self._iter().one_or_none()
           ^^^^^^^^^^^^
  File "/home/airflow/.local/lib/python3.12/site-packages/sqlalchemy/orm/query.py", line 2916, in _iter
    result = self.session.execute(
             ^^^^^^^^^^^^^^^^^^^^^
  File "/home/airflow/.local/lib/python3.12/site-packages/sqlalchemy/orm/session.py", line 1716, in execute
    conn = self._connection_for_bind(bind)
           ^^^^^^^^^^^^^^^^^^^^^^^^^^^^^^^
  File "/home/airflow/.local/lib/python3.12/site-packages/sqlalchemy/orm/session.py", line 1555, in _connection_for_bind
    return self._transaction._connection_for_bind(
           ^^^^^^^^^^^^^^^^^^^^^^^^^^^^^^^^^^^^^^^
  File "/home/airflow/.local/lib/python3.12/site-packages/sqlalchemy/orm/session.py", line 750, in _connection_for_bind
    conn = bind.connect()
           ^^^^^^^^^^^^^^
  File "/home/airflow/.local/lib/python3.12/site-packages/sqlalchemy/future/engine.py", line 412, in connect
    return super(Engine, self).connect()
           ^^^^^^^^^^^^^^^^^^^^^^^^^^^^^
  File "/home/airflow/.local/lib/python3.12/site-packages/sqlalchemy/engine/base.py", line 3325, in connect
    return self._connection_cls(self, close_with_result=close_with_result)
           ^^^^^^^^^^^^^^^^^^^^^^^^^^^^^^^^^^^^^^^^^^^^^^^^^^^^^^^^^^^^^^^
  File "/home/airflow/.local/lib/python3.12/site-packages/sqlalchemy/engine/base.py", line 96, in __init__
    else engine.raw_connection()
         ^^^^^^^^^^^^^^^^^^^^^^^
  File "/home/airflow/.local/lib/python3.12/site-packages/sqlalchemy/engine/base.py", line 3404, in raw_connection
    return self._wrap_pool_connect(self.pool.connect, _connection)
           ^^^^^^^^^^^^^^^^^^^^^^^^^^^^^^^^^^^^^^^^^^^^^^^^^^^^^^^
  File "/home/airflow/.local/lib/python3.12/site-packages/sqlalchemy/engine/base.py", line 3374, in _wrap_pool_connect
    Connection._handle_dbapi_exception_noconnection(
  File "/home/airflow/.local/lib/python3.12/site-packages/sqlalchemy/engine/base.py", line 2208, in _handle_dbapi_exception_noconnection
    util.raise_(
  File "/home/airflow/.local/lib/python3.12/site-packages/sqlalchemy/util/compat.py", line 211, in raise_
    raise exception
  File "/home/airflow/.local/lib/python3.12/site-packages/sqlalchemy/engine/base.py", line 3371, in _wrap_pool_connect
    return fn()
           ^^^^
  File "/home/airflow/.local/lib/python3.12/site-packages/sqlalchemy/pool/base.py", line 327, in connect
    return _ConnectionFairy._checkout(self)
           ^^^^^^^^^^^^^^^^^^^^^^^^^^^^^^^^
  File "/home/airflow/.local/lib/python3.12/site-packages/sqlalchemy/pool/base.py", line 894, in _checkout
    fairy = _ConnectionRecord.checkout(pool)
            ^^^^^^^^^^^^^^^^^^^^^^^^^^^^^^^^
  File "/home/airflow/.local/lib/python3.12/site-packages/sqlalchemy/pool/base.py", line 493, in checkout
    rec = pool._do_get()
          ^^^^^^^^^^^^^^
  File "/home/airflow/.local/lib/python3.12/site-packages/sqlalchemy/pool/impl.py", line 145, in _do_get
    with util.safe_reraise():
         ^^^^^^^^^^^^^^^^^^^
  File "/home/airflow/.local/lib/python3.12/site-packages/sqlalchemy/util/langhelpers.py", line 70, in __exit__
    compat.raise_(
  File "/home/airflow/.local/lib/python3.12/site-packages/sqlalchemy/util/compat.py", line 211, in raise_
    raise exception
  File "/home/airflow/.local/lib/python3.12/site-packages/sqlalchemy/pool/impl.py", line 143, in _do_get
    return self._create_connection()
           ^^^^^^^^^^^^^^^^^^^^^^^^^
  File "/home/airflow/.local/lib/python3.12/site-packages/sqlalchemy/pool/base.py", line 273, in _create_connection
    return _ConnectionRecord(self)
           ^^^^^^^^^^^^^^^^^^^^^^^
  File "/home/airflow/.local/lib/python3.12/site-packages/sqlalchemy/pool/base.py", line 388, in __init__
    self.__connect()
  File "/home/airflow/.local/lib/python3.12/site-packages/sqlalchemy/pool/base.py", line 690, in __connect
    with util.safe_reraise():
         ^^^^^^^^^^^^^^^^^^^
  File "/home/airflow/.local/lib/python3.12/site-packages/sqlalchemy/util/langhelpers.py", line 70, in __exit__
    compat.raise_(
  File "/home/airflow/.local/lib/python3.12/site-packages/sqlalchemy/util/compat.py", line 211, in raise_
    raise exception
  File "/home/airflow/.local/lib/python3.12/site-packages/sqlalchemy/pool/base.py", line 686, in __connect
    self.dbapi_connection = connection = pool._invoke_creator(self)
                                         ^^^^^^^^^^^^^^^^^^^^^^^^^^
  File "/home/airflow/.local/lib/python3.12/site-packages/sqlalchemy/engine/create.py", line 574, in connect
    return dialect.connect(*cargs, **cparams)
           ^^^^^^^^^^^^^^^^^^^^^^^^^^^^^^^^^^
  File "/home/airflow/.local/lib/python3.12/site-packages/sqlalchemy/engine/default.py", line 598, in connect
    return self.dbapi.connect(*cargs, **cparams)
           ^^^^^^^^^^^^^^^^^^^^^^^^^^^^^^^^^^^^^
  File "/home/airflow/.local/lib/python3.12/site-packages/psycopg2/__init__.py", line 122, in connect
    conn = _connect(dsn, connection_factory=connection_factory, **kwasync)
           ^^^^^^^^^^^^^^^^^^^^^^^^^^^^^^^^^^^^^^^^^^^^^^^^^^^^^^^^^^^^^^^
sqlalchemy.exc.OperationalError: (psycopg2.OperationalError) could not translate host name "postgres" to address: Temporary failure in name resolution

(Background on this error at: https://sqlalche.me/e/14/e3q8)
[2026-09-10T11:55:36.915+0000] {processor.py:186} INFO - Started process (PID=423) to work on /opt/airflow/dags/ingestion_pipelines_dag.py
[2026-09-10T11:55:36.972+0000] {processor.py:914} INFO - Processing file /opt/airflow/dags/ingestion_pipelines_dag.py for tasks to queue
[2026-09-10T11:55:37.086+0000] {logging_mixin.py:190} INFO - [2026-09-10T11:55:37.021+0000] {dagbag.py:588} INFO - Filling up the DagBag from /opt/airflow/dags/ingestion_pipelines_dag.py
[2026-09-10T11:55:38.544+0000] {processor.py:925} INFO - DAG(s) 'datalake_ingestion_pipelines' retrieved from /opt/airflow/dags/ingestion_pipelines_dag.py
[2026-09-10T11:55:48.925+0000] {logging_mixin.py:190} INFO - [2026-09-10T11:55:48.820+0000] {processor.py:763} ERROR - Error executing TaskCallbackRequest callback for file: /opt/airflow/dags/ingestion_pipelines_dag.py
Traceback (most recent call last):
  File "/home/airflow/.local/lib/python3.12/site-packages/sqlalchemy/engine/base.py", line 3371, in _wrap_pool_connect
    return fn()
           ^^^^
  File "/home/airflow/.local/lib/python3.12/site-packages/sqlalchemy/pool/base.py", line 327, in connect
    return _ConnectionFairy._checkout(self)
           ^^^^^^^^^^^^^^^^^^^^^^^^^^^^^^^^
  File "/home/airflow/.local/lib/python3.12/site-packages/sqlalchemy/pool/base.py", line 894, in _checkout
    fairy = _ConnectionRecord.checkout(pool)
            ^^^^^^^^^^^^^^^^^^^^^^^^^^^^^^^^
  File "/home/airflow/.local/lib/python3.12/site-packages/sqlalchemy/pool/base.py", line 493, in checkout
    rec = pool._do_get()
          ^^^^^^^^^^^^^^
  File "/home/airflow/.local/lib/python3.12/site-packages/sqlalchemy/pool/impl.py", line 145, in _do_get
    with util.safe_reraise():
         ^^^^^^^^^^^^^^^^^^^
  File "/home/airflow/.local/lib/python3.12/site-packages/sqlalchemy/util/langhelpers.py", line 70, in __exit__
    compat.raise_(
  File "/home/airflow/.local/lib/python3.12/site-packages/sqlalchemy/util/compat.py", line 211, in raise_
    raise exception
  File "/home/airflow/.local/lib/python3.12/site-packages/sqlalchemy/pool/impl.py", line 143, in _do_get
    return self._create_connection()
           ^^^^^^^^^^^^^^^^^^^^^^^^^
  File "/home/airflow/.local/lib/python3.12/site-packages/sqlalchemy/pool/base.py", line 273, in _create_connection
    return _ConnectionRecord(self)
           ^^^^^^^^^^^^^^^^^^^^^^^
  File "/home/airflow/.local/lib/python3.12/site-packages/sqlalchemy/pool/base.py", line 388, in __init__
    self.__connect()
  File "/home/airflow/.local/lib/python3.12/site-packages/sqlalchemy/pool/base.py", line 690, in __connect
    with util.safe_reraise():
         ^^^^^^^^^^^^^^^^^^^
  File "/home/airflow/.local/lib/python3.12/site-packages/sqlalchemy/util/langhelpers.py", line 70, in __exit__
    compat.raise_(
  File "/home/airflow/.local/lib/python3.12/site-packages/sqlalchemy/util/compat.py", line 211, in raise_
    raise exception
  File "/home/airflow/.local/lib/python3.12/site-packages/sqlalchemy/pool/base.py", line 686, in __connect
    self.dbapi_connection = connection = pool._invoke_creator(self)
                                         ^^^^^^^^^^^^^^^^^^^^^^^^^^
  File "/home/airflow/.local/lib/python3.12/site-packages/sqlalchemy/engine/create.py", line 574, in connect
    return dialect.connect(*cargs, **cparams)
           ^^^^^^^^^^^^^^^^^^^^^^^^^^^^^^^^^^
  File "/home/airflow/.local/lib/python3.12/site-packages/sqlalchemy/engine/default.py", line 598, in connect
    return self.dbapi.connect(*cargs, **cparams)
           ^^^^^^^^^^^^^^^^^^^^^^^^^^^^^^^^^^^^^
  File "/home/airflow/.local/lib/python3.12/site-packages/psycopg2/__init__.py", line 122, in connect
    conn = _connect(dsn, connection_factory=connection_factory, **kwasync)
           ^^^^^^^^^^^^^^^^^^^^^^^^^^^^^^^^^^^^^^^^^^^^^^^^^^^^^^^^^^^^^^^
psycopg2.OperationalError: could not translate host name "postgres" to address: Temporary failure in name resolution


The above exception was the direct cause of the following exception:

Traceback (most recent call last):
  File "/home/airflow/.local/lib/python3.12/site-packages/airflow/dag_processing/processor.py", line 752, in execute_callbacks
    cls._execute_task_callbacks(dagbag, request, unit_test_mode, session=session)
  File "/home/airflow/.local/lib/python3.12/site-packages/airflow/api_internal/internal_api_call.py", line 166, in wrapper
    return func(*args, **kwargs)
           ^^^^^^^^^^^^^^^^^^^^^
  File "/home/airflow/.local/lib/python3.12/site-packages/airflow/utils/session.py", line 94, in wrapper
    return func(*args, **kwargs)
           ^^^^^^^^^^^^^^^^^^^^^
  File "/home/airflow/.local/lib/python3.12/site-packages/airflow/dag_processing/processor.py", line 838, in _execute_task_callbacks
    ti = TaskInstance.get_task_instance(
         ^^^^^^^^^^^^^^^^^^^^^^^^^^^^^^^
  File "/home/airflow/.local/lib/python3.12/site-packages/airflow/api_internal/internal_api_call.py", line 166, in wrapper
    return func(*args, **kwargs)
           ^^^^^^^^^^^^^^^^^^^^^
  File "/home/airflow/.local/lib/python3.12/site-packages/airflow/utils/session.py", line 94, in wrapper
    return func(*args, **kwargs)
           ^^^^^^^^^^^^^^^^^^^^^
  File "/home/airflow/.local/lib/python3.12/site-packages/airflow/models/taskinstance.py", line 2345, in get_task_instance
    return query.one_or_none()
           ^^^^^^^^^^^^^^^^^^^
  File "/home/airflow/.local/lib/python3.12/site-packages/sqlalchemy/orm/query.py", line 2850, in one_or_none
    return self._iter().one_or_none()
           ^^^^^^^^^^^^
  File "/home/airflow/.local/lib/python3.12/site-packages/sqlalchemy/orm/query.py", line 2916, in _iter
    result = self.session.execute(
             ^^^^^^^^^^^^^^^^^^^^^
  File "/home/airflow/.local/lib/python3.12/site-packages/sqlalchemy/orm/session.py", line 1716, in execute
    conn = self._connection_for_bind(bind)
           ^^^^^^^^^^^^^^^^^^^^^^^^^^^^^^^
  File "/home/airflow/.local/lib/python3.12/site-packages/sqlalchemy/orm/session.py", line 1555, in _connection_for_bind
    return self._transaction._connection_for_bind(
           ^^^^^^^^^^^^^^^^^^^^^^^^^^^^^^^^^^^^^^^
  File "/home/airflow/.local/lib/python3.12/site-packages/sqlalchemy/orm/session.py", line 750, in _connection_for_bind
    conn = bind.connect()
           ^^^^^^^^^^^^^^
  File "/home/airflow/.local/lib/python3.12/site-packages/sqlalchemy/future/engine.py", line 412, in connect
    return super(Engine, self).connect()
           ^^^^^^^^^^^^^^^^^^^^^^^^^^^^^
  File "/home/airflow/.local/lib/python3.12/site-packages/sqlalchemy/engine/base.py", line 3325, in connect
    return self._connection_cls(self, close_with_result=close_with_result)
           ^^^^^^^^^^^^^^^^^^^^^^^^^^^^^^^^^^^^^^^^^^^^^^^^^^^^^^^^^^^^^^^
  File "/home/airflow/.local/lib/python3.12/site-packages/sqlalchemy/engine/base.py", line 96, in __init__
    else engine.raw_connection()
         ^^^^^^^^^^^^^^^^^^^^^^^
  File "/home/airflow/.local/lib/python3.12/site-packages/sqlalchemy/engine/base.py", line 3404, in raw_connection
    return self._wrap_pool_connect(self.pool.connect, _connection)
           ^^^^^^^^^^^^^^^^^^^^^^^^^^^^^^^^^^^^^^^^^^^^^^^^^^^^^^^
  File "/home/airflow/.local/lib/python3.12/site-packages/sqlalchemy/engine/base.py", line 3374, in _wrap_pool_connect
    Connection._handle_dbapi_exception_noconnection(
  File "/home/airflow/.local/lib/python3.12/site-packages/sqlalchemy/engine/base.py", line 2208, in _handle_dbapi_exception_noconnection
    util.raise_(
  File "/home/airflow/.local/lib/python3.12/site-packages/sqlalchemy/util/compat.py", line 211, in raise_
    raise exception
  File "/home/airflow/.local/lib/python3.12/site-packages/sqlalchemy/engine/base.py", line 3371, in _wrap_pool_connect
    return fn()
           ^^^^
  File "/home/airflow/.local/lib/python3.12/site-packages/sqlalchemy/pool/base.py", line 327, in connect
    return _ConnectionFairy._checkout(self)
           ^^^^^^^^^^^^^^^^^^^^^^^^^^^^^^^^
  File "/home/airflow/.local/lib/python3.12/site-packages/sqlalchemy/pool/base.py", line 894, in _checkout
    fairy = _ConnectionRecord.checkout(pool)
            ^^^^^^^^^^^^^^^^^^^^^^^^^^^^^^^^
  File "/home/airflow/.local/lib/python3.12/site-packages/sqlalchemy/pool/base.py", line 493, in checkout
    rec = pool._do_get()
          ^^^^^^^^^^^^^^
  File "/home/airflow/.local/lib/python3.12/site-packages/sqlalchemy/pool/impl.py", line 145, in _do_get
    with util.safe_reraise():
         ^^^^^^^^^^^^^^^^^^^
  File "/home/airflow/.local/lib/python3.12/site-packages/sqlalchemy/util/langhelpers.py", line 70, in __exit__
    compat.raise_(
  File "/home/airflow/.local/lib/python3.12/site-packages/sqlalchemy/util/compat.py", line 211, in raise_
    raise exception
  File "/home/airflow/.local/lib/python3.12/site-packages/sqlalchemy/pool/impl.py", line 143, in _do_get
    return self._create_connection()
           ^^^^^^^^^^^^^^^^^^^^^^^^^
  File "/home/airflow/.local/lib/python3.12/site-packages/sqlalchemy/pool/base.py", line 273, in _create_connection
    return _ConnectionRecord(self)
           ^^^^^^^^^^^^^^^^^^^^^^^
  File "/home/airflow/.local/lib/python3.12/site-packages/sqlalchemy/pool/base.py", line 388, in __init__
    self.__connect()
  File "/home/airflow/.local/lib/python3.12/site-packages/sqlalchemy/pool/base.py", line 690, in __connect
    with util.safe_reraise():
         ^^^^^^^^^^^^^^^^^^^
  File "/home/airflow/.local/lib/python3.12/site-packages/sqlalchemy/util/langhelpers.py", line 70, in __exit__
    compat.raise_(
  File "/home/airflow/.local/lib/python3.12/site-packages/sqlalchemy/util/compat.py", line 211, in raise_
    raise exception
  File "/home/airflow/.local/lib/python3.12/site-packages/sqlalchemy/pool/base.py", line 686, in __connect
    self.dbapi_connection = connection = pool._invoke_creator(self)
                                         ^^^^^^^^^^^^^^^^^^^^^^^^^^
  File "/home/airflow/.local/lib/python3.12/site-packages/sqlalchemy/engine/create.py", line 574, in connect
    return dialect.connect(*cargs, **cparams)
           ^^^^^^^^^^^^^^^^^^^^^^^^^^^^^^^^^^
  File "/home/airflow/.local/lib/python3.12/site-packages/sqlalchemy/engine/default.py", line 598, in connect
    return self.dbapi.connect(*cargs, **cparams)
           ^^^^^^^^^^^^^^^^^^^^^^^^^^^^^^^^^^^^^
  File "/home/airflow/.local/lib/python3.12/site-packages/psycopg2/__init__.py", line 122, in connect
    conn = _connect(dsn, connection_factory=connection_factory, **kwasync)
           ^^^^^^^^^^^^^^^^^^^^^^^^^^^^^^^^^^^^^^^^^^^^^^^^^^^^^^^^^^^^^^^
sqlalchemy.exc.OperationalError: (psycopg2.OperationalError) could not translate host name "postgres" to address: Temporary failure in name resolution

(Background on this error at: https://sqlalche.me/e/14/e3q8)
[2026-09-10T11:56:19.461+0000] {processor.py:211} ERROR - Got an exception! Propagating...
Traceback (most recent call last):
  File "/home/airflow/.local/lib/python3.12/site-packages/sqlalchemy/engine/base.py", line 3371, in _wrap_pool_connect
    return fn()
           ^^^^
  File "/home/airflow/.local/lib/python3.12/site-packages/sqlalchemy/pool/base.py", line 327, in connect
    return _ConnectionFairy._checkout(self)
           ^^^^^^^^^^^^^^^^^^^^^^^^^^^^^^^^
  File "/home/airflow/.local/lib/python3.12/site-packages/sqlalchemy/pool/base.py", line 894, in _checkout
    fairy = _ConnectionRecord.checkout(pool)
            ^^^^^^^^^^^^^^^^^^^^^^^^^^^^^^^^
  File "/home/airflow/.local/lib/python3.12/site-packages/sqlalchemy/pool/base.py", line 493, in checkout
    rec = pool._do_get()
          ^^^^^^^^^^^^^^
  File "/home/airflow/.local/lib/python3.12/site-packages/sqlalchemy/pool/impl.py", line 145, in _do_get
    with util.safe_reraise():
         ^^^^^^^^^^^^^^^^^^^
  File "/home/airflow/.local/lib/python3.12/site-packages/sqlalchemy/util/langhelpers.py", line 70, in __exit__
    compat.raise_(
  File "/home/airflow/.local/lib/python3.12/site-packages/sqlalchemy/util/compat.py", line 211, in raise_
    raise exception
  File "/home/airflow/.local/lib/python3.12/site-packages/sqlalchemy/pool/impl.py", line 143, in _do_get
    return self._create_connection()
           ^^^^^^^^^^^^^^^^^^^^^^^^^
  File "/home/airflow/.local/lib/python3.12/site-packages/sqlalchemy/pool/base.py", line 273, in _create_connection
    return _ConnectionRecord(self)
           ^^^^^^^^^^^^^^^^^^^^^^^
  File "/home/airflow/.local/lib/python3.12/site-packages/sqlalchemy/pool/base.py", line 388, in __init__
    self.__connect()
  File "/home/airflow/.local/lib/python3.12/site-packages/sqlalchemy/pool/base.py", line 690, in __connect
    with util.safe_reraise():
         ^^^^^^^^^^^^^^^^^^^
  File "/home/airflow/.local/lib/python3.12/site-packages/sqlalchemy/util/langhelpers.py", line 70, in __exit__
    compat.raise_(
  File "/home/airflow/.local/lib/python3.12/site-packages/sqlalchemy/util/compat.py", line 211, in raise_
    raise exception
  File "/home/airflow/.local/lib/python3.12/site-packages/sqlalchemy/pool/base.py", line 686, in __connect
    self.dbapi_connection = connection = pool._invoke_creator(self)
                                         ^^^^^^^^^^^^^^^^^^^^^^^^^^
  File "/home/airflow/.local/lib/python3.12/site-packages/sqlalchemy/engine/create.py", line 574, in connect
    return dialect.connect(*cargs, **cparams)
           ^^^^^^^^^^^^^^^^^^^^^^^^^^^^^^^^^^
  File "/home/airflow/.local/lib/python3.12/site-packages/sqlalchemy/engine/default.py", line 598, in connect
    return self.dbapi.connect(*cargs, **cparams)
           ^^^^^^^^^^^^^^^^^^^^^^^^^^^^^^^^^^^^^
  File "/home/airflow/.local/lib/python3.12/site-packages/psycopg2/__init__.py", line 122, in connect
    conn = _connect(dsn, connection_factory=connection_factory, **kwasync)
           ^^^^^^^^^^^^^^^^^^^^^^^^^^^^^^^^^^^^^^^^^^^^^^^^^^^^^^^^^^^^^^^
psycopg2.OperationalError: could not translate host name "postgres" to address: Temporary failure in name resolution


The above exception was the direct cause of the following exception:

Traceback (most recent call last):
  File "/home/airflow/.local/lib/python3.12/site-packages/airflow/dag_processing/processor.py", line 207, in _run_file_processor
    _handle_dag_file_processing()
  File "/home/airflow/.local/lib/python3.12/site-packages/airflow/dag_processing/processor.py", line 188, in _handle_dag_file_processing
    result: tuple[int, int, int] = dag_file_processor.process_file(
                                   ^^^^^^^^^^^^^^^^^^^^^^^^^^^^^^^^
  File "/home/airflow/.local/lib/python3.12/site-packages/airflow/utils/session.py", line 97, in wrapper
    return func(*args, session=session, **kwargs)
           ^^^^^^^^^^^^^^^^^^^^^^^^^^^^^^^^^^^^^^
  File "/home/airflow/.local/lib/python3.12/site-packages/airflow/dag_processing/processor.py", line 942, in process_file
    serialize_errors = DagFileProcessor.save_dag_to_db(
                       ^^^^^^^^^^^^^^^^^^^^^^^^^^^^^^^^
  File "/home/airflow/.local/lib/python3.12/site-packages/airflow/api_internal/internal_api_call.py", line 166, in wrapper
    return func(*args, **kwargs)
           ^^^^^^^^^^^^^^^^^^^^^
  File "/home/airflow/.local/lib/python3.12/site-packages/airflow/utils/session.py", line 97, in wrapper
    return func(*args, session=session, **kwargs)
           ^^^^^^^^^^^^^^^^^^^^^^^^^^^^^^^^^^^^^^
  File "/home/airflow/.local/lib/python3.12/site-packages/airflow/dag_processing/processor.py", line 982, in save_dag_to_db
    import_errors = DagBag._sync_to_db(dags=dags, processor_subdir=dag_directory, session=session)
                    ^^^^^^^^^^^^^^^^^^^^^^^^^^^^^^^^^^^^^^^^^^^^^^^^^^^^^^^^^^^^^^^^^^^^^^^^^^^^^^
  File "/home/airflow/.local/lib/python3.12/site-packages/airflow/utils/session.py", line 94, in wrapper
    return func(*args, **kwargs)
           ^^^^^^^^^^^^^^^^^^^^^
  File "/home/airflow/.local/lib/python3.12/site-packages/airflow/models/dagbag.py", line 708, in _sync_to_db
    for attempt in run_with_db_retries(logger=log):
                   ^^^^^^^^^^^^^^^^^^^^^^^^^^^^^^^
  File "/home/airflow/.local/lib/python3.12/site-packages/tenacity/__init__.py", line 443, in __iter__
    do = self.iter(retry_state=retry_state)
         ^^^^^^^^^^^^^^^^^^^^^^^^^^^^^^^^^^
  File "/home/airflow/.local/lib/python3.12/site-packages/tenacity/__init__.py", line 376, in iter
    result = action(retry_state)
             ^^^^^^^^^^^^^^^^^^^
  File "/home/airflow/.local/lib/python3.12/site-packages/tenacity/__init__.py", line 418, in exc_check
    raise retry_exc.reraise()
          ^^^^^^^^^^^^^^^^^^^
  File "/home/airflow/.local/lib/python3.12/site-packages/tenacity/__init__.py", line 185, in reraise
    raise self.last_attempt.result()
          ^^^^^^^^^^^^^^^^^^^^^^^^^^
  File "/usr/local/lib/python3.12/concurrent/futures/_base.py", line 449, in result
    return self.__get_result()
           ^^^^^^^^^^^^^^^^^^^
  File "/usr/local/lib/python3.12/concurrent/futures/_base.py", line 401, in __get_result
    raise self._exception
  File "/home/airflow/.local/lib/python3.12/site-packages/airflow/models/dagbag.py", line 721, in _sync_to_db
    _serialize_dag_capturing_errors(dag, session, processor_subdir)
  File "/home/airflow/.local/lib/python3.12/site-packages/airflow/models/dagbag.py", line 686, in _serialize_dag_capturing_errors
    dag_was_updated = SerializedDagModel.write_dag(
                      ^^^^^^^^^^^^^^^^^^^^^^^^^^^^^
  File "/home/airflow/.local/lib/python3.12/site-packages/airflow/utils/session.py", line 94, in wrapper
    return func(*args, **kwargs)
           ^^^^^^^^^^^^^^^^^^^^^
  File "/home/airflow/.local/lib/python3.12/site-packages/airflow/models/serialized_dag.py", line 160, in write_dag
    if session.scalar(
       ^^^^^^^^^^^^^^^
  File "/home/airflow/.local/lib/python3.12/site-packages/sqlalchemy/orm/session.py", line 1747, in scalar
    return self.execute(
           ^^^^^^^^^^^^^
  File "/home/airflow/.local/lib/python3.12/site-packages/sqlalchemy/orm/session.py", line 1716, in execute
    conn = self._connection_for_bind(bind)
           ^^^^^^^^^^^^^^^^^^^^^^^^^^^^^^^
  File "/home/airflow/.local/lib/python3.12/site-packages/sqlalchemy/orm/session.py", line 1555, in _connection_for_bind
    return self._transaction._connection_for_bind(
           ^^^^^^^^^^^^^^^^^^^^^^^^^^^^^^^^^^^^^^^
  File "/home/airflow/.local/lib/python3.12/site-packages/sqlalchemy/orm/session.py", line 750, in _connection_for_bind
    conn = bind.connect()
           ^^^^^^^^^^^^^^
  File "/home/airflow/.local/lib/python3.12/site-packages/sqlalchemy/future/engine.py", line 412, in connect
    return super(Engine, self).connect()
           ^^^^^^^^^^^^^^^^^^^^^^^^^^^^^
  File "/home/airflow/.local/lib/python3.12/site-packages/sqlalchemy/engine/base.py", line 3325, in connect
    return self._connection_cls(self, close_with_result=close_with_result)
           ^^^^^^^^^^^^^^^^^^^^^^^^^^^^^^^^^^^^^^^^^^^^^^^^^^^^^^^^^^^^^^^
  File "/home/airflow/.local/lib/python3.12/site-packages/sqlalchemy/engine/base.py", line 96, in __init__
    else engine.raw_connection()
         ^^^^^^^^^^^^^^^^^^^^^^^
  File "/home/airflow/.local/lib/python3.12/site-packages/sqlalchemy/engine/base.py", line 3404, in raw_connection
    return self._wrap_pool_connect(self.pool.connect, _connection)
           ^^^^^^^^^^^^^^^^^^^^^^^^^^^^^^^^^^^^^^^^^^^^^^^^^^^^^^^
  File "/home/airflow/.local/lib/python3.12/site-packages/sqlalchemy/engine/base.py", line 3374, in _wrap_pool_connect
    Connection._handle_dbapi_exception_noconnection(
  File "/home/airflow/.local/lib/python3.12/site-packages/sqlalchemy/engine/base.py", line 2208, in _handle_dbapi_exception_noconnection
    util.raise_(
  File "/home/airflow/.local/lib/python3.12/site-packages/sqlalchemy/util/compat.py", line 211, in raise_
    raise exception
  File "/home/airflow/.local/lib/python3.12/site-packages/sqlalchemy/engine/base.py", line 3371, in _wrap_pool_connect
    return fn()
           ^^^^
  File "/home/airflow/.local/lib/python3.12/site-packages/sqlalchemy/pool/base.py", line 327, in connect
    return _ConnectionFairy._checkout(self)
           ^^^^^^^^^^^^^^^^^^^^^^^^^^^^^^^^
  File "/home/airflow/.local/lib/python3.12/site-packages/sqlalchemy/pool/base.py", line 894, in _checkout
    fairy = _ConnectionRecord.checkout(pool)
            ^^^^^^^^^^^^^^^^^^^^^^^^^^^^^^^^
  File "/home/airflow/.local/lib/python3.12/site-packages/sqlalchemy/pool/base.py", line 493, in checkout
    rec = pool._do_get()
          ^^^^^^^^^^^^^^
  File "/home/airflow/.local/lib/python3.12/site-packages/sqlalchemy/pool/impl.py", line 145, in _do_get
    with util.safe_reraise():
         ^^^^^^^^^^^^^^^^^^^
  File "/home/airflow/.local/lib/python3.12/site-packages/sqlalchemy/util/langhelpers.py", line 70, in __exit__
    compat.raise_(
  File "/home/airflow/.local/lib/python3.12/site-packages/sqlalchemy/util/compat.py", line 211, in raise_
    raise exception
  File "/home/airflow/.local/lib/python3.12/site-packages/sqlalchemy/pool/impl.py", line 143, in _do_get
    return self._create_connection()
           ^^^^^^^^^^^^^^^^^^^^^^^^^
  File "/home/airflow/.local/lib/python3.12/site-packages/sqlalchemy/pool/base.py", line 273, in _create_connection
    return _ConnectionRecord(self)
           ^^^^^^^^^^^^^^^^^^^^^^^
  File "/home/airflow/.local/lib/python3.12/site-packages/sqlalchemy/pool/base.py", line 388, in __init__
    self.__connect()
  File "/home/airflow/.local/lib/python3.12/site-packages/sqlalchemy/pool/base.py", line 690, in __connect
    with util.safe_reraise():
         ^^^^^^^^^^^^^^^^^^^
  File "/home/airflow/.local/lib/python3.12/site-packages/sqlalchemy/util/langhelpers.py", line 70, in __exit__
    compat.raise_(
  File "/home/airflow/.local/lib/python3.12/site-packages/sqlalchemy/util/compat.py", line 211, in raise_
    raise exception
  File "/home/airflow/.local/lib/python3.12/site-packages/sqlalchemy/pool/base.py", line 686, in __connect
    self.dbapi_connection = connection = pool._invoke_creator(self)
                                         ^^^^^^^^^^^^^^^^^^^^^^^^^^
  File "/home/airflow/.local/lib/python3.12/site-packages/sqlalchemy/engine/create.py", line 574, in connect
    return dialect.connect(*cargs, **cparams)
           ^^^^^^^^^^^^^^^^^^^^^^^^^^^^^^^^^^
  File "/home/airflow/.local/lib/python3.12/site-packages/sqlalchemy/engine/default.py", line 598, in connect
    return self.dbapi.connect(*cargs, **cparams)
           ^^^^^^^^^^^^^^^^^^^^^^^^^^^^^^^^^^^^^
  File "/home/airflow/.local/lib/python3.12/site-packages/psycopg2/__init__.py", line 122, in connect
    conn = _connect(dsn, connection_factory=connection_factory, **kwasync)
           ^^^^^^^^^^^^^^^^^^^^^^^^^^^^^^^^^^^^^^^^^^^^^^^^^^^^^^^^^^^^^^^
sqlalchemy.exc.OperationalError: (psycopg2.OperationalError) could not translate host name "postgres" to address: Temporary failure in name resolution

(Background on this error at: https://sqlalche.me/e/14/e3q8)
[2026-09-10T11:56:28.794+0000] {processor.py:186} INFO - Started process (PID=428) to work on /opt/airflow/dags/ingestion_pipelines_dag.py
[2026-09-10T11:56:28.800+0000] {processor.py:914} INFO - Processing file /opt/airflow/dags/ingestion_pipelines_dag.py for tasks to queue
[2026-09-10T11:56:28.806+0000] {logging_mixin.py:190} INFO - [2026-09-10T11:56:28.803+0000] {dagbag.py:588} INFO - Filling up the DagBag from /opt/airflow/dags/ingestion_pipelines_dag.py
[2026-09-10T11:56:28.938+0000] {processor.py:925} INFO - DAG(s) 'datalake_ingestion_pipelines' retrieved from /opt/airflow/dags/ingestion_pipelines_dag.py
[2026-09-10T11:56:39.102+0000] {logging_mixin.py:190} INFO - [2026-09-10T11:56:38.992+0000] {processor.py:763} ERROR - Error executing TaskCallbackRequest callback for file: /opt/airflow/dags/ingestion_pipelines_dag.py
Traceback (most recent call last):
  File "/home/airflow/.local/lib/python3.12/site-packages/sqlalchemy/engine/base.py", line 3371, in _wrap_pool_connect
    return fn()
           ^^^^
  File "/home/airflow/.local/lib/python3.12/site-packages/sqlalchemy/pool/base.py", line 327, in connect
    return _ConnectionFairy._checkout(self)
           ^^^^^^^^^^^^^^^^^^^^^^^^^^^^^^^^
  File "/home/airflow/.local/lib/python3.12/site-packages/sqlalchemy/pool/base.py", line 894, in _checkout
    fairy = _ConnectionRecord.checkout(pool)
            ^^^^^^^^^^^^^^^^^^^^^^^^^^^^^^^^
  File "/home/airflow/.local/lib/python3.12/site-packages/sqlalchemy/pool/base.py", line 493, in checkout
    rec = pool._do_get()
          ^^^^^^^^^^^^^^
  File "/home/airflow/.local/lib/python3.12/site-packages/sqlalchemy/pool/impl.py", line 145, in _do_get
    with util.safe_reraise():
         ^^^^^^^^^^^^^^^^^^^
  File "/home/airflow/.local/lib/python3.12/site-packages/sqlalchemy/util/langhelpers.py", line 70, in __exit__
    compat.raise_(
  File "/home/airflow/.local/lib/python3.12/site-packages/sqlalchemy/util/compat.py", line 211, in raise_
    raise exception
  File "/home/airflow/.local/lib/python3.12/site-packages/sqlalchemy/pool/impl.py", line 143, in _do_get
    return self._create_connection()
           ^^^^^^^^^^^^^^^^^^^^^^^^^
  File "/home/airflow/.local/lib/python3.12/site-packages/sqlalchemy/pool/base.py", line 273, in _create_connection
    return _ConnectionRecord(self)
           ^^^^^^^^^^^^^^^^^^^^^^^
  File "/home/airflow/.local/lib/python3.12/site-packages/sqlalchemy/pool/base.py", line 388, in __init__
    self.__connect()
  File "/home/airflow/.local/lib/python3.12/site-packages/sqlalchemy/pool/base.py", line 690, in __connect
    with util.safe_reraise():
         ^^^^^^^^^^^^^^^^^^^
  File "/home/airflow/.local/lib/python3.12/site-packages/sqlalchemy/util/langhelpers.py", line 70, in __exit__
    compat.raise_(
  File "/home/airflow/.local/lib/python3.12/site-packages/sqlalchemy/util/compat.py", line 211, in raise_
    raise exception
  File "/home/airflow/.local/lib/python3.12/site-packages/sqlalchemy/pool/base.py", line 686, in __connect
    self.dbapi_connection = connection = pool._invoke_creator(self)
                                         ^^^^^^^^^^^^^^^^^^^^^^^^^^
  File "/home/airflow/.local/lib/python3.12/site-packages/sqlalchemy/engine/create.py", line 574, in connect
    return dialect.connect(*cargs, **cparams)
           ^^^^^^^^^^^^^^^^^^^^^^^^^^^^^^^^^^
  File "/home/airflow/.local/lib/python3.12/site-packages/sqlalchemy/engine/default.py", line 598, in connect
    return self.dbapi.connect(*cargs, **cparams)
           ^^^^^^^^^^^^^^^^^^^^^^^^^^^^^^^^^^^^^
  File "/home/airflow/.local/lib/python3.12/site-packages/psycopg2/__init__.py", line 122, in connect
    conn = _connect(dsn, connection_factory=connection_factory, **kwasync)
           ^^^^^^^^^^^^^^^^^^^^^^^^^^^^^^^^^^^^^^^^^^^^^^^^^^^^^^^^^^^^^^^
psycopg2.OperationalError: could not translate host name "postgres" to address: Temporary failure in name resolution


The above exception was the direct cause of the following exception:

Traceback (most recent call last):
  File "/home/airflow/.local/lib/python3.12/site-packages/airflow/dag_processing/processor.py", line 752, in execute_callbacks
    cls._execute_task_callbacks(dagbag, request, unit_test_mode, session=session)
  File "/home/airflow/.local/lib/python3.12/site-packages/airflow/api_internal/internal_api_call.py", line 166, in wrapper
    return func(*args, **kwargs)
           ^^^^^^^^^^^^^^^^^^^^^
  File "/home/airflow/.local/lib/python3.12/site-packages/airflow/utils/session.py", line 94, in wrapper
    return func(*args, **kwargs)
           ^^^^^^^^^^^^^^^^^^^^^
  File "/home/airflow/.local/lib/python3.12/site-packages/airflow/dag_processing/processor.py", line 838, in _execute_task_callbacks
    ti = TaskInstance.get_task_instance(
         ^^^^^^^^^^^^^^^^^^^^^^^^^^^^^^^
  File "/home/airflow/.local/lib/python3.12/site-packages/airflow/api_internal/internal_api_call.py", line 166, in wrapper
    return func(*args, **kwargs)
           ^^^^^^^^^^^^^^^^^^^^^
  File "/home/airflow/.local/lib/python3.12/site-packages/airflow/utils/session.py", line 94, in wrapper
    return func(*args, **kwargs)
           ^^^^^^^^^^^^^^^^^^^^^
  File "/home/airflow/.local/lib/python3.12/site-packages/airflow/models/taskinstance.py", line 2345, in get_task_instance
    return query.one_or_none()
           ^^^^^^^^^^^^^^^^^^^
  File "/home/airflow/.local/lib/python3.12/site-packages/sqlalchemy/orm/query.py", line 2850, in one_or_none
    return self._iter().one_or_none()
           ^^^^^^^^^^^^
  File "/home/airflow/.local/lib/python3.12/site-packages/sqlalchemy/orm/query.py", line 2916, in _iter
    result = self.session.execute(
             ^^^^^^^^^^^^^^^^^^^^^
  File "/home/airflow/.local/lib/python3.12/site-packages/sqlalchemy/orm/session.py", line 1716, in execute
    conn = self._connection_for_bind(bind)
           ^^^^^^^^^^^^^^^^^^^^^^^^^^^^^^^
  File "/home/airflow/.local/lib/python3.12/site-packages/sqlalchemy/orm/session.py", line 1555, in _connection_for_bind
    return self._transaction._connection_for_bind(
           ^^^^^^^^^^^^^^^^^^^^^^^^^^^^^^^^^^^^^^^
  File "/home/airflow/.local/lib/python3.12/site-packages/sqlalchemy/orm/session.py", line 750, in _connection_for_bind
    conn = bind.connect()
           ^^^^^^^^^^^^^^
  File "/home/airflow/.local/lib/python3.12/site-packages/sqlalchemy/future/engine.py", line 412, in connect
    return super(Engine, self).connect()
           ^^^^^^^^^^^^^^^^^^^^^^^^^^^^^
  File "/home/airflow/.local/lib/python3.12/site-packages/sqlalchemy/engine/base.py", line 3325, in connect
    return self._connection_cls(self, close_with_result=close_with_result)
           ^^^^^^^^^^^^^^^^^^^^^^^^^^^^^^^^^^^^^^^^^^^^^^^^^^^^^^^^^^^^^^^
  File "/home/airflow/.local/lib/python3.12/site-packages/sqlalchemy/engine/base.py", line 96, in __init__
    else engine.raw_connection()
         ^^^^^^^^^^^^^^^^^^^^^^^
  File "/home/airflow/.local/lib/python3.12/site-packages/sqlalchemy/engine/base.py", line 3404, in raw_connection
    return self._wrap_pool_connect(self.pool.connect, _connection)
           ^^^^^^^^^^^^^^^^^^^^^^^^^^^^^^^^^^^^^^^^^^^^^^^^^^^^^^^
  File "/home/airflow/.local/lib/python3.12/site-packages/sqlalchemy/engine/base.py", line 3374, in _wrap_pool_connect
    Connection._handle_dbapi_exception_noconnection(
  File "/home/airflow/.local/lib/python3.12/site-packages/sqlalchemy/engine/base.py", line 2208, in _handle_dbapi_exception_noconnection
    util.raise_(
  File "/home/airflow/.local/lib/python3.12/site-packages/sqlalchemy/util/compat.py", line 211, in raise_
    raise exception
  File "/home/airflow/.local/lib/python3.12/site-packages/sqlalchemy/engine/base.py", line 3371, in _wrap_pool_connect
    return fn()
           ^^^^
  File "/home/airflow/.local/lib/python3.12/site-packages/sqlalchemy/pool/base.py", line 327, in connect
    return _ConnectionFairy._checkout(self)
           ^^^^^^^^^^^^^^^^^^^^^^^^^^^^^^^^
  File "/home/airflow/.local/lib/python3.12/site-packages/sqlalchemy/pool/base.py", line 894, in _checkout
    fairy = _ConnectionRecord.checkout(pool)
            ^^^^^^^^^^^^^^^^^^^^^^^^^^^^^^^^
  File "/home/airflow/.local/lib/python3.12/site-packages/sqlalchemy/pool/base.py", line 493, in checkout
    rec = pool._do_get()
          ^^^^^^^^^^^^^^
  File "/home/airflow/.local/lib/python3.12/site-packages/sqlalchemy/pool/impl.py", line 145, in _do_get
    with util.safe_reraise():
         ^^^^^^^^^^^^^^^^^^^
  File "/home/airflow/.local/lib/python3.12/site-packages/sqlalchemy/util/langhelpers.py", line 70, in __exit__
    compat.raise_(
  File "/home/airflow/.local/lib/python3.12/site-packages/sqlalchemy/util/compat.py", line 211, in raise_
    raise exception
  File "/home/airflow/.local/lib/python3.12/site-packages/sqlalchemy/pool/impl.py", line 143, in _do_get
    return self._create_connection()
           ^^^^^^^^^^^^^^^^^^^^^^^^^
  File "/home/airflow/.local/lib/python3.12/site-packages/sqlalchemy/pool/base.py", line 273, in _create_connection
    return _ConnectionRecord(self)
           ^^^^^^^^^^^^^^^^^^^^^^^
  File "/home/airflow/.local/lib/python3.12/site-packages/sqlalchemy/pool/base.py", line 388, in __init__
    self.__connect()
  File "/home/airflow/.local/lib/python3.12/site-packages/sqlalchemy/pool/base.py", line 690, in __connect
    with util.safe_reraise():
         ^^^^^^^^^^^^^^^^^^^
  File "/home/airflow/.local/lib/python3.12/site-packages/sqlalchemy/util/langhelpers.py", line 70, in __exit__
    compat.raise_(
  File "/home/airflow/.local/lib/python3.12/site-packages/sqlalchemy/util/compat.py", line 211, in raise_
    raise exception
  File "/home/airflow/.local/lib/python3.12/site-packages/sqlalchemy/pool/base.py", line 686, in __connect
    self.dbapi_connection = connection = pool._invoke_creator(self)
                                         ^^^^^^^^^^^^^^^^^^^^^^^^^^
  File "/home/airflow/.local/lib/python3.12/site-packages/sqlalchemy/engine/create.py", line 574, in connect
    return dialect.connect(*cargs, **cparams)
           ^^^^^^^^^^^^^^^^^^^^^^^^^^^^^^^^^^
  File "/home/airflow/.local/lib/python3.12/site-packages/sqlalchemy/engine/default.py", line 598, in connect
    return self.dbapi.connect(*cargs, **cparams)
           ^^^^^^^^^^^^^^^^^^^^^^^^^^^^^^^^^^^^^
  File "/home/airflow/.local/lib/python3.12/site-packages/psycopg2/__init__.py", line 122, in connect
    conn = _connect(dsn, connection_factory=connection_factory, **kwasync)
           ^^^^^^^^^^^^^^^^^^^^^^^^^^^^^^^^^^^^^^^^^^^^^^^^^^^^^^^^^^^^^^^
sqlalchemy.exc.OperationalError: (psycopg2.OperationalError) could not translate host name "postgres" to address: Temporary failure in name resolution

(Background on this error at: https://sqlalche.me/e/14/e3q8)
[2026-09-10T11:56:49.262+0000] {logging_mixin.py:190} INFO - [2026-09-10T11:56:49.157+0000] {processor.py:763} ERROR - Error executing TaskCallbackRequest callback for file: /opt/airflow/dags/ingestion_pipelines_dag.py
Traceback (most recent call last):
  File "/home/airflow/.local/lib/python3.12/site-packages/sqlalchemy/engine/base.py", line 3371, in _wrap_pool_connect
    return fn()
           ^^^^
  File "/home/airflow/.local/lib/python3.12/site-packages/sqlalchemy/pool/base.py", line 327, in connect
    return _ConnectionFairy._checkout(self)
           ^^^^^^^^^^^^^^^^^^^^^^^^^^^^^^^^
  File "/home/airflow/.local/lib/python3.12/site-packages/sqlalchemy/pool/base.py", line 894, in _checkout
    fairy = _ConnectionRecord.checkout(pool)
            ^^^^^^^^^^^^^^^^^^^^^^^^^^^^^^^^
  File "/home/airflow/.local/lib/python3.12/site-packages/sqlalchemy/pool/base.py", line 493, in checkout
    rec = pool._do_get()
          ^^^^^^^^^^^^^^
  File "/home/airflow/.local/lib/python3.12/site-packages/sqlalchemy/pool/impl.py", line 145, in _do_get
    with util.safe_reraise():
         ^^^^^^^^^^^^^^^^^^^
  File "/home/airflow/.local/lib/python3.12/site-packages/sqlalchemy/util/langhelpers.py", line 70, in __exit__
    compat.raise_(
  File "/home/airflow/.local/lib/python3.12/site-packages/sqlalchemy/util/compat.py", line 211, in raise_
    raise exception
  File "/home/airflow/.local/lib/python3.12/site-packages/sqlalchemy/pool/impl.py", line 143, in _do_get
    return self._create_connection()
           ^^^^^^^^^^^^^^^^^^^^^^^^^
  File "/home/airflow/.local/lib/python3.12/site-packages/sqlalchemy/pool/base.py", line 273, in _create_connection
    return _ConnectionRecord(self)
           ^^^^^^^^^^^^^^^^^^^^^^^
  File "/home/airflow/.local/lib/python3.12/site-packages/sqlalchemy/pool/base.py", line 388, in __init__
    self.__connect()
  File "/home/airflow/.local/lib/python3.12/site-packages/sqlalchemy/pool/base.py", line 690, in __connect
    with util.safe_reraise():
         ^^^^^^^^^^^^^^^^^^^
  File "/home/airflow/.local/lib/python3.12/site-packages/sqlalchemy/util/langhelpers.py", line 70, in __exit__
    compat.raise_(
  File "/home/airflow/.local/lib/python3.12/site-packages/sqlalchemy/util/compat.py", line 211, in raise_
    raise exception
  File "/home/airflow/.local/lib/python3.12/site-packages/sqlalchemy/pool/base.py", line 686, in __connect
    self.dbapi_connection = connection = pool._invoke_creator(self)
                                         ^^^^^^^^^^^^^^^^^^^^^^^^^^
  File "/home/airflow/.local/lib/python3.12/site-packages/sqlalchemy/engine/create.py", line 574, in connect
    return dialect.connect(*cargs, **cparams)
           ^^^^^^^^^^^^^^^^^^^^^^^^^^^^^^^^^^
  File "/home/airflow/.local/lib/python3.12/site-packages/sqlalchemy/engine/default.py", line 598, in connect
    return self.dbapi.connect(*cargs, **cparams)
           ^^^^^^^^^^^^^^^^^^^^^^^^^^^^^^^^^^^^^
  File "/home/airflow/.local/lib/python3.12/site-packages/psycopg2/__init__.py", line 122, in connect
    conn = _connect(dsn, connection_factory=connection_factory, **kwasync)
           ^^^^^^^^^^^^^^^^^^^^^^^^^^^^^^^^^^^^^^^^^^^^^^^^^^^^^^^^^^^^^^^
psycopg2.OperationalError: could not translate host name "postgres" to address: Temporary failure in name resolution


The above exception was the direct cause of the following exception:

Traceback (most recent call last):
  File "/home/airflow/.local/lib/python3.12/site-packages/airflow/dag_processing/processor.py", line 752, in execute_callbacks
    cls._execute_task_callbacks(dagbag, request, unit_test_mode, session=session)
  File "/home/airflow/.local/lib/python3.12/site-packages/airflow/api_internal/internal_api_call.py", line 166, in wrapper
    return func(*args, **kwargs)
           ^^^^^^^^^^^^^^^^^^^^^
  File "/home/airflow/.local/lib/python3.12/site-packages/airflow/utils/session.py", line 94, in wrapper
    return func(*args, **kwargs)
           ^^^^^^^^^^^^^^^^^^^^^
  File "/home/airflow/.local/lib/python3.12/site-packages/airflow/dag_processing/processor.py", line 838, in _execute_task_callbacks
    ti = TaskInstance.get_task_instance(
         ^^^^^^^^^^^^^^^^^^^^^^^^^^^^^^^
  File "/home/airflow/.local/lib/python3.12/site-packages/airflow/api_internal/internal_api_call.py", line 166, in wrapper
    return func(*args, **kwargs)
           ^^^^^^^^^^^^^^^^^^^^^
  File "/home/airflow/.local/lib/python3.12/site-packages/airflow/utils/session.py", line 94, in wrapper
    return func(*args, **kwargs)
           ^^^^^^^^^^^^^^^^^^^^^
  File "/home/airflow/.local/lib/python3.12/site-packages/airflow/models/taskinstance.py", line 2345, in get_task_instance
    return query.one_or_none()
           ^^^^^^^^^^^^^^^^^^^
  File "/home/airflow/.local/lib/python3.12/site-packages/sqlalchemy/orm/query.py", line 2850, in one_or_none
    return self._iter().one_or_none()
           ^^^^^^^^^^^^
  File "/home/airflow/.local/lib/python3.12/site-packages/sqlalchemy/orm/query.py", line 2916, in _iter
    result = self.session.execute(
             ^^^^^^^^^^^^^^^^^^^^^
  File "/home/airflow/.local/lib/python3.12/site-packages/sqlalchemy/orm/session.py", line 1716, in execute
    conn = self._connection_for_bind(bind)
           ^^^^^^^^^^^^^^^^^^^^^^^^^^^^^^^
  File "/home/airflow/.local/lib/python3.12/site-packages/sqlalchemy/orm/session.py", line 1555, in _connection_for_bind
    return self._transaction._connection_for_bind(
           ^^^^^^^^^^^^^^^^^^^^^^^^^^^^^^^^^^^^^^^
  File "/home/airflow/.local/lib/python3.12/site-packages/sqlalchemy/orm/session.py", line 750, in _connection_for_bind
    conn = bind.connect()
           ^^^^^^^^^^^^^^
  File "/home/airflow/.local/lib/python3.12/site-packages/sqlalchemy/future/engine.py", line 412, in connect
    return super(Engine, self).connect()
           ^^^^^^^^^^^^^^^^^^^^^^^^^^^^^
  File "/home/airflow/.local/lib/python3.12/site-packages/sqlalchemy/engine/base.py", line 3325, in connect
    return self._connection_cls(self, close_with_result=close_with_result)
           ^^^^^^^^^^^^^^^^^^^^^^^^^^^^^^^^^^^^^^^^^^^^^^^^^^^^^^^^^^^^^^^
  File "/home/airflow/.local/lib/python3.12/site-packages/sqlalchemy/engine/base.py", line 96, in __init__
    else engine.raw_connection()
         ^^^^^^^^^^^^^^^^^^^^^^^
  File "/home/airflow/.local/lib/python3.12/site-packages/sqlalchemy/engine/base.py", line 3404, in raw_connection
    return self._wrap_pool_connect(self.pool.connect, _connection)
           ^^^^^^^^^^^^^^^^^^^^^^^^^^^^^^^^^^^^^^^^^^^^^^^^^^^^^^^
  File "/home/airflow/.local/lib/python3.12/site-packages/sqlalchemy/engine/base.py", line 3374, in _wrap_pool_connect
    Connection._handle_dbapi_exception_noconnection(
  File "/home/airflow/.local/lib/python3.12/site-packages/sqlalchemy/engine/base.py", line 2208, in _handle_dbapi_exception_noconnection
    util.raise_(
  File "/home/airflow/.local/lib/python3.12/site-packages/sqlalchemy/util/compat.py", line 211, in raise_
    raise exception
  File "/home/airflow/.local/lib/python3.12/site-packages/sqlalchemy/engine/base.py", line 3371, in _wrap_pool_connect
    return fn()
           ^^^^
  File "/home/airflow/.local/lib/python3.12/site-packages/sqlalchemy/pool/base.py", line 327, in connect
    return _ConnectionFairy._checkout(self)
           ^^^^^^^^^^^^^^^^^^^^^^^^^^^^^^^^
  File "/home/airflow/.local/lib/python3.12/site-packages/sqlalchemy/pool/base.py", line 894, in _checkout
    fairy = _ConnectionRecord.checkout(pool)
            ^^^^^^^^^^^^^^^^^^^^^^^^^^^^^^^^
  File "/home/airflow/.local/lib/python3.12/site-packages/sqlalchemy/pool/base.py", line 493, in checkout
    rec = pool._do_get()
          ^^^^^^^^^^^^^^
  File "/home/airflow/.local/lib/python3.12/site-packages/sqlalchemy/pool/impl.py", line 145, in _do_get
    with util.safe_reraise():
         ^^^^^^^^^^^^^^^^^^^
  File "/home/airflow/.local/lib/python3.12/site-packages/sqlalchemy/util/langhelpers.py", line 70, in __exit__
    compat.raise_(
  File "/home/airflow/.local/lib/python3.12/site-packages/sqlalchemy/util/compat.py", line 211, in raise_
    raise exception
  File "/home/airflow/.local/lib/python3.12/site-packages/sqlalchemy/pool/impl.py", line 143, in _do_get
    return self._create_connection()
           ^^^^^^^^^^^^^^^^^^^^^^^^^
  File "/home/airflow/.local/lib/python3.12/site-packages/sqlalchemy/pool/base.py", line 273, in _create_connection
    return _ConnectionRecord(self)
           ^^^^^^^^^^^^^^^^^^^^^^^
  File "/home/airflow/.local/lib/python3.12/site-packages/sqlalchemy/pool/base.py", line 388, in __init__
    self.__connect()
  File "/home/airflow/.local/lib/python3.12/site-packages/sqlalchemy/pool/base.py", line 690, in __connect
    with util.safe_reraise():
         ^^^^^^^^^^^^^^^^^^^
  File "/home/airflow/.local/lib/python3.12/site-packages/sqlalchemy/util/langhelpers.py", line 70, in __exit__
    compat.raise_(
  File "/home/airflow/.local/lib/python3.12/site-packages/sqlalchemy/util/compat.py", line 211, in raise_
    raise exception
  File "/home/airflow/.local/lib/python3.12/site-packages/sqlalchemy/pool/base.py", line 686, in __connect
    self.dbapi_connection = connection = pool._invoke_creator(self)
                                         ^^^^^^^^^^^^^^^^^^^^^^^^^^
  File "/home/airflow/.local/lib/python3.12/site-packages/sqlalchemy/engine/create.py", line 574, in connect
    return dialect.connect(*cargs, **cparams)
           ^^^^^^^^^^^^^^^^^^^^^^^^^^^^^^^^^^
  File "/home/airflow/.local/lib/python3.12/site-packages/sqlalchemy/engine/default.py", line 598, in connect
    return self.dbapi.connect(*cargs, **cparams)
           ^^^^^^^^^^^^^^^^^^^^^^^^^^^^^^^^^^^^^
  File "/home/airflow/.local/lib/python3.12/site-packages/psycopg2/__init__.py", line 122, in connect
    conn = _connect(dsn, connection_factory=connection_factory, **kwasync)
           ^^^^^^^^^^^^^^^^^^^^^^^^^^^^^^^^^^^^^^^^^^^^^^^^^^^^^^^^^^^^^^^
sqlalchemy.exc.OperationalError: (psycopg2.OperationalError) could not translate host name "postgres" to address: Temporary failure in name resolution

(Background on this error at: https://sqlalche.me/e/14/e3q8)
