[2026-09-10T05:08:53.469+0000] {manager.py:483} INFO - Processing files using up to 2 processes at a time 
[2026-09-10T05:08:53.470+0000] {manager.py:484} INFO - Process each file at most once every 30 seconds
[2026-09-10T05:08:53.471+0000] {manager.py:485} INFO - Checking for new files in /opt/airflow/dags every 300 seconds
[2026-09-10T05:08:53.472+0000] {manager.py:821} INFO - Searching for files in /opt/airflow/dags
[2026-09-10T05:08:53.479+0000] {manager.py:824} INFO - There are 0 files in /opt/airflow/dags
[2026-09-10T05:13:54.049+0000] {manager.py:821} INFO - Searching for files in /opt/airflow/dags
[2026-09-10T05:13:54.137+0000] {manager.py:824} INFO - There are 1 files in /opt/airflow/dags
[2026-09-10T05:13:56.330+0000] {manager.py:997} INFO - 
================================================================================
DAG File Processing Stats

File Path                                     PID    Runtime      # DAGs    # Errors  Last Runtime    Last Run               Last # of DB Queries
--------------------------------------------  -----  ---------  --------  ----------  --------------  -------------------  ----------------------
/opt/airflow/dags/ingestion_pipelines_dag.py                           1           0  1.40s           2026-09-10T05:13:55                      45
================================================================================
[2026-09-10T05:14:27.059+0000] {manager.py:997} INFO - 
================================================================================
DAG File Processing Stats

File Path                                     PID    Runtime      # DAGs    # Errors  Last Runtime    Last Run               Last # of DB Queries
--------------------------------------------  -----  ---------  --------  ----------  --------------  -------------------  ----------------------
/opt/airflow/dags/ingestion_pipelines_dag.py                           1           0  0.24s           2026-09-10T05:14:26                      12
================================================================================
[2026-09-10T05:14:57.404+0000] {manager.py:997} INFO - 
================================================================================
DAG File Processing Stats

File Path                                     PID    Runtime      # DAGs    # Errors  Last Runtime    Last Run               Last # of DB Queries
--------------------------------------------  -----  ---------  --------  ----------  --------------  -------------------  ----------------------
/opt/airflow/dags/ingestion_pipelines_dag.py                           1           0  0.22s           2026-09-10T05:14:56                      12
================================================================================
[2026-09-10T05:15:27.906+0000] {manager.py:997} INFO - 
================================================================================
DAG File Processing Stats

File Path                                     PID    Runtime      # DAGs    # Errors  Last Runtime    Last Run               Last # of DB Queries
--------------------------------------------  -----  ---------  --------  ----------  --------------  -------------------  ----------------------
/opt/airflow/dags/ingestion_pipelines_dag.py                           1           0  0.27s           2026-09-10T05:15:26                      12
================================================================================
[2026-09-10T05:15:58.331+0000] {manager.py:997} INFO - 
================================================================================
DAG File Processing Stats

File Path                                     PID    Runtime      # DAGs    # Errors  Last Runtime    Last Run               Last # of DB Queries
--------------------------------------------  -----  ---------  --------  ----------  --------------  -------------------  ----------------------
/opt/airflow/dags/ingestion_pipelines_dag.py                           1           0  0.22s           2026-09-10T05:15:57                      12
================================================================================
[2026-09-10T05:16:28.821+0000] {manager.py:997} INFO - 
================================================================================
DAG File Processing Stats

File Path                                     PID    Runtime      # DAGs    # Errors  Last Runtime    Last Run               Last # of DB Queries
--------------------------------------------  -----  ---------  --------  ----------  --------------  -------------------  ----------------------
/opt/airflow/dags/ingestion_pipelines_dag.py                           1           0  0.25s           2026-09-10T05:16:27                      12
================================================================================
[2026-09-10T05:16:59.295+0000] {manager.py:997} INFO - 
================================================================================
DAG File Processing Stats

File Path                                     PID    Runtime      # DAGs    # Errors  Last Runtime    Last Run               Last # of DB Queries
--------------------------------------------  -----  ---------  --------  ----------  --------------  -------------------  ----------------------
/opt/airflow/dags/ingestion_pipelines_dag.py                           1           0  0.37s           2026-09-10T05:16:58                      12
================================================================================
[2026-09-10T05:17:29.946+0000] {manager.py:997} INFO - 
================================================================================
DAG File Processing Stats

File Path                                     PID    Runtime      # DAGs    # Errors  Last Runtime    Last Run               Last # of DB Queries
--------------------------------------------  -----  ---------  --------  ----------  --------------  -------------------  ----------------------
/opt/airflow/dags/ingestion_pipelines_dag.py                           1           0  0.41s           2026-09-10T05:17:29                      12
================================================================================
[2026-09-10T05:18:00.384+0000] {manager.py:997} INFO - 
================================================================================
DAG File Processing Stats

File Path                                     PID    Runtime      # DAGs    # Errors  Last Runtime    Last Run               Last # of DB Queries
--------------------------------------------  -----  ---------  --------  ----------  --------------  -------------------  ----------------------
/opt/airflow/dags/ingestion_pipelines_dag.py                           1           0  0.22s           2026-09-10T05:17:59                      12
================================================================================
[2026-09-10T05:18:30.858+0000] {manager.py:997} INFO - 
================================================================================
DAG File Processing Stats

File Path                                     PID    Runtime      # DAGs    # Errors  Last Runtime    Last Run               Last # of DB Queries
--------------------------------------------  -----  ---------  --------  ----------  --------------  -------------------  ----------------------
/opt/airflow/dags/ingestion_pipelines_dag.py                           1           0  0.28s           2026-09-10T05:18:30                      12
================================================================================
[2026-09-10T05:18:54.128+0000] {manager.py:821} INFO - Searching for files in /opt/airflow/dags
[2026-09-10T05:18:54.171+0000] {manager.py:824} INFO - There are 1 files in /opt/airflow/dags
[2026-09-10T05:19:01.395+0000] {manager.py:997} INFO - 
================================================================================
DAG File Processing Stats

File Path                                     PID    Runtime      # DAGs    # Errors  Last Runtime    Last Run               Last # of DB Queries
--------------------------------------------  -----  ---------  --------  ----------  --------------  -------------------  ----------------------
/opt/airflow/dags/ingestion_pipelines_dag.py                           1           0  0.44s           2026-09-10T05:19:00                      12
================================================================================
[2026-09-10T05:19:31.409+0000] {manager.py:997} INFO - 
================================================================================
DAG File Processing Stats

File Path                                     PID    Runtime      # DAGs    # Errors  Last Runtime    Last Run               Last # of DB Queries
--------------------------------------------  -----  ---------  --------  ----------  --------------  -------------------  ----------------------
/opt/airflow/dags/ingestion_pipelines_dag.py                           1           0  0.27s           2026-09-10T05:19:31                      12
================================================================================
[2026-09-10T05:20:01.471+0000] {manager.py:997} INFO - 
================================================================================
DAG File Processing Stats

File Path                                       PID  Runtime      # DAGs    # Errors  Last Runtime    Last Run               Last # of DB Queries
--------------------------------------------  -----  ---------  --------  ----------  --------------  -------------------  ----------------------
/opt/airflow/dags/ingestion_pipelines_dag.py   1067  0.01s             1           0  0.27s           2026-09-10T05:19:31                      12
================================================================================
[2026-09-10T05:20:31.844+0000] {manager.py:997} INFO - 
================================================================================
DAG File Processing Stats

File Path                                       PID  Runtime      # DAGs    # Errors  Last Runtime    Last Run               Last # of DB Queries
--------------------------------------------  -----  ---------  --------  ----------  --------------  -------------------  ----------------------
/opt/airflow/dags/ingestion_pipelines_dag.py   1143  0.01s             1           0  0.29s           2026-09-10T05:20:01                      12
================================================================================
[2026-09-10T05:21:02.472+0000] {manager.py:997} INFO - 
================================================================================
DAG File Processing Stats

File Path                                       PID  Runtime      # DAGs    # Errors  Last Runtime    Last Run               Last # of DB Queries
--------------------------------------------  -----  ---------  --------  ----------  --------------  -------------------  ----------------------
/opt/airflow/dags/ingestion_pipelines_dag.py   1212  0.01s             1           0  0.28s           2026-09-10T05:20:32                      12
================================================================================
[2026-09-10T05:21:32.786+0000] {manager.py:997} INFO - 
================================================================================
DAG File Processing Stats

File Path                                       PID  Runtime      # DAGs    # Errors  Last Runtime    Last Run               Last # of DB Queries
--------------------------------------------  -----  ---------  --------  ----------  --------------  -------------------  ----------------------
/opt/airflow/dags/ingestion_pipelines_dag.py   1282  0.01s             1           0  0.29s           2026-09-10T05:21:02                      12
================================================================================
[2026-09-10T05:22:03.391+0000] {manager.py:997} INFO - 
================================================================================
DAG File Processing Stats

File Path                                       PID  Runtime      # DAGs    # Errors  Last Runtime    Last Run               Last # of DB Queries
--------------------------------------------  -----  ---------  --------  ----------  --------------  -------------------  ----------------------
/opt/airflow/dags/ingestion_pipelines_dag.py   1352  0.01s             1           0  0.24s           2026-09-10T05:21:33                      12
================================================================================
[2026-09-10T05:22:34.021+0000] {manager.py:997} INFO - 
================================================================================
DAG File Processing Stats

File Path                                       PID  Runtime      # DAGs    # Errors  Last Runtime    Last Run               Last # of DB Queries
--------------------------------------------  -----  ---------  --------  ----------  --------------  -------------------  ----------------------
/opt/airflow/dags/ingestion_pipelines_dag.py   1414  0.01s             1           0  0.21s           2026-09-10T05:22:03                      12
================================================================================
[2026-09-10T05:23:04.750+0000] {manager.py:997} INFO - 
================================================================================
DAG File Processing Stats

File Path                                       PID  Runtime      # DAGs    # Errors  Last Runtime    Last Run               Last # of DB Queries
--------------------------------------------  -----  ---------  --------  ----------  --------------  -------------------  ----------------------
/opt/airflow/dags/ingestion_pipelines_dag.py   1469  0.02s             1           0  0.41s           2026-09-10T05:22:34                      12
================================================================================
[2026-09-10T05:23:35.795+0000] {manager.py:997} INFO - 
================================================================================
DAG File Processing Stats

File Path                                       PID  Runtime      # DAGs    # Errors  Last Runtime    Last Run               Last # of DB Queries
--------------------------------------------  -----  ---------  --------  ----------  --------------  -------------------  ----------------------
/opt/airflow/dags/ingestion_pipelines_dag.py   1469  31.04s            1           0  0.41s           2026-09-10T05:22:34                      12
================================================================================
[2026-09-10T05:23:41.295+0000] {manager.py:1146} ERROR - Processor for /opt/airflow/dags/ingestion_pipelines_dag.py exited with return code 1.
[2026-09-10T05:23:55.072+0000] {manager.py:821} INFO - Searching for files in /opt/airflow/dags
[2026-09-10T05:23:55.710+0000] {manager.py:824} INFO - There are 1 files in /opt/airflow/dags
[2026-09-10T05:24:39.050+0000] {manager.py:997} INFO - 
================================================================================
DAG File Processing Stats

File Path                                       PID  Runtime      # DAGs    # Errors  Last Runtime    Last Run               Last # of DB Queries
--------------------------------------------  -----  ---------  --------  ----------  --------------  -------------------  ----------------------
/opt/airflow/dags/ingestion_pipelines_dag.py   1476  1.11s             0          -1  36.57s          2026-09-10T05:23:41                       0
================================================================================
[2026-09-10T05:26:12.884+0000] {manager.py:1366} ERROR - Processor for /opt/airflow/dags/ingestion_pipelines_dag.py with PID 1476 started at 2026-09-10T05:24:28.458641+00:00 has timed out, killing it.
[2026-09-10T05:26:13.047+0000] {manager.py:997} INFO - 
================================================================================
DAG File Processing Stats

File Path                                     PID    Runtime      # DAGs    # Errors  Last Runtime    Last Run               Last # of DB Queries
--------------------------------------------  -----  ---------  --------  ----------  --------------  -------------------  ----------------------
/opt/airflow/dags/ingestion_pipelines_dag.py                           0           1  104.43s         2026-09-10T05:26:12                       0
================================================================================
[2026-09-10T05:26:43.866+0000] {manager.py:997} INFO - 
================================================================================
DAG File Processing Stats

File Path                                       PID  Runtime      # DAGs    # Errors  Last Runtime    Last Run               Last # of DB Queries
--------------------------------------------  -----  ---------  --------  ----------  --------------  -------------------  ----------------------
/opt/airflow/dags/ingestion_pipelines_dag.py   1538  0.03s             0           1  104.43s         2026-09-10T05:26:12                       0
================================================================================
[2026-09-10T05:27:18.995+0000] {manager.py:997} INFO - 
================================================================================
DAG File Processing Stats

File Path                                       PID  Runtime      # DAGs    # Errors  Last Runtime    Last Run               Last # of DB Queries
--------------------------------------------  -----  ---------  --------  ----------  --------------  -------------------  ----------------------
/opt/airflow/dags/ingestion_pipelines_dag.py   1589  0.05s             1           0  2.28s           2026-09-10T05:26:46                      34
================================================================================
[2026-09-10T05:27:54.577+0000] {manager.py:997} INFO - 
================================================================================
DAG File Processing Stats

File Path                                       PID  Runtime      # DAGs    # Errors  Last Runtime    Last Run               Last # of DB Queries
--------------------------------------------  -----  ---------  --------  ----------  --------------  -------------------  ----------------------
/opt/airflow/dags/ingestion_pipelines_dag.py   1589  35.06s            1           0  2.28s           2026-09-10T05:26:46                      34
================================================================================
[2026-09-10T05:28:33.429+0000] {manager.py:1366} ERROR - Processor for /opt/airflow/dags/ingestion_pipelines_dag.py with PID 1589 started at 2026-09-10T05:27:18.872856+00:00 has timed out, killing it.
[2026-09-10T05:29:30.791+0000] {manager.py:997} INFO - 
================================================================================
DAG File Processing Stats

File Path                                       PID  Runtime      # DAGs    # Errors  Last Runtime    Last Run               Last # of DB Queries
--------------------------------------------  -----  ---------  --------  ----------  --------------  -------------------  ----------------------
/opt/airflow/dags/ingestion_pipelines_dag.py   1592  1.34s             0           1  74.54s          2026-09-10T05:28:33                       0
================================================================================
[2026-09-10T05:31:33.968+0000] {manager.py:821} INFO - Searching for files in /opt/airflow/dags
[2026-09-10T05:31:39.148+0000] {manager.py:824} INFO - There are 1 files in /opt/airflow/dags
[2026-09-10T05:35:02.865+0000] {manager.py:1366} ERROR - Processor for /opt/airflow/dags/ingestion_pipelines_dag.py with PID 1592 started at 2026-09-10T05:29:20.616751+00:00 has timed out, killing it.
[2026-09-10T05:35:03.098+0000] {manager.py:997} INFO - 
================================================================================
DAG File Processing Stats

File Path                                     PID    Runtime      # DAGs    # Errors  Last Runtime    Last Run               Last # of DB Queries
--------------------------------------------  -----  ---------  --------  ----------  --------------  -------------------  ----------------------
/opt/airflow/dags/ingestion_pipelines_dag.py                           0           1  342.25s         2026-09-10T05:35:02                       0
================================================================================
[2026-09-10T05:35:33.231+0000] {manager.py:997} INFO - 
================================================================================
DAG File Processing Stats

File Path                                       PID  Runtime      # DAGs    # Errors  Last Runtime    Last Run               Last # of DB Queries
--------------------------------------------  -----  ---------  --------  ----------  --------------  -------------------  ----------------------
/opt/airflow/dags/ingestion_pipelines_dag.py   1645  0.02s             0           1  342.25s         2026-09-10T05:35:02                       0
================================================================================
[2026-09-10T05:36:03.285+0000] {manager.py:997} INFO - 
================================================================================
DAG File Processing Stats

File Path                                     PID    Runtime      # DAGs    # Errors  Last Runtime    Last Run               Last # of DB Queries
--------------------------------------------  -----  ---------  --------  ----------  --------------  -------------------  ----------------------
/opt/airflow/dags/ingestion_pipelines_dag.py                           1           0  9.41s           2026-09-10T05:35:42                      34
================================================================================
[2026-09-10T05:36:33.801+0000] {manager.py:997} INFO - 
================================================================================
DAG File Processing Stats

File Path                                     PID    Runtime      # DAGs    # Errors  Last Runtime    Last Run               Last # of DB Queries
--------------------------------------------  -----  ---------  --------  ----------  --------------  -------------------  ----------------------
/opt/airflow/dags/ingestion_pipelines_dag.py                           1           0  0.36s           2026-09-10T05:36:13                      12
================================================================================
[2026-09-10T05:36:34.149+0000] {manager.py:821} INFO - Searching for files in /opt/airflow/dags
[2026-09-10T05:36:34.228+0000] {manager.py:824} INFO - There are 1 files in /opt/airflow/dags
[2026-09-10T05:37:03.973+0000] {manager.py:997} INFO - 
================================================================================
DAG File Processing Stats

File Path                                     PID    Runtime      # DAGs    # Errors  Last Runtime    Last Run               Last # of DB Queries
--------------------------------------------  -----  ---------  --------  ----------  --------------  -------------------  ----------------------
/opt/airflow/dags/ingestion_pipelines_dag.py                           1           0  2.57s           2026-09-10T05:36:46                      12
================================================================================
[2026-09-10T05:37:46.978+0000] {manager.py:997} INFO - 
================================================================================
DAG File Processing Stats

File Path                                       PID  Runtime      # DAGs    # Errors  Last Runtime    Last Run               Last # of DB Queries
--------------------------------------------  -----  ---------  --------  ----------  --------------  -------------------  ----------------------
/opt/airflow/dags/ingestion_pipelines_dag.py   1793  28.21s            1           0  2.57s           2026-09-10T05:36:46                      12
================================================================================
[2026-09-10T05:38:32.739+0000] {manager.py:997} INFO - 
================================================================================
DAG File Processing Stats

File Path                                       PID  Runtime      # DAGs    # Errors  Last Runtime    Last Run               Last # of DB Queries
--------------------------------------------  -----  ---------  --------  ----------  --------------  -------------------  ----------------------
/opt/airflow/dags/ingestion_pipelines_dag.py   1793  74.74s            1           0  2.57s           2026-09-10T05:36:46                      12
================================================================================
[2026-09-10T05:38:51.714+0000] {manager.py:1366} ERROR - Processor for /opt/airflow/dags/ingestion_pipelines_dag.py with PID 1793 started at 2026-09-10T05:37:17.342352+00:00 has timed out, killing it.
[2026-09-10T05:47:43.949+0000] {manager.py:483} INFO - Processing files using up to 2 processes at a time 
[2026-09-10T05:47:43.956+0000] {manager.py:484} INFO - Process each file at most once every 30 seconds
[2026-09-10T05:47:43.957+0000] {manager.py:485} INFO - Checking for new files in /opt/airflow/dags every 300 seconds
[2026-09-10T05:47:43.957+0000] {manager.py:821} INFO - Searching for files in /opt/airflow/dags
[2026-09-10T05:47:44.026+0000] {manager.py:824} INFO - There are 1 files in /opt/airflow/dags
[2026-09-10T05:47:44.372+0000] {manager.py:997} INFO - 
================================================================================
DAG File Processing Stats

File Path                                       PID  Runtime      # DAGs    # Errors  Last Runtime    Last Run      Last # of DB Queries
--------------------------------------------  -----  ---------  --------  ----------  --------------  ----------  ----------------------
/opt/airflow/dags/ingestion_pipelines_dag.py    252  0.06s             0           0                                                   0
================================================================================
[2026-09-10T05:48:14.858+0000] {manager.py:997} INFO - 
================================================================================
DAG File Processing Stats

File Path                                     PID    Runtime      # DAGs    # Errors  Last Runtime    Last Run               Last # of DB Queries
--------------------------------------------  -----  ---------  --------  ----------  --------------  -------------------  ----------------------
/opt/airflow/dags/ingestion_pipelines_dag.py                           1           0  1.27s           2026-09-10T05:47:45                      12
================================================================================
[2026-09-10T05:48:49.231+0000] {manager.py:997} INFO - 
================================================================================
DAG File Processing Stats

File Path                                     PID    Runtime      # DAGs    # Errors  Last Runtime    Last Run               Last # of DB Queries
--------------------------------------------  -----  ---------  --------  ----------  --------------  -------------------  ----------------------
/opt/airflow/dags/ingestion_pipelines_dag.py                           1           0  0.67s           2026-09-10T05:48:16                      12
================================================================================
[2026-09-10T05:49:24.883+0000] {manager.py:997} INFO - 
================================================================================
DAG File Processing Stats

File Path                                       PID  Runtime      # DAGs    # Errors  Last Runtime    Last Run               Last # of DB Queries
--------------------------------------------  -----  ---------  --------  ----------  --------------  -------------------  ----------------------
/opt/airflow/dags/ingestion_pipelines_dag.py    320  19.79s            1           0  0.67s           2026-09-10T05:48:16                      12
================================================================================
[2026-09-10T05:50:17.508+0000] {manager.py:1366} ERROR - Processor for /opt/airflow/dags/ingestion_pipelines_dag.py with PID 320 started at 2026-09-10T05:49:00.951429+00:00 has timed out, killing it.
[2026-09-10T05:50:29.764+0000] {manager.py:997} INFO - 
================================================================================
DAG File Processing Stats

File Path                                     PID    Runtime      # DAGs    # Errors  Last Runtime    Last Run               Last # of DB Queries
--------------------------------------------  -----  ---------  --------  ----------  --------------  -------------------  ----------------------
/opt/airflow/dags/ingestion_pipelines_dag.py                           0           1  74.56s          2026-09-10T05:50:15                       0
================================================================================
[2026-09-10T05:51:50.984+0000] {manager.py:997} INFO - 
================================================================================
DAG File Processing Stats

File Path                                       PID  Runtime      # DAGs    # Errors  Last Runtime    Last Run               Last # of DB Queries
--------------------------------------------  -----  ---------  --------  ----------  --------------  -------------------  ----------------------
/opt/airflow/dags/ingestion_pipelines_dag.py    323  46.30s            0           1  74.56s          2026-09-10T05:50:15                       0
================================================================================
[2026-09-10T05:51:51.112+0000] {manager.py:1366} ERROR - Processor for /opt/airflow/dags/ingestion_pipelines_dag.py with PID 323 started at 2026-09-10T05:50:45.842499+00:00 has timed out, killing it.
[2026-09-10T05:52:21.529+0000] {manager.py:997} INFO - 
================================================================================
DAG File Processing Stats

File Path                                       PID  Runtime      # DAGs    # Errors  Last Runtime    Last Run               Last # of DB Queries
--------------------------------------------  -----  ---------  --------  ----------  --------------  -------------------  ----------------------
/opt/airflow/dags/ingestion_pipelines_dag.py    348  0.01s             0           1  65.27s          2026-09-10T05:51:51                       0
================================================================================
[2026-09-10T05:52:43.969+0000] {manager.py:821} INFO - Searching for files in /opt/airflow/dags
[2026-09-10T05:52:44.057+0000] {manager.py:824} INFO - There are 1 files in /opt/airflow/dags
[2026-09-10T05:52:51.839+0000] {manager.py:997} INFO - 
================================================================================
DAG File Processing Stats

File Path                                     PID    Runtime      # DAGs    # Errors  Last Runtime    Last Run               Last # of DB Queries
--------------------------------------------  -----  ---------  --------  ----------  --------------  -------------------  ----------------------
/opt/airflow/dags/ingestion_pipelines_dag.py                           1           0  0.96s           2026-09-10T05:52:22                      34
================================================================================
[2026-09-10T05:53:43.341+0000] {manager.py:997} INFO - 
================================================================================
DAG File Processing Stats

File Path                                       PID  Runtime      # DAGs    # Errors  Last Runtime    Last Run               Last # of DB Queries
--------------------------------------------  -----  ---------  --------  ----------  --------------  -------------------  ----------------------
/opt/airflow/dags/ingestion_pipelines_dag.py    366  0.03s             1           0  0.46s           2026-09-10T05:52:53                      12
================================================================================
[2026-09-10T05:54:13.992+0000] {manager.py:997} INFO - 
================================================================================
DAG File Processing Stats

File Path                                     PID    Runtime      # DAGs    # Errors  Last Runtime    Last Run               Last # of DB Queries
--------------------------------------------  -----  ---------  --------  ----------  --------------  -------------------  ----------------------
/opt/airflow/dags/ingestion_pipelines_dag.py                           1           0  0.40s           2026-09-10T05:53:54                      25
================================================================================
[2026-09-10T05:54:44.183+0000] {manager.py:997} INFO - 
================================================================================
DAG File Processing Stats

File Path                                     PID    Runtime      # DAGs    # Errors  Last Runtime    Last Run               Last # of DB Queries
--------------------------------------------  -----  ---------  --------  ----------  --------------  -------------------  ----------------------
/opt/airflow/dags/ingestion_pipelines_dag.py                           1           0  0.37s           2026-09-10T05:54:24                      12
================================================================================
[2026-09-10T05:55:14.932+0000] {manager.py:997} INFO - 
================================================================================
DAG File Processing Stats

File Path                                     PID    Runtime      # DAGs    # Errors  Last Runtime    Last Run               Last # of DB Queries
--------------------------------------------  -----  ---------  --------  ----------  --------------  -------------------  ----------------------
/opt/airflow/dags/ingestion_pipelines_dag.py                           1           0  1.22s           2026-09-10T05:54:55                      12
================================================================================
[2026-09-10T05:55:45.515+0000] {manager.py:997} INFO - 
================================================================================
DAG File Processing Stats

File Path                                       PID  Runtime      # DAGs    # Errors  Last Runtime    Last Run               Last # of DB Queries
--------------------------------------------  -----  ---------  --------  ----------  --------------  -------------------  ----------------------
/opt/airflow/dags/ingestion_pipelines_dag.py    409  19.36s            1           0  1.22s           2026-09-10T05:54:55                      12
================================================================================
[2026-09-10T05:55:57.595+0000] {manager.py:1146} ERROR - Processor for /opt/airflow/dags/ingestion_pipelines_dag.py exited with return code 1.
[2026-09-10T06:56:46.123+0000] {manager.py:821} INFO - Searching for files in /opt/airflow/dags
[2026-09-10T06:56:48.021+0000] {manager.py:824} INFO - There are 1 files in /opt/airflow/dags
[2026-09-10T06:57:01.867+0000] {manager.py:997} INFO - 
================================================================================
DAG File Processing Stats

File Path                                     PID    Runtime      # DAGs    # Errors  Last Runtime    Last Run               Last # of DB Queries
--------------------------------------------  -----  ---------  --------  ----------  --------------  -------------------  ----------------------
/opt/airflow/dags/ingestion_pipelines_dag.py                           1           0  10.73s          2026-09-10T06:56:59                      34
================================================================================
[2026-09-10T06:57:32.025+0000] {manager.py:997} INFO - 
================================================================================
DAG File Processing Stats

File Path                                       PID  Runtime      # DAGs    # Errors  Last Runtime    Last Run               Last # of DB Queries
--------------------------------------------  -----  ---------  --------  ----------  --------------  -------------------  ----------------------
/opt/airflow/dags/ingestion_pipelines_dag.py    433  0.69s             1           0  10.73s          2026-09-10T06:56:59                      34
================================================================================
[2026-09-10T06:58:58.853+0000] {manager.py:1366} ERROR - Processor for /opt/airflow/dags/ingestion_pipelines_dag.py with PID 433 started at 2026-09-10T06:57:31.322377+00:00 has timed out, killing it.
[2026-09-10T06:59:01.128+0000] {manager.py:997} INFO - 
================================================================================
DAG File Processing Stats

File Path                                     PID    Runtime      # DAGs    # Errors  Last Runtime    Last Run               Last # of DB Queries
--------------------------------------------  -----  ---------  --------  ----------  --------------  -------------------  ----------------------
/opt/airflow/dags/ingestion_pipelines_dag.py                           0           1  80.36s          2026-09-10T06:58:51                       0
================================================================================
[2026-09-10T06:59:31.552+0000] {manager.py:997} INFO - 
================================================================================
DAG File Processing Stats

File Path                                     PID    Runtime      # DAGs    # Errors  Last Runtime    Last Run               Last # of DB Queries
--------------------------------------------  -----  ---------  --------  ----------  --------------  -------------------  ----------------------
/opt/airflow/dags/ingestion_pipelines_dag.py                           1           0  1.08s           2026-09-10T06:59:23                      34
================================================================================
[2026-09-10T07:01:10.631+0000] {manager.py:997} INFO - 
================================================================================
DAG File Processing Stats

File Path                                       PID  Runtime      # DAGs    # Errors  Last Runtime    Last Run               Last # of DB Queries
--------------------------------------------  -----  ---------  --------  ----------  --------------  -------------------  ----------------------
/opt/airflow/dags/ingestion_pipelines_dag.py    449  31.24s            1           0  1.08s           2026-09-10T06:59:23                      34
================================================================================
[2026-09-10T07:01:10.716+0000] {manager.py:1366} ERROR - Processor for /opt/airflow/dags/ingestion_pipelines_dag.py with PID 449 started at 2026-09-10T06:59:57.330428+00:00 has timed out, killing it.
[2026-09-10T07:01:41.046+0000] {manager.py:997} INFO - 
================================================================================
DAG File Processing Stats

File Path                                       PID  Runtime      # DAGs    # Errors  Last Runtime    Last Run               Last # of DB Queries
--------------------------------------------  -----  ---------  --------  ----------  --------------  -------------------  ----------------------
/opt/airflow/dags/ingestion_pipelines_dag.py    453  0.01s             0           1  73.39s          2026-09-10T07:01:10                       0
================================================================================
[2026-09-10T07:01:46.330+0000] {manager.py:821} INFO - Searching for files in /opt/airflow/dags
[2026-09-10T07:01:46.383+0000] {manager.py:824} INFO - There are 1 files in /opt/airflow/dags
[2026-09-10T07:02:34.877+0000] {manager.py:997} INFO - 
================================================================================
DAG File Processing Stats

File Path                                       PID  Runtime      # DAGs    # Errors  Last Runtime    Last Run               Last # of DB Queries
--------------------------------------------  -----  ---------  --------  ----------  --------------  -------------------  ----------------------
/opt/airflow/dags/ingestion_pipelines_dag.py    465  0.95s             1           0  0.66s           2026-09-10T07:01:41                      12
================================================================================
[2026-09-10T07:04:00.832+0000] {manager.py:1366} ERROR - Processor for /opt/airflow/dags/ingestion_pipelines_dag.py with PID 465 started at 2026-09-10T07:02:22.696144+00:00 has timed out, killing it.
[2026-09-10T07:04:00.952+0000] {manager.py:997} INFO - 
================================================================================
DAG File Processing Stats

File Path                                     PID    Runtime      # DAGs    # Errors  Last Runtime    Last Run               Last # of DB Queries
--------------------------------------------  -----  ---------  --------  ----------  --------------  -------------------  ----------------------
/opt/airflow/dags/ingestion_pipelines_dag.py                           0           1  98.14s          2026-09-10T07:04:00                       0
================================================================================
[2026-09-10T07:04:31.182+0000] {manager.py:997} INFO - 
================================================================================
DAG File Processing Stats

File Path                                       PID  Runtime      # DAGs    # Errors  Last Runtime    Last Run               Last # of DB Queries
--------------------------------------------  -----  ---------  --------  ----------  --------------  -------------------  ----------------------
/opt/airflow/dags/ingestion_pipelines_dag.py    478  0.03s             0           1  98.14s          2026-09-10T07:04:00                       0
================================================================================
[2026-09-10T07:05:03.222+0000] {manager.py:997} INFO - 
================================================================================
DAG File Processing Stats

File Path                                       PID  Runtime      # DAGs    # Errors  Last Runtime    Last Run               Last # of DB Queries
--------------------------------------------  -----  ---------  --------  ----------  --------------  -------------------  ----------------------
/opt/airflow/dags/ingestion_pipelines_dag.py    478  30.17s            0           1  98.14s          2026-09-10T07:04:00                       0
================================================================================
[2026-09-10T07:05:32.571+0000] {manager.py:1366} ERROR - Processor for /opt/airflow/dags/ingestion_pipelines_dag.py with PID 478 started at 2026-09-10T07:04:31.146498+00:00 has timed out, killing it.
[2026-09-10T07:05:38.014+0000] {manager.py:997} INFO - 
================================================================================
DAG File Processing Stats

File Path                                     PID    Runtime      # DAGs    # Errors  Last Runtime    Last Run               Last # of DB Queries
--------------------------------------------  -----  ---------  --------  ----------  --------------  -------------------  ----------------------
/opt/airflow/dags/ingestion_pipelines_dag.py                           0           1  60.59s          2026-09-10T07:05:31                       0
================================================================================
[2026-09-10T07:06:32.891+0000] {manager.py:997} INFO - 
================================================================================
DAG File Processing Stats

File Path                                       PID  Runtime      # DAGs    # Errors  Last Runtime    Last Run               Last # of DB Queries
--------------------------------------------  -----  ---------  --------  ----------  --------------  -------------------  ----------------------
/opt/airflow/dags/ingestion_pipelines_dag.py    481  25.46s            0           1  60.59s          2026-09-10T07:05:31                       0
================================================================================
[2026-09-10T07:08:26.029+0000] {manager.py:821} INFO - Searching for files in /opt/airflow/dags
[2026-09-10T07:08:26.144+0000] {manager.py:824} INFO - There are 1 files in /opt/airflow/dags
[2026-09-10T07:08:26.261+0000] {manager.py:1366} ERROR - Processor for /opt/airflow/dags/ingestion_pipelines_dag.py with PID 481 started at 2026-09-10T07:06:02.844863+00:00 has timed out, killing it.
[2026-09-10T07:08:26.290+0000] {manager.py:997} INFO - 
================================================================================
DAG File Processing Stats

File Path                                     PID    Runtime      # DAGs    # Errors  Last Runtime    Last Run               Last # of DB Queries
--------------------------------------------  -----  ---------  --------  ----------  --------------  -------------------  ----------------------
/opt/airflow/dags/ingestion_pipelines_dag.py                           0           1  143.42s         2026-09-10T07:08:26                       0
================================================================================
[2026-09-10T07:08:56.576+0000] {manager.py:997} INFO - 
================================================================================
DAG File Processing Stats

File Path                                       PID  Runtime      # DAGs    # Errors  Last Runtime    Last Run               Last # of DB Queries
--------------------------------------------  -----  ---------  --------  ----------  --------------  -------------------  ----------------------
/opt/airflow/dags/ingestion_pipelines_dag.py    493  0.01s             0           1  143.42s         2026-09-10T07:08:26                       0
================================================================================
[2026-09-10T07:10:48.700+0000] {manager.py:997} INFO - 
================================================================================
DAG File Processing Stats

File Path                                       PID  Runtime      # DAGs    # Errors  Last Runtime    Last Run               Last # of DB Queries
--------------------------------------------  -----  ---------  --------  ----------  --------------  -------------------  ----------------------
/opt/airflow/dags/ingestion_pipelines_dag.py    501  0.05s             1           0  1.45s           2026-09-10T07:08:58                      34
================================================================================
[2026-09-10T07:11:19.176+0000] {manager.py:997} INFO - 
================================================================================
DAG File Processing Stats

File Path                                     PID    Runtime      # DAGs    # Errors  Last Runtime    Last Run               Last # of DB Queries
--------------------------------------------  -----  ---------  --------  ----------  --------------  -------------------  ----------------------
/opt/airflow/dags/ingestion_pipelines_dag.py                           1           0  1.44s           2026-09-10T07:10:50                      12
================================================================================
[2026-09-10T07:11:53.800+0000] {manager.py:997} INFO - 
================================================================================
DAG File Processing Stats

File Path                                       PID  Runtime      # DAGs    # Errors  Last Runtime    Last Run               Last # of DB Queries
--------------------------------------------  -----  ---------  --------  ----------  --------------  -------------------  ----------------------
/opt/airflow/dags/ingestion_pipelines_dag.py    526  32.45s            1           0  1.44s           2026-09-10T07:10:50                      12
================================================================================
[2026-09-10T07:11:57.371+0000] {manager.py:1146} ERROR - Processor for /opt/airflow/dags/ingestion_pipelines_dag.py exited with return code 1.
[2026-09-10T07:12:31.987+0000] {manager.py:997} INFO - 
================================================================================
DAG File Processing Stats

File Path                                     PID    Runtime      # DAGs    # Errors  Last Runtime    Last Run               Last # of DB Queries
--------------------------------------------  -----  ---------  --------  ----------  --------------  -------------------  ----------------------
/opt/airflow/dags/ingestion_pipelines_dag.py                           0          -1  36.41s          2026-09-10T07:11:57                       0
================================================================================
[2026-09-10T07:13:02.732+0000] {manager.py:997} INFO - 
================================================================================
DAG File Processing Stats

File Path                                     PID    Runtime      # DAGs    # Errors  Last Runtime    Last Run               Last # of DB Queries
--------------------------------------------  -----  ---------  --------  ----------  --------------  -------------------  ----------------------
/opt/airflow/dags/ingestion_pipelines_dag.py                           1           0  1.36s           2026-09-10T07:12:33                      12
================================================================================
[2026-09-10T07:13:33.738+0000] {manager.py:997} INFO - 
================================================================================
DAG File Processing Stats

File Path                                       PID  Runtime      # DAGs    # Errors  Last Runtime    Last Run               Last # of DB Queries
--------------------------------------------  -----  ---------  --------  ----------  --------------  -------------------  ----------------------
/opt/airflow/dags/ingestion_pipelines_dag.py    544  29.94s            1           0  1.36s           2026-09-10T07:12:33                      12
================================================================================
[2026-09-10T07:13:33.758+0000] {manager.py:821} INFO - Searching for files in /opt/airflow/dags
[2026-09-10T07:13:33.841+0000] {manager.py:824} INFO - There are 1 files in /opt/airflow/dags
[2026-09-10T07:14:03.985+0000] {manager.py:997} INFO - 
================================================================================
DAG File Processing Stats

File Path                                     PID    Runtime      # DAGs    # Errors  Last Runtime    Last Run               Last # of DB Queries
--------------------------------------------  -----  ---------  --------  ----------  --------------  -------------------  ----------------------
/opt/airflow/dags/ingestion_pipelines_dag.py                           1           0  31.64s          2026-09-10T07:13:35                      14
================================================================================
[2026-09-10T07:14:35.918+0000] {manager.py:997} INFO - 
================================================================================
DAG File Processing Stats

File Path                                       PID  Runtime      # DAGs    # Errors  Last Runtime    Last Run               Last # of DB Queries
--------------------------------------------  -----  ---------  --------  ----------  --------------  -------------------  ----------------------
/opt/airflow/dags/ingestion_pipelines_dag.py    557  29.94s            1           0  31.64s          2026-09-10T07:13:35                      14
================================================================================
[2026-09-10T07:14:43.525+0000] {manager.py:1146} ERROR - Processor for /opt/airflow/dags/ingestion_pipelines_dag.py exited with return code 1.
[2026-09-10T07:15:06.778+0000] {manager.py:997} INFO - 
================================================================================
DAG File Processing Stats

File Path                                     PID    Runtime      # DAGs    # Errors  Last Runtime    Last Run               Last # of DB Queries
--------------------------------------------  -----  ---------  --------  ----------  --------------  -------------------  ----------------------
/opt/airflow/dags/ingestion_pipelines_dag.py                           0          -1  37.65s          2026-09-10T07:14:43                       0
================================================================================
[2026-09-10T07:18:02.968+0000] {manager.py:997} INFO - 
================================================================================
DAG File Processing Stats

File Path                                       PID  Runtime      # DAGs    # Errors  Last Runtime    Last Run               Last # of DB Queries
--------------------------------------------  -----  ---------  --------  ----------  --------------  -------------------  ----------------------
/opt/airflow/dags/ingestion_pipelines_dag.py    562  41.65s            0          -1  37.65s          2026-09-10T07:14:43                       0
================================================================================
[2026-09-10T07:18:03.078+0000] {manager.py:1366} ERROR - Processor for /opt/airflow/dags/ingestion_pipelines_dag.py with PID 562 started at 2026-09-10T07:15:15.964198+00:00 has timed out, killing it.
[2026-09-10T07:18:33.724+0000] {manager.py:997} INFO - 
================================================================================
DAG File Processing Stats

File Path                                       PID  Runtime      # DAGs    # Errors  Last Runtime    Last Run               Last # of DB Queries
--------------------------------------------  -----  ---------  --------  ----------  --------------  -------------------  ----------------------
/opt/airflow/dags/ingestion_pipelines_dag.py    574  0.02s             0           1  167.11s         2026-09-10T07:18:03                       0
================================================================================
[2026-09-10T07:18:33.801+0000] {manager.py:821} INFO - Searching for files in /opt/airflow/dags
[2026-09-10T07:18:33.896+0000] {manager.py:824} INFO - There are 1 files in /opt/airflow/dags
[2026-09-10T07:19:04.602+0000] {manager.py:997} INFO - 
================================================================================
DAG File Processing Stats

File Path                                     PID    Runtime      # DAGs    # Errors  Last Runtime    Last Run               Last # of DB Queries
--------------------------------------------  -----  ---------  --------  ----------  --------------  -------------------  ----------------------
/opt/airflow/dags/ingestion_pipelines_dag.py                           1           0  4.23s           2026-09-10T07:18:37                      34
================================================================================
[2026-09-10T07:19:35.140+0000] {manager.py:997} INFO - 
================================================================================
DAG File Processing Stats

File Path                                       PID  Runtime      # DAGs    # Errors  Last Runtime    Last Run               Last # of DB Queries
--------------------------------------------  -----  ---------  --------  ----------  --------------  -------------------  ----------------------
/opt/airflow/dags/ingestion_pipelines_dag.py    588  26.76s            1           0  4.23s           2026-09-10T07:18:37                      34
================================================================================
[2026-09-10T07:19:56.822+0000] {manager.py:1146} ERROR - Processor for /opt/airflow/dags/ingestion_pipelines_dag.py exited with return code 1.
[2026-09-10T07:20:05.847+0000] {manager.py:997} INFO - 
================================================================================
DAG File Processing Stats

File Path                                     PID    Runtime      # DAGs    # Errors  Last Runtime    Last Run               Last # of DB Queries
--------------------------------------------  -----  ---------  --------  ----------  --------------  -------------------  ----------------------
/opt/airflow/dags/ingestion_pipelines_dag.py                           0          -1  48.70s          2026-09-10T07:19:56                       0
================================================================================
[2026-09-10T07:20:37.223+0000] {manager.py:997} INFO - 
================================================================================
DAG File Processing Stats

File Path                                       PID  Runtime      # DAGs    # Errors  Last Runtime    Last Run               Last # of DB Queries
--------------------------------------------  -----  ---------  --------  ----------  --------------  -------------------  ----------------------
/opt/airflow/dags/ingestion_pipelines_dag.py    601  10.03s            0          -1  48.70s          2026-09-10T07:19:56                       0
================================================================================
[2026-09-10T07:21:02.677+0000] {manager.py:1146} ERROR - Processor for /opt/airflow/dags/ingestion_pipelines_dag.py exited with return code 1.
[2026-09-10T07:21:07.735+0000] {manager.py:997} INFO - 
================================================================================
DAG File Processing Stats

File Path                                     PID    Runtime      # DAGs    # Errors  Last Runtime    Last Run               Last # of DB Queries
--------------------------------------------  -----  ---------  --------  ----------  --------------  -------------------  ----------------------
/opt/airflow/dags/ingestion_pipelines_dag.py                           0          -1  35.60s          2026-09-10T07:21:02                       0
================================================================================
[2026-09-10T07:21:43.641+0000] {manager.py:997} INFO - 
================================================================================
DAG File Processing Stats

File Path                                       PID  Runtime      # DAGs    # Errors  Last Runtime    Last Run               Last # of DB Queries
--------------------------------------------  -----  ---------  --------  ----------  --------------  -------------------  ----------------------
/opt/airflow/dags/ingestion_pipelines_dag.py    606  7.77s             0          -1  35.60s          2026-09-10T07:21:02                       0
================================================================================
[2026-09-10T07:22:32.091+0000] {manager.py:1366} ERROR - Processor for /opt/airflow/dags/ingestion_pipelines_dag.py with PID 606 started at 2026-09-10T07:21:34.384575+00:00 has timed out, killing it.
[2026-09-10T07:22:43.809+0000] {manager.py:997} INFO - 
================================================================================
DAG File Processing Stats

File Path                                     PID    Runtime      # DAGs    # Errors  Last Runtime    Last Run               Last # of DB Queries
--------------------------------------------  -----  ---------  --------  ----------  --------------  -------------------  ----------------------
/opt/airflow/dags/ingestion_pipelines_dag.py                           0           1  56.02s          2026-09-10T07:22:30                       0
================================================================================
[2026-09-10T07:23:32.388+0000] {manager.py:997} INFO - 
================================================================================
DAG File Processing Stats

File Path                                       PID  Runtime      # DAGs    # Errors  Last Runtime    Last Run               Last # of DB Queries
--------------------------------------------  -----  ---------  --------  ----------  --------------  -------------------  ----------------------
/opt/airflow/dags/ingestion_pipelines_dag.py    609  24.37s            0           1  56.02s          2026-09-10T07:22:30                       0
================================================================================
[2026-09-10T07:24:02.936+0000] {manager.py:821} INFO - Searching for files in /opt/airflow/dags
[2026-09-10T07:24:17.519+0000] {manager.py:824} INFO - There are 1 files in /opt/airflow/dags
[2026-09-10T07:33:06.002+0000] {manager.py:483} INFO - Processing files using up to 2 processes at a time 
[2026-09-10T07:33:06.003+0000] {manager.py:484} INFO - Process each file at most once every 30 seconds
[2026-09-10T07:33:06.004+0000] {manager.py:485} INFO - Checking for new files in /opt/airflow/dags every 300 seconds
[2026-09-10T07:33:06.005+0000] {manager.py:821} INFO - Searching for files in /opt/airflow/dags
[2026-09-10T07:33:06.039+0000] {manager.py:824} INFO - There are 1 files in /opt/airflow/dags
[2026-09-10T07:33:06.277+0000] {manager.py:997} INFO - 
================================================================================
DAG File Processing Stats

File Path                                       PID  Runtime      # DAGs    # Errors  Last Runtime    Last Run      Last # of DB Queries
--------------------------------------------  -----  ---------  --------  ----------  --------------  ----------  ----------------------
/opt/airflow/dags/ingestion_pipelines_dag.py    186  0.04s             0           0                                                   0
================================================================================
[2026-09-10T07:33:36.568+0000] {manager.py:997} INFO - 
================================================================================
DAG File Processing Stats

File Path                                     PID    Runtime      # DAGs    # Errors  Last Runtime    Last Run               Last # of DB Queries
--------------------------------------------  -----  ---------  --------  ----------  --------------  -------------------  ----------------------
/opt/airflow/dags/ingestion_pipelines_dag.py                           1           0  0.98s           2026-09-10T07:33:07                      34
================================================================================
[2026-09-10T07:35:32.751+0000] {manager.py:997} INFO - 
================================================================================
DAG File Processing Stats

File Path                                       PID  Runtime      # DAGs    # Errors  Last Runtime    Last Run               Last # of DB Queries
--------------------------------------------  -----  ---------  --------  ----------  --------------  -------------------  ----------------------
/opt/airflow/dags/ingestion_pipelines_dag.py    211  0.03s             1           0  0.63s           2026-09-10T07:33:38                      12
================================================================================
[2026-09-10T07:36:03.592+0000] {manager.py:997} INFO - 
================================================================================
DAG File Processing Stats

File Path                                     PID    Runtime      # DAGs    # Errors  Last Runtime    Last Run               Last # of DB Queries
--------------------------------------------  -----  ---------  --------  ----------  --------------  -------------------  ----------------------
/opt/airflow/dags/ingestion_pipelines_dag.py                           1           0  0.81s           2026-09-10T07:35:33                      12
================================================================================
[2026-09-10T07:36:42.084+0000] {manager.py:997} INFO - 
================================================================================
DAG File Processing Stats

File Path                                       PID  Runtime      # DAGs    # Errors  Last Runtime    Last Run               Last # of DB Queries
--------------------------------------------  -----  ---------  --------  ----------  --------------  -------------------  ----------------------
/opt/airflow/dags/ingestion_pipelines_dag.py    224  35.20s            1           0  0.81s           2026-09-10T07:35:33                      12
================================================================================
[2026-09-10T07:37:17.486+0000] {manager.py:1366} ERROR - Processor for /opt/airflow/dags/ingestion_pipelines_dag.py with PID 224 started at 2026-09-10T07:36:04.134780+00:00 has timed out, killing it.
[2026-09-10T07:37:39.600+0000] {manager.py:997} INFO - 
================================================================================
DAG File Processing Stats

File Path                                     PID    Runtime      # DAGs    # Errors  Last Runtime    Last Run               Last # of DB Queries
--------------------------------------------  -----  ---------  --------  ----------  --------------  -------------------  ----------------------
/opt/airflow/dags/ingestion_pipelines_dag.py                           0           1  71.52s          2026-09-10T07:37:15                       0
================================================================================
[2026-09-10T07:38:26.658+0000] {manager.py:821} INFO - Searching for files in /opt/airflow/dags
[2026-09-10T07:38:42.990+0000] {manager.py:824} INFO - There are 1 files in /opt/airflow/dags
[2026-09-10T07:41:03.351+0000] {manager.py:1366} ERROR - Processor for /opt/airflow/dags/ingestion_pipelines_dag.py with PID 227 started at 2026-09-10T07:37:47.318014+00:00 has timed out, killing it.
[2026-09-10T07:41:53.118+0000] {manager.py:997} INFO - 
================================================================================
DAG File Processing Stats

File Path                                       PID  Runtime      # DAGs    # Errors  Last Runtime    Last Run               Last # of DB Queries
--------------------------------------------  -----  ---------  --------  ----------  --------------  -------------------  ----------------------
/opt/airflow/dags/ingestion_pipelines_dag.py    232  0.13s             0           1  194.23s         2026-09-10T07:41:01                       0
================================================================================
[2026-09-10T07:42:29.767+0000] {manager.py:997} INFO - 
================================================================================
DAG File Processing Stats

File Path                                       PID  Runtime      # DAGs    # Errors  Last Runtime    Last Run               Last # of DB Queries
--------------------------------------------  -----  ---------  --------  ----------  --------------  -------------------  ----------------------
/opt/airflow/dags/ingestion_pipelines_dag.py    232  32.85s            0           1  194.23s         2026-09-10T07:41:01                       0
================================================================================
[2026-09-10T07:42:54.410+0000] {manager.py:1366} ERROR - Processor for /opt/airflow/dags/ingestion_pipelines_dag.py with PID 232 started at 2026-09-10T07:41:52.524202+00:00 has timed out, killing it.
[2026-09-10T07:43:03.726+0000] {manager.py:997} INFO - 
================================================================================
DAG File Processing Stats

File Path                                     PID    Runtime      # DAGs    # Errors  Last Runtime    Last Run               Last # of DB Queries
--------------------------------------------  -----  ---------  --------  ----------  --------------  -------------------  ----------------------
/opt/airflow/dags/ingestion_pipelines_dag.py                           0           1  60.63s          2026-09-10T07:42:53                       0
================================================================================
[2026-09-10T07:43:31.467+0000] {manager.py:821} INFO - Searching for files in /opt/airflow/dags
[2026-09-10T07:43:36.127+0000] {manager.py:824} INFO - There are 1 files in /opt/airflow/dags
[2026-09-10T07:45:23.856+0000] {manager.py:1366} ERROR - Processor for /opt/airflow/dags/ingestion_pipelines_dag.py with PID 235 started at 2026-09-10T07:43:26.084028+00:00 has timed out, killing it.
[2026-09-10T07:45:23.914+0000] {manager.py:997} INFO - 
================================================================================
DAG File Processing Stats

File Path                                     PID    Runtime      # DAGs    # Errors  Last Runtime    Last Run               Last # of DB Queries
--------------------------------------------  -----  ---------  --------  ----------  --------------  -------------------  ----------------------
/opt/airflow/dags/ingestion_pipelines_dag.py                           0           1  117.77s         2026-09-10T07:45:23                       0
================================================================================
[2026-09-10T07:45:54.317+0000] {manager.py:997} INFO - 
================================================================================
DAG File Processing Stats

File Path                                       PID  Runtime      # DAGs    # Errors  Last Runtime    Last Run               Last # of DB Queries
--------------------------------------------  -----  ---------  --------  ----------  --------------  -------------------  ----------------------
/opt/airflow/dags/ingestion_pipelines_dag.py    246  0.01s             0           1  117.77s         2026-09-10T07:45:23                       0
================================================================================
[2026-09-10T07:46:25.235+0000] {manager.py:997} INFO - 
================================================================================
DAG File Processing Stats

File Path                                     PID    Runtime      # DAGs    # Errors  Last Runtime    Last Run               Last # of DB Queries
--------------------------------------------  -----  ---------  --------  ----------  --------------  -------------------  ----------------------
/opt/airflow/dags/ingestion_pipelines_dag.py                           1           0  0.74s           2026-09-10T07:45:55                      34
================================================================================
[2026-09-10T07:46:55.231+0000] {manager.py:997} INFO - 
================================================================================
DAG File Processing Stats

File Path                                     PID    Runtime      # DAGs    # Errors  Last Runtime    Last Run               Last # of DB Queries
--------------------------------------------  -----  ---------  --------  ----------  --------------  -------------------  ----------------------
/opt/airflow/dags/ingestion_pipelines_dag.py                           1           0  7.26s           2026-09-10T07:46:32                      12
================================================================================
[2026-09-10T07:47:27.617+0000] {manager.py:997} INFO - 
================================================================================
DAG File Processing Stats

File Path                                       PID  Runtime      # DAGs    # Errors  Last Runtime    Last Run               Last # of DB Queries
--------------------------------------------  -----  ---------  --------  ----------  --------------  -------------------  ----------------------
/opt/airflow/dags/ingestion_pipelines_dag.py    270  24.31s            1           0  7.26s           2026-09-10T07:46:32                      12
================================================================================
[2026-09-10T07:47:42.389+0000] {manager.py:1146} ERROR - Processor for /opt/airflow/dags/ingestion_pipelines_dag.py exited with return code 1.
[2026-09-10T07:47:58.680+0000] {manager.py:997} INFO - 
================================================================================
DAG File Processing Stats

File Path                                     PID    Runtime      # DAGs    # Errors  Last Runtime    Last Run               Last # of DB Queries
--------------------------------------------  -----  ---------  --------  ----------  --------------  -------------------  ----------------------
/opt/airflow/dags/ingestion_pipelines_dag.py                           0          -1  39.48s          2026-09-10T07:47:42                       0
================================================================================
[2026-09-10T07:48:38.718+0000] {manager.py:821} INFO - Searching for files in /opt/airflow/dags
[2026-09-10T07:49:57.860+0000] {manager.py:824} INFO - There are 1 files in /opt/airflow/dags
[2026-09-10T07:49:57.977+0000] {manager.py:1366} ERROR - Processor for /opt/airflow/dags/ingestion_pipelines_dag.py with PID 275 started at 2026-09-10T07:48:17.261979+00:00 has timed out, killing it.
[2026-09-10T07:49:58.037+0000] {manager.py:997} INFO - 
================================================================================
DAG File Processing Stats

File Path                                     PID    Runtime      # DAGs    # Errors  Last Runtime    Last Run               Last # of DB Queries
--------------------------------------------  -----  ---------  --------  ----------  --------------  -------------------  ----------------------
/opt/airflow/dags/ingestion_pipelines_dag.py                           0           1  100.72s         2026-09-10T07:49:57                       0
================================================================================
[2026-09-10T07:50:28.686+0000] {manager.py:997} INFO - 
================================================================================
DAG File Processing Stats

File Path                                       PID  Runtime      # DAGs    # Errors  Last Runtime    Last Run               Last # of DB Queries
--------------------------------------------  -----  ---------  --------  ----------  --------------  -------------------  ----------------------
/opt/airflow/dags/ingestion_pipelines_dag.py    285  0.15s             0           1  100.72s         2026-09-10T07:49:57                       0
================================================================================
[2026-09-10T07:51:01.021+0000] {manager.py:997} INFO - 
================================================================================
DAG File Processing Stats

File Path                                     PID    Runtime      # DAGs    # Errors  Last Runtime    Last Run               Last # of DB Queries
--------------------------------------------  -----  ---------  --------  ----------  --------------  -------------------  ----------------------
/opt/airflow/dags/ingestion_pipelines_dag.py                           1           0  5.55s           2026-09-10T07:50:34                      34
================================================================================
[2026-09-10T07:51:39.992+0000] {manager.py:997} INFO - 
================================================================================
DAG File Processing Stats

File Path                                       PID  Runtime      # DAGs    # Errors  Last Runtime    Last Run               Last # of DB Queries
--------------------------------------------  -----  ---------  --------  ----------  --------------  -------------------  ----------------------
/opt/airflow/dags/ingestion_pipelines_dag.py    290  32.57s            1           0  5.55s           2026-09-10T07:50:34                      34
================================================================================
[2026-09-10T07:51:56.662+0000] {manager.py:1366} ERROR - Processor for /opt/airflow/dags/ingestion_pipelines_dag.py with PID 290 started at 2026-09-10T07:51:05.291967+00:00 has timed out, killing it.
[2026-09-10T07:52:11.875+0000] {manager.py:997} INFO - 
================================================================================
DAG File Processing Stats

File Path                                     PID    Runtime      # DAGs    # Errors  Last Runtime    Last Run               Last # of DB Queries
--------------------------------------------  -----  ---------  --------  ----------  --------------  -------------------  ----------------------
/opt/airflow/dags/ingestion_pipelines_dag.py                           0           1  51.31s          2026-09-10T07:51:56                       0
================================================================================
[2026-09-10T07:55:00.102+0000] {manager.py:997} INFO - 
================================================================================
DAG File Processing Stats

File Path                                       PID  Runtime      # DAGs    # Errors  Last Runtime    Last Run               Last # of DB Queries
--------------------------------------------  -----  ---------  --------  ----------  --------------  -------------------  ----------------------
/opt/airflow/dags/ingestion_pipelines_dag.py    293  81.79s            0           1  51.31s          2026-09-10T07:51:56                       0
================================================================================
[2026-09-10T07:58:37.299+0000] {manager.py:821} INFO - Searching for files in /opt/airflow/dags
[2026-09-10T07:58:37.393+0000] {manager.py:824} INFO - There are 1 files in /opt/airflow/dags
[2026-09-10T07:58:37.455+0000] {manager.py:1366} ERROR - Processor for /opt/airflow/dags/ingestion_pipelines_dag.py with PID 293 started at 2026-09-10T07:52:27.957359+00:00 has timed out, killing it.
[2026-09-10T07:58:37.527+0000] {manager.py:997} INFO - 
================================================================================
DAG File Processing Stats

File Path                                     PID    Runtime      # DAGs    # Errors  Last Runtime    Last Run               Last # of DB Queries
--------------------------------------------  -----  ---------  --------  ----------  --------------  -------------------  ----------------------
/opt/airflow/dags/ingestion_pipelines_dag.py                           0           1  369.50s         2026-09-10T07:58:37                       0
================================================================================
[2026-09-10T07:59:07.993+0000] {manager.py:997} INFO - 
================================================================================
DAG File Processing Stats

File Path                                       PID  Runtime      # DAGs    # Errors  Last Runtime    Last Run               Last # of DB Queries
--------------------------------------------  -----  ---------  --------  ----------  --------------  -------------------  ----------------------
/opt/airflow/dags/ingestion_pipelines_dag.py    305  0.01s             0           1  369.50s         2026-09-10T07:58:37                       0
================================================================================
[2026-09-10T08:01:17.065+0000] {manager.py:997} INFO - 
================================================================================
DAG File Processing Stats

File Path                                       PID  Runtime      # DAGs    # Errors  Last Runtime    Last Run               Last # of DB Queries
--------------------------------------------  -----  ---------  --------  ----------  --------------  -------------------  ----------------------
/opt/airflow/dags/ingestion_pipelines_dag.py    310  1.39s             1           0  1.29s           2026-09-10T07:59:09                      34
================================================================================
[2026-09-10T08:01:53.625+0000] {manager.py:997} INFO - 
================================================================================
DAG File Processing Stats

File Path                                       PID  Runtime      # DAGs    # Errors  Last Runtime    Last Run               Last # of DB Queries
--------------------------------------------  -----  ---------  --------  ----------  --------------  -------------------  ----------------------
/opt/airflow/dags/ingestion_pipelines_dag.py    310  46.81s            1           0  1.29s           2026-09-10T07:59:09                      34
================================================================================
[2026-09-10T08:02:23.959+0000] {manager.py:997} INFO - 
================================================================================
DAG File Processing Stats

File Path                                     PID    Runtime      # DAGs    # Errors  Last Runtime    Last Run               Last # of DB Queries
--------------------------------------------  -----  ---------  --------  ----------  --------------  -------------------  ----------------------
/opt/airflow/dags/ingestion_pipelines_dag.py                           1           0  48.38s          2026-09-10T08:01:55                      12
================================================================================
[2026-09-10T08:02:54.305+0000] {manager.py:997} INFO - 
================================================================================
DAG File Processing Stats

File Path                                     PID    Runtime      # DAGs    # Errors  Last Runtime    Last Run               Last # of DB Queries
--------------------------------------------  -----  ---------  --------  ----------  --------------  -------------------  ----------------------
/opt/airflow/dags/ingestion_pipelines_dag.py                           1           0  0.42s           2026-09-10T08:02:25                      12
================================================================================
[2026-09-10T08:03:24.680+0000] {manager.py:997} INFO - 
================================================================================
DAG File Processing Stats

File Path                                     PID    Runtime      # DAGs    # Errors  Last Runtime    Last Run               Last # of DB Queries
--------------------------------------------  -----  ---------  --------  ----------  --------------  -------------------  ----------------------
/opt/airflow/dags/ingestion_pipelines_dag.py                           1           0  0.40s           2026-09-10T08:02:56                      12
================================================================================
[2026-09-10T08:03:37.543+0000] {manager.py:821} INFO - Searching for files in /opt/airflow/dags
[2026-09-10T08:03:37.610+0000] {manager.py:824} INFO - There are 1 files in /opt/airflow/dags
[2026-09-10T08:03:54.810+0000] {manager.py:997} INFO - 
================================================================================
DAG File Processing Stats

File Path                                     PID    Runtime      # DAGs    # Errors  Last Runtime    Last Run               Last # of DB Queries
--------------------------------------------  -----  ---------  --------  ----------  --------------  -------------------  ----------------------
/opt/airflow/dags/ingestion_pipelines_dag.py                           1           0  0.35s           2026-09-10T08:03:27                      12
================================================================================
[2026-09-10T08:04:25.183+0000] {manager.py:997} INFO - 
================================================================================
DAG File Processing Stats

File Path                                     PID    Runtime      # DAGs    # Errors  Last Runtime    Last Run               Last # of DB Queries
--------------------------------------------  -----  ---------  --------  ----------  --------------  -------------------  ----------------------
/opt/airflow/dags/ingestion_pipelines_dag.py                           1           0  0.31s           2026-09-10T08:03:58                      12
================================================================================
[2026-09-10T08:04:55.752+0000] {manager.py:997} INFO - 
================================================================================
DAG File Processing Stats

File Path                                     PID    Runtime      # DAGs    # Errors  Last Runtime    Last Run               Last # of DB Queries
--------------------------------------------  -----  ---------  --------  ----------  --------------  -------------------  ----------------------
/opt/airflow/dags/ingestion_pipelines_dag.py                           1           0  0.32s           2026-09-10T08:04:28                      12
================================================================================
[2026-09-10T08:05:26.216+0000] {manager.py:997} INFO - 
================================================================================
DAG File Processing Stats

File Path                                     PID    Runtime      # DAGs    # Errors  Last Runtime    Last Run               Last # of DB Queries
--------------------------------------------  -----  ---------  --------  ----------  --------------  -------------------  ----------------------
/opt/airflow/dags/ingestion_pipelines_dag.py                           1           0  0.53s           2026-09-10T08:04:59                      12
================================================================================
[2026-09-10T08:05:56.286+0000] {manager.py:997} INFO - 
================================================================================
DAG File Processing Stats

File Path                                     PID    Runtime      # DAGs    # Errors  Last Runtime    Last Run               Last # of DB Queries
--------------------------------------------  -----  ---------  --------  ----------  --------------  -------------------  ----------------------
/opt/airflow/dags/ingestion_pipelines_dag.py                           1           0  0.23s           2026-09-10T08:05:29                      12
================================================================================
[2026-09-10T08:06:26.677+0000] {manager.py:997} INFO - 
================================================================================
DAG File Processing Stats

File Path                                     PID    Runtime      # DAGs    # Errors  Last Runtime    Last Run               Last # of DB Queries
--------------------------------------------  -----  ---------  --------  ----------  --------------  -------------------  ----------------------
/opt/airflow/dags/ingestion_pipelines_dag.py                           1           0  0.34s           2026-09-10T08:06:00                      12
================================================================================
[2026-09-10T08:06:57.131+0000] {manager.py:997} INFO - 
================================================================================
DAG File Processing Stats

File Path                                     PID    Runtime      # DAGs    # Errors  Last Runtime    Last Run               Last # of DB Queries
--------------------------------------------  -----  ---------  --------  ----------  --------------  -------------------  ----------------------
/opt/airflow/dags/ingestion_pipelines_dag.py                           1           0  0.35s           2026-09-10T08:06:31                      12
================================================================================
[2026-09-10T08:07:27.142+0000] {manager.py:997} INFO - 
================================================================================
DAG File Processing Stats

File Path                                     PID    Runtime      # DAGs    # Errors  Last Runtime    Last Run               Last # of DB Queries
--------------------------------------------  -----  ---------  --------  ----------  --------------  -------------------  ----------------------
/opt/airflow/dags/ingestion_pipelines_dag.py                           1           0  0.21s           2026-09-10T08:07:01                      12
================================================================================
[2026-09-10T08:07:57.155+0000] {manager.py:997} INFO - 
================================================================================
DAG File Processing Stats

File Path                                       PID  Runtime      # DAGs    # Errors  Last Runtime    Last Run               Last # of DB Queries
--------------------------------------------  -----  ---------  --------  ----------  --------------  -------------------  ----------------------
/opt/airflow/dags/ingestion_pipelines_dag.py    458  24.66s            1           0  0.21s           2026-09-10T08:07:01                      12
================================================================================
[2026-09-10T08:08:03.961+0000] {manager.py:1146} ERROR - Processor for /opt/airflow/dags/ingestion_pipelines_dag.py exited with return code 1.
[2026-09-10T08:08:28.954+0000] {manager.py:997} INFO - 
================================================================================
DAG File Processing Stats

File Path                                     PID    Runtime      # DAGs    # Errors  Last Runtime    Last Run               Last # of DB Queries
--------------------------------------------  -----  ---------  --------  ----------  --------------  -------------------  ----------------------
/opt/airflow/dags/ingestion_pipelines_dag.py                           0          -1  31.46s          2026-09-10T08:08:03                       0
================================================================================
[2026-09-10T08:08:40.874+0000] {manager.py:821} INFO - Searching for files in /opt/airflow/dags
[2026-09-10T08:08:49.629+0000] {manager.py:824} INFO - There are 1 files in /opt/airflow/dags
[2026-09-10T08:09:13.679+0000] {manager.py:997} INFO - 
================================================================================
DAG File Processing Stats

File Path                                       PID  Runtime      # DAGs    # Errors  Last Runtime    Last Run               Last # of DB Queries
--------------------------------------------  -----  ---------  --------  ----------  --------------  -------------------  ----------------------
/opt/airflow/dags/ingestion_pipelines_dag.py    464  37.06s            0          -1  31.46s          2026-09-10T08:08:03                       0
================================================================================
[2026-09-10T08:09:44.394+0000] {manager.py:997} INFO - 
================================================================================
DAG File Processing Stats

File Path                                     PID    Runtime      # DAGs    # Errors  Last Runtime    Last Run               Last # of DB Queries
--------------------------------------------  -----  ---------  --------  ----------  --------------  -------------------  ----------------------
/opt/airflow/dags/ingestion_pipelines_dag.py                           1           0  42.19s          2026-09-10T08:09:18                      34
================================================================================
[2026-09-10T08:10:16.265+0000] {manager.py:997} INFO - 
================================================================================
DAG File Processing Stats

File Path                                       PID  Runtime      # DAGs    # Errors  Last Runtime    Last Run               Last # of DB Queries
--------------------------------------------  -----  ---------  --------  ----------  --------------  -------------------  ----------------------
/opt/airflow/dags/ingestion_pipelines_dag.py    470  26.70s            1           0  42.19s          2026-09-10T08:09:18                      34
================================================================================
[2026-09-10T08:10:23.183+0000] {manager.py:1146} ERROR - Processor for /opt/airflow/dags/ingestion_pipelines_dag.py exited with return code 1.
[2026-09-10T08:10:46.931+0000] {manager.py:997} INFO - 
================================================================================
DAG File Processing Stats

File Path                                     PID    Runtime      # DAGs    # Errors  Last Runtime    Last Run               Last # of DB Queries
--------------------------------------------  -----  ---------  --------  ----------  --------------  -------------------  ----------------------
/opt/airflow/dags/ingestion_pipelines_dag.py                           0          -1  33.63s          2026-09-10T08:10:23                       0
================================================================================
[2026-09-10T08:11:21.523+0000] {manager.py:997} INFO - 
================================================================================
DAG File Processing Stats

File Path                                       PID  Runtime      # DAGs    # Errors  Last Runtime    Last Run               Last # of DB Queries
--------------------------------------------  -----  ---------  --------  ----------  --------------  -------------------  ----------------------
/opt/airflow/dags/ingestion_pipelines_dag.py    475  25.53s            0          -1  33.63s          2026-09-10T08:10:23                       0
================================================================================
[2026-09-10T08:13:10.298+0000] {manager.py:1366} ERROR - Processor for /opt/airflow/dags/ingestion_pipelines_dag.py with PID 475 started at 2026-09-10T08:10:53.984367+00:00 has timed out, killing it.
[2026-09-10T08:13:14.771+0000] {manager.py:997} INFO - 
================================================================================
DAG File Processing Stats

File Path                                     PID    Runtime      # DAGs    # Errors  Last Runtime    Last Run               Last # of DB Queries
--------------------------------------------  -----  ---------  --------  ----------  --------------  -------------------  ----------------------
/opt/airflow/dags/ingestion_pipelines_dag.py                           0           1  136.11s         2026-09-10T08:13:10                       0
================================================================================
[2026-09-10T08:13:42.157+0000] {manager.py:821} INFO - Searching for files in /opt/airflow/dags
[2026-09-10T08:13:42.923+0000] {manager.py:824} INFO - There are 1 files in /opt/airflow/dags
[2026-09-10T08:17:10.574+0000] {manager.py:997} INFO - 
================================================================================
DAG File Processing Stats

File Path                                       PID  Runtime      # DAGs    # Errors  Last Runtime    Last Run               Last # of DB Queries
--------------------------------------------  -----  ---------  --------  ----------  --------------  -------------------  ----------------------
/opt/airflow/dags/ingestion_pipelines_dag.py    478  107.28s           0           1  136.11s         2026-09-10T08:13:10                       0
================================================================================
[2026-09-10T08:19:30.470+0000] {manager.py:821} INFO - Searching for files in /opt/airflow/dags
[2026-09-10T08:19:30.572+0000] {manager.py:824} INFO - There are 1 files in /opt/airflow/dags
[2026-09-10T08:19:30.642+0000] {manager.py:1366} ERROR - Processor for /opt/airflow/dags/ingestion_pipelines_dag.py with PID 478 started at 2026-09-10T08:13:40.842214+00:00 has timed out, killing it.
[2026-09-10T08:19:30.684+0000] {manager.py:997} INFO - 
================================================================================
DAG File Processing Stats

File Path                                     PID    Runtime      # DAGs    # Errors  Last Runtime    Last Run               Last # of DB Queries
--------------------------------------------  -----  ---------  --------  ----------  --------------  -------------------  ----------------------
/opt/airflow/dags/ingestion_pipelines_dag.py                           0           1  349.80s         2026-09-10T08:19:30                       0
================================================================================
[2026-09-10T08:20:01.096+0000] {manager.py:997} INFO - 
================================================================================
DAG File Processing Stats

File Path                                     PID    Runtime      # DAGs    # Errors  Last Runtime    Last Run               Last # of DB Queries
--------------------------------------------  -----  ---------  --------  ----------  --------------  -------------------  ----------------------
/opt/airflow/dags/ingestion_pipelines_dag.py                           1           0  4.29s           2026-09-10T08:19:35                      44
================================================================================
[2026-09-10T08:20:31.792+0000] {manager.py:997} INFO - 
================================================================================
DAG File Processing Stats

File Path                                     PID    Runtime      # DAGs    # Errors  Last Runtime    Last Run               Last # of DB Queries
--------------------------------------------  -----  ---------  --------  ----------  --------------  -------------------  ----------------------
/opt/airflow/dags/ingestion_pipelines_dag.py                           1           0  0.34s           2026-09-10T08:20:05                      12
================================================================================
[2026-09-10T08:21:02.336+0000] {manager.py:997} INFO - 
================================================================================
DAG File Processing Stats

File Path                                     PID    Runtime      # DAGs    # Errors  Last Runtime    Last Run               Last # of DB Queries
--------------------------------------------  -----  ---------  --------  ----------  --------------  -------------------  ----------------------
/opt/airflow/dags/ingestion_pipelines_dag.py                           1           0  0.33s           2026-09-10T08:20:36                      12
================================================================================
[2026-09-10T08:21:33.043+0000] {manager.py:997} INFO - 
================================================================================
DAG File Processing Stats

File Path                                     PID    Runtime      # DAGs    # Errors  Last Runtime    Last Run               Last # of DB Queries
--------------------------------------------  -----  ---------  --------  ----------  --------------  -------------------  ----------------------
/opt/airflow/dags/ingestion_pipelines_dag.py                           1           0  0.41s           2026-09-10T08:21:06                      12
================================================================================
[2026-09-10T08:22:03.482+0000] {manager.py:997} INFO - 
================================================================================
DAG File Processing Stats

File Path                                     PID    Runtime      # DAGs    # Errors  Last Runtime    Last Run               Last # of DB Queries
--------------------------------------------  -----  ---------  --------  ----------  --------------  -------------------  ----------------------
/opt/airflow/dags/ingestion_pipelines_dag.py                           1           0  13.14s          2026-09-10T08:21:50                      12
================================================================================
[2026-09-10T08:22:34.020+0000] {manager.py:997} INFO - 
================================================================================
DAG File Processing Stats

File Path                                     PID    Runtime      # DAGs    # Errors  Last Runtime    Last Run               Last # of DB Queries
--------------------------------------------  -----  ---------  --------  ----------  --------------  -------------------  ----------------------
/opt/airflow/dags/ingestion_pipelines_dag.py                           1           0  0.31s           2026-09-10T08:22:20                      12
================================================================================
[2026-09-10T08:23:04.656+0000] {manager.py:997} INFO - 
================================================================================
DAG File Processing Stats

File Path                                     PID    Runtime      # DAGs    # Errors  Last Runtime    Last Run               Last # of DB Queries
--------------------------------------------  -----  ---------  --------  ----------  --------------  -------------------  ----------------------
/opt/airflow/dags/ingestion_pipelines_dag.py                           1           0  0.35s           2026-09-10T08:22:51                      12
================================================================================
[2026-09-10T08:23:34.673+0000] {manager.py:997} INFO - 
================================================================================
DAG File Processing Stats

File Path                                     PID    Runtime      # DAGs    # Errors  Last Runtime    Last Run               Last # of DB Queries
--------------------------------------------  -----  ---------  --------  ----------  --------------  -------------------  ----------------------
/opt/airflow/dags/ingestion_pipelines_dag.py                           1           0  0.42s           2026-09-10T08:23:22                      12
================================================================================
[2026-09-10T08:24:04.830+0000] {manager.py:997} INFO - 
================================================================================
DAG File Processing Stats

File Path                                     PID    Runtime      # DAGs    # Errors  Last Runtime    Last Run               Last # of DB Queries
--------------------------------------------  -----  ---------  --------  ----------  --------------  -------------------  ----------------------
/opt/airflow/dags/ingestion_pipelines_dag.py                           1           0  0.35s           2026-09-10T08:23:52                      12
================================================================================
[2026-09-10T08:24:30.908+0000] {manager.py:821} INFO - Searching for files in /opt/airflow/dags
[2026-09-10T08:24:30.979+0000] {manager.py:824} INFO - There are 1 files in /opt/airflow/dags
[2026-09-10T08:24:35.214+0000] {manager.py:997} INFO - 
================================================================================
DAG File Processing Stats

File Path                                     PID    Runtime      # DAGs    # Errors  Last Runtime    Last Run               Last # of DB Queries
--------------------------------------------  -----  ---------  --------  ----------  --------------  -------------------  ----------------------
/opt/airflow/dags/ingestion_pipelines_dag.py                           1           0  4.15s           2026-09-10T08:24:27                      12
================================================================================
[2026-09-10T08:25:05.584+0000] {manager.py:997} INFO - 
================================================================================
DAG File Processing Stats

File Path                                       PID  Runtime      # DAGs    # Errors  Last Runtime    Last Run               Last # of DB Queries
--------------------------------------------  -----  ---------  --------  ----------  --------------  -------------------  ----------------------
/opt/airflow/dags/ingestion_pipelines_dag.py    601  8.06s             1           0  4.15s           2026-09-10T08:24:27                      12
================================================================================
[2026-09-10T08:25:29.052+0000] {manager.py:1146} ERROR - Processor for /opt/airflow/dags/ingestion_pipelines_dag.py exited with return code 1.
[2026-09-10T08:25:36.448+0000] {manager.py:997} INFO - 
================================================================================
DAG File Processing Stats

File Path                                     PID    Runtime      # DAGs    # Errors  Last Runtime    Last Run               Last # of DB Queries
--------------------------------------------  -----  ---------  --------  ----------  --------------  -------------------  ----------------------
/opt/airflow/dags/ingestion_pipelines_dag.py                           0          -1  31.53s          2026-09-10T08:25:29                       0
================================================================================
[2026-09-10T08:26:07.158+0000] {manager.py:997} INFO - 
================================================================================
DAG File Processing Stats

File Path                                       PID  Runtime      # DAGs    # Errors  Last Runtime    Last Run               Last # of DB Queries
--------------------------------------------  -----  ---------  --------  ----------  --------------  -------------------  ----------------------
/opt/airflow/dags/ingestion_pipelines_dag.py    606  7.62s             0          -1  31.53s          2026-09-10T08:25:29                       0
================================================================================
[2026-09-10T08:26:30.390+0000] {manager.py:1146} ERROR - Processor for /opt/airflow/dags/ingestion_pipelines_dag.py exited with return code 1.
[2026-09-10T08:26:37.472+0000] {manager.py:997} INFO - 
================================================================================
DAG File Processing Stats

File Path                                     PID    Runtime      # DAGs    # Errors  Last Runtime    Last Run               Last # of DB Queries
--------------------------------------------  -----  ---------  --------  ----------  --------------  -------------------  ----------------------
/opt/airflow/dags/ingestion_pipelines_dag.py                           0          -1  30.85s          2026-09-10T08:26:30                       0
================================================================================
[2026-09-10T08:27:07.736+0000] {manager.py:997} INFO - 
================================================================================
DAG File Processing Stats

File Path                                       PID  Runtime      # DAGs    # Errors  Last Runtime    Last Run               Last # of DB Queries
--------------------------------------------  -----  ---------  --------  ----------  --------------  -------------------  ----------------------
/opt/airflow/dags/ingestion_pipelines_dag.py    611  7.17s             0          -1  30.85s          2026-09-10T08:26:30                       0
================================================================================
[2026-09-10T08:27:31.412+0000] {manager.py:1146} ERROR - Processor for /opt/airflow/dags/ingestion_pipelines_dag.py exited with return code 1.
[2026-09-10T08:27:38.717+0000] {manager.py:997} INFO - 
================================================================================
DAG File Processing Stats

File Path                                     PID    Runtime      # DAGs    # Errors  Last Runtime    Last Run               Last # of DB Queries
--------------------------------------------  -----  ---------  --------  ----------  --------------  -------------------  ----------------------
/opt/airflow/dags/ingestion_pipelines_dag.py                           0          -1  30.85s          2026-09-10T08:27:31                       0
================================================================================
[2026-09-10T08:28:27.381+0000] {manager.py:997} INFO - 
================================================================================
DAG File Processing Stats

File Path                                       PID  Runtime      # DAGs    # Errors  Last Runtime    Last Run               Last # of DB Queries
--------------------------------------------  -----  ---------  --------  ----------  --------------  -------------------  ----------------------
/opt/airflow/dags/ingestion_pipelines_dag.py    624  25.63s            0          -1  30.85s          2026-09-10T08:27:31                       0
================================================================================
[2026-09-10T08:56:39.584+0000] {manager.py:483} INFO - Processing files using up to 2 processes at a time 
[2026-09-10T08:56:39.586+0000] {manager.py:484} INFO - Process each file at most once every 30 seconds
[2026-09-10T08:56:39.587+0000] {manager.py:485} INFO - Checking for new files in /opt/airflow/dags every 300 seconds
[2026-09-10T08:56:39.587+0000] {manager.py:821} INFO - Searching for files in /opt/airflow/dags
[2026-09-10T08:56:39.622+0000] {manager.py:824} INFO - There are 1 files in /opt/airflow/dags
[2026-09-10T08:56:39.969+0000] {manager.py:997} INFO - 
================================================================================
DAG File Processing Stats

File Path                                       PID  Runtime      # DAGs    # Errors  Last Runtime    Last Run      Last # of DB Queries
--------------------------------------------  -----  ---------  --------  ----------  --------------  ----------  ----------------------
/opt/airflow/dags/ingestion_pipelines_dag.py    187  0.07s             0           0                                                   0
================================================================================
[2026-09-10T08:57:10.184+0000] {manager.py:997} INFO - 
================================================================================
DAG File Processing Stats

File Path                                     PID    Runtime      # DAGs    # Errors  Last Runtime    Last Run               Last # of DB Queries
--------------------------------------------  -----  ---------  --------  ----------  --------------  -------------------  ----------------------
/opt/airflow/dags/ingestion_pipelines_dag.py                           1           0  0.93s           2026-09-10T08:56:40                      34
================================================================================
[2026-09-10T08:57:40.288+0000] {manager.py:997} INFO - 
================================================================================
DAG File Processing Stats

File Path                                     PID    Runtime      # DAGs    # Errors  Last Runtime    Last Run               Last # of DB Queries
--------------------------------------------  -----  ---------  --------  ----------  --------------  -------------------  ----------------------
/opt/airflow/dags/ingestion_pipelines_dag.py                           1           0  0.76s           2026-09-10T08:57:11                      12
================================================================================
[2026-09-10T08:58:10.640+0000] {manager.py:997} INFO - 
================================================================================
DAG File Processing Stats

File Path                                     PID    Runtime      # DAGs    # Errors  Last Runtime    Last Run               Last # of DB Queries
--------------------------------------------  -----  ---------  --------  ----------  --------------  -------------------  ----------------------
/opt/airflow/dags/ingestion_pipelines_dag.py                           1           0  0.27s           2026-09-10T08:57:42                      12
================================================================================
[2026-09-10T08:58:41.261+0000] {manager.py:997} INFO - 
================================================================================
DAG File Processing Stats

File Path                                     PID    Runtime      # DAGs    # Errors  Last Runtime    Last Run               Last # of DB Queries
--------------------------------------------  -----  ---------  --------  ----------  --------------  -------------------  ----------------------
/opt/airflow/dags/ingestion_pipelines_dag.py                           1           0  0.22s           2026-09-10T08:58:12                      12
================================================================================
[2026-09-10T08:59:11.651+0000] {manager.py:997} INFO - 
================================================================================
DAG File Processing Stats

File Path                                     PID    Runtime      # DAGs    # Errors  Last Runtime    Last Run               Last # of DB Queries
--------------------------------------------  -----  ---------  --------  ----------  --------------  -------------------  ----------------------
/opt/airflow/dags/ingestion_pipelines_dag.py                           1           0  0.18s           2026-09-10T08:58:43                      12
================================================================================
[2026-09-10T08:59:42.187+0000] {manager.py:997} INFO - 
================================================================================
DAG File Processing Stats

File Path                                     PID    Runtime      # DAGs    # Errors  Last Runtime    Last Run               Last # of DB Queries
--------------------------------------------  -----  ---------  --------  ----------  --------------  -------------------  ----------------------
/opt/airflow/dags/ingestion_pipelines_dag.py                           1           0  0.38s           2026-09-10T08:59:14                      12
================================================================================
[2026-09-10T09:00:12.805+0000] {manager.py:997} INFO - 
================================================================================
DAG File Processing Stats

File Path                                     PID    Runtime      # DAGs    # Errors  Last Runtime    Last Run               Last # of DB Queries
--------------------------------------------  -----  ---------  --------  ----------  --------------  -------------------  ----------------------
/opt/airflow/dags/ingestion_pipelines_dag.py                           1           0  0.23s           2026-09-10T08:59:44                      12
================================================================================
[2026-09-10T09:00:43.165+0000] {manager.py:997} INFO - 
================================================================================
DAG File Processing Stats

File Path                                     PID    Runtime      # DAGs    # Errors  Last Runtime    Last Run               Last # of DB Queries
--------------------------------------------  -----  ---------  --------  ----------  --------------  -------------------  ----------------------
/opt/airflow/dags/ingestion_pipelines_dag.py                           1           0  0.36s           2026-09-10T09:00:15                      12
================================================================================
[2026-09-10T09:01:13.263+0000] {manager.py:997} INFO - 
================================================================================
DAG File Processing Stats

File Path                                     PID    Runtime      # DAGs    # Errors  Last Runtime    Last Run               Last # of DB Queries
--------------------------------------------  -----  ---------  --------  ----------  --------------  -------------------  ----------------------
/opt/airflow/dags/ingestion_pipelines_dag.py                           1           0  0.43s           2026-09-10T09:00:45                      12
================================================================================
[2026-09-10T09:01:39.957+0000] {manager.py:821} INFO - Searching for files in /opt/airflow/dags
[2026-09-10T09:01:40.048+0000] {manager.py:824} INFO - There are 1 files in /opt/airflow/dags
[2026-09-10T09:01:43.155+0000] {manager.py:997} INFO - 
================================================================================
DAG File Processing Stats

File Path                                     PID    Runtime      # DAGs    # Errors  Last Runtime    Last Run               Last # of DB Queries
--------------------------------------------  -----  ---------  --------  ----------  --------------  -------------------  ----------------------
/opt/airflow/dags/ingestion_pipelines_dag.py                           1           0  0.28s           2026-09-10T09:01:16                      12
================================================================================
[2026-09-10T09:02:14.419+0000] {manager.py:997} INFO - 
================================================================================
DAG File Processing Stats

File Path                                     PID    Runtime      # DAGs    # Errors  Last Runtime    Last Run               Last # of DB Queries
--------------------------------------------  -----  ---------  --------  ----------  --------------  -------------------  ----------------------
/opt/airflow/dags/ingestion_pipelines_dag.py                           1           0  0.39s           2026-09-10T09:01:47                      12
================================================================================
[2026-09-10T09:02:44.703+0000] {manager.py:997} INFO - 
================================================================================
DAG File Processing Stats

File Path                                     PID    Runtime      # DAGs    # Errors  Last Runtime    Last Run               Last # of DB Queries
--------------------------------------------  -----  ---------  --------  ----------  --------------  -------------------  ----------------------
/opt/airflow/dags/ingestion_pipelines_dag.py                           1           0  0.55s           2026-09-10T09:02:18                      12
================================================================================
[2026-09-10T09:03:15.056+0000] {manager.py:997} INFO - 
================================================================================
DAG File Processing Stats

File Path                                     PID    Runtime      # DAGs    # Errors  Last Runtime    Last Run               Last # of DB Queries
--------------------------------------------  -----  ---------  --------  ----------  --------------  -------------------  ----------------------
/opt/airflow/dags/ingestion_pipelines_dag.py                           1           0  0.31s           2026-09-10T09:02:49                      12
================================================================================
[2026-09-10T09:03:45.423+0000] {manager.py:997} INFO - 
================================================================================
DAG File Processing Stats

File Path                                     PID    Runtime      # DAGs    # Errors  Last Runtime    Last Run               Last # of DB Queries
--------------------------------------------  -----  ---------  --------  ----------  --------------  -------------------  ----------------------
/opt/airflow/dags/ingestion_pipelines_dag.py                           1           0  0.20s           2026-09-10T09:03:19                      12
================================================================================
[2026-09-10T09:04:16.015+0000] {manager.py:997} INFO - 
================================================================================
DAG File Processing Stats

File Path                                     PID    Runtime      # DAGs    # Errors  Last Runtime    Last Run               Last # of DB Queries
--------------------------------------------  -----  ---------  --------  ----------  --------------  -------------------  ----------------------
/opt/airflow/dags/ingestion_pipelines_dag.py                           1           0  0.27s           2026-09-10T09:03:49                      12
================================================================================
[2026-09-10T09:04:46.396+0000] {manager.py:997} INFO - 
================================================================================
DAG File Processing Stats

File Path                                     PID    Runtime      # DAGs    # Errors  Last Runtime    Last Run               Last # of DB Queries
--------------------------------------------  -----  ---------  --------  ----------  --------------  -------------------  ----------------------
/opt/airflow/dags/ingestion_pipelines_dag.py                           1           0  0.25s           2026-09-10T09:04:20                      12
================================================================================
[2026-09-10T09:05:16.807+0000] {manager.py:997} INFO - 
================================================================================
DAG File Processing Stats

File Path                                     PID    Runtime      # DAGs    # Errors  Last Runtime    Last Run               Last # of DB Queries
--------------------------------------------  -----  ---------  --------  ----------  --------------  -------------------  ----------------------
/opt/airflow/dags/ingestion_pipelines_dag.py                           1           0  0.20s           2026-09-10T09:04:50                      12
================================================================================
[2026-09-10T09:05:47.334+0000] {manager.py:997} INFO - 
================================================================================
DAG File Processing Stats

File Path                                     PID    Runtime      # DAGs    # Errors  Last Runtime    Last Run               Last # of DB Queries
--------------------------------------------  -----  ---------  --------  ----------  --------------  -------------------  ----------------------
/opt/airflow/dags/ingestion_pipelines_dag.py                           1           0  0.32s           2026-09-10T09:05:21                      12
================================================================================
[2026-09-10T09:06:17.864+0000] {manager.py:997} INFO - 
================================================================================
DAG File Processing Stats

File Path                                     PID    Runtime      # DAGs    # Errors  Last Runtime    Last Run               Last # of DB Queries
--------------------------------------------  -----  ---------  --------  ----------  --------------  -------------------  ----------------------
/opt/airflow/dags/ingestion_pipelines_dag.py                           1           0  0.25s           2026-09-10T09:05:51                      12
================================================================================
[2026-09-10T09:06:40.202+0000] {manager.py:821} INFO - Searching for files in /opt/airflow/dags
[2026-09-10T09:06:40.255+0000] {manager.py:824} INFO - There are 1 files in /opt/airflow/dags
[2026-09-10T09:06:48.361+0000] {manager.py:997} INFO - 
================================================================================
DAG File Processing Stats

File Path                                     PID    Runtime      # DAGs    # Errors  Last Runtime    Last Run               Last # of DB Queries
--------------------------------------------  -----  ---------  --------  ----------  --------------  -------------------  ----------------------
/opt/airflow/dags/ingestion_pipelines_dag.py                           1           0  0.18s           2026-09-10T09:06:22                      12
================================================================================
[2026-09-10T09:07:18.760+0000] {manager.py:997} INFO - 
================================================================================
DAG File Processing Stats

File Path                                     PID    Runtime      # DAGs    # Errors  Last Runtime    Last Run               Last # of DB Queries
--------------------------------------------  -----  ---------  --------  ----------  --------------  -------------------  ----------------------
/opt/airflow/dags/ingestion_pipelines_dag.py                           1           0  0.25s           2026-09-10T09:06:52                      12
================================================================================
[2026-09-10T09:07:49.348+0000] {manager.py:997} INFO - 
================================================================================
DAG File Processing Stats

File Path                                     PID    Runtime      # DAGs    # Errors  Last Runtime    Last Run               Last # of DB Queries
--------------------------------------------  -----  ---------  --------  ----------  --------------  -------------------  ----------------------
/opt/airflow/dags/ingestion_pipelines_dag.py                           1           0  0.21s           2026-09-10T09:07:23                      12
================================================================================
[2026-09-10T09:08:19.773+0000] {manager.py:997} INFO - 
================================================================================
DAG File Processing Stats

File Path                                     PID    Runtime      # DAGs    # Errors  Last Runtime    Last Run               Last # of DB Queries
--------------------------------------------  -----  ---------  --------  ----------  --------------  -------------------  ----------------------
/opt/airflow/dags/ingestion_pipelines_dag.py                           1           0  0.36s           2026-09-10T09:07:53                      12
================================================================================
[2026-09-10T09:08:50.150+0000] {manager.py:997} INFO - 
================================================================================
DAG File Processing Stats

File Path                                     PID    Runtime      # DAGs    # Errors  Last Runtime    Last Run               Last # of DB Queries
--------------------------------------------  -----  ---------  --------  ----------  --------------  -------------------  ----------------------
/opt/airflow/dags/ingestion_pipelines_dag.py                           1           0  0.26s           2026-09-10T09:08:24                      12
================================================================================
[2026-09-10T09:09:20.518+0000] {manager.py:997} INFO - 
================================================================================
DAG File Processing Stats

File Path                                     PID    Runtime      # DAGs    # Errors  Last Runtime    Last Run               Last # of DB Queries
--------------------------------------------  -----  ---------  --------  ----------  --------------  -------------------  ----------------------
/opt/airflow/dags/ingestion_pipelines_dag.py                           1           0  0.17s           2026-09-10T09:08:54                      12
================================================================================
[2026-09-10T09:09:50.992+0000] {manager.py:997} INFO - 
================================================================================
DAG File Processing Stats

File Path                                     PID    Runtime      # DAGs    # Errors  Last Runtime    Last Run               Last # of DB Queries
--------------------------------------------  -----  ---------  --------  ----------  --------------  -------------------  ----------------------
/opt/airflow/dags/ingestion_pipelines_dag.py                           1           0  0.18s           2026-09-10T09:09:24                      12
================================================================================
[2026-09-10T09:10:21.388+0000] {manager.py:997} INFO - 
================================================================================
DAG File Processing Stats

File Path                                     PID    Runtime      # DAGs    # Errors  Last Runtime    Last Run               Last # of DB Queries
--------------------------------------------  -----  ---------  --------  ----------  --------------  -------------------  ----------------------
/opt/airflow/dags/ingestion_pipelines_dag.py                           1           0  0.22s           2026-09-10T09:09:55                      12
================================================================================
[2026-09-10T09:10:51.862+0000] {manager.py:997} INFO - 
================================================================================
DAG File Processing Stats

File Path                                     PID    Runtime      # DAGs    # Errors  Last Runtime    Last Run               Last # of DB Queries
--------------------------------------------  -----  ---------  --------  ----------  --------------  -------------------  ----------------------
/opt/airflow/dags/ingestion_pipelines_dag.py                           1           0  0.26s           2026-09-10T09:10:25                      12
================================================================================
[2026-09-10T09:11:22.337+0000] {manager.py:997} INFO - 
================================================================================
DAG File Processing Stats

File Path                                     PID    Runtime      # DAGs    # Errors  Last Runtime    Last Run               Last # of DB Queries
--------------------------------------------  -----  ---------  --------  ----------  --------------  -------------------  ----------------------
/opt/airflow/dags/ingestion_pipelines_dag.py                           1           0  0.24s           2026-09-10T09:10:56                      12
================================================================================
[2026-09-10T09:11:40.679+0000] {manager.py:821} INFO - Searching for files in /opt/airflow/dags
[2026-09-10T09:11:40.738+0000] {manager.py:824} INFO - There are 1 files in /opt/airflow/dags
[2026-09-10T09:11:52.897+0000] {manager.py:997} INFO - 
================================================================================
DAG File Processing Stats

File Path                                     PID    Runtime      # DAGs    # Errors  Last Runtime    Last Run               Last # of DB Queries
--------------------------------------------  -----  ---------  --------  ----------  --------------  -------------------  ----------------------
/opt/airflow/dags/ingestion_pipelines_dag.py                           1           0  0.21s           2026-09-10T09:11:26                      12
================================================================================
[2026-09-10T09:12:23.285+0000] {manager.py:997} INFO - 
================================================================================
DAG File Processing Stats

File Path                                     PID    Runtime      # DAGs    # Errors  Last Runtime    Last Run               Last # of DB Queries
--------------------------------------------  -----  ---------  --------  ----------  --------------  -------------------  ----------------------
/opt/airflow/dags/ingestion_pipelines_dag.py                           1           0  0.22s           2026-09-10T09:11:57                      12
================================================================================
[2026-09-10T09:12:53.697+0000] {manager.py:997} INFO - 
================================================================================
DAG File Processing Stats

File Path                                     PID    Runtime      # DAGs    # Errors  Last Runtime    Last Run               Last # of DB Queries
--------------------------------------------  -----  ---------  --------  ----------  --------------  -------------------  ----------------------
/opt/airflow/dags/ingestion_pipelines_dag.py                           1           0  0.24s           2026-09-10T09:12:27                      12
================================================================================
[2026-09-10T09:13:24.252+0000] {manager.py:997} INFO - 
================================================================================
DAG File Processing Stats

File Path                                     PID    Runtime      # DAGs    # Errors  Last Runtime    Last Run               Last # of DB Queries
--------------------------------------------  -----  ---------  --------  ----------  --------------  -------------------  ----------------------
/opt/airflow/dags/ingestion_pipelines_dag.py                           1           0  0.23s           2026-09-10T09:12:58                      12
================================================================================
[2026-09-10T09:13:54.810+0000] {manager.py:997} INFO - 
================================================================================
DAG File Processing Stats

File Path                                     PID    Runtime      # DAGs    # Errors  Last Runtime    Last Run               Last # of DB Queries
--------------------------------------------  -----  ---------  --------  ----------  --------------  -------------------  ----------------------
/opt/airflow/dags/ingestion_pipelines_dag.py                           1           0  0.37s           2026-09-10T09:13:28                      12
================================================================================
[2026-09-10T09:14:25.331+0000] {manager.py:997} INFO - 
================================================================================
DAG File Processing Stats

File Path                                     PID    Runtime      # DAGs    # Errors  Last Runtime    Last Run               Last # of DB Queries
--------------------------------------------  -----  ---------  --------  ----------  --------------  -------------------  ----------------------
/opt/airflow/dags/ingestion_pipelines_dag.py                           1           0  0.28s           2026-09-10T09:13:59                      12
================================================================================
[2026-09-10T09:14:55.803+0000] {manager.py:997} INFO - 
================================================================================
DAG File Processing Stats

File Path                                     PID    Runtime      # DAGs    # Errors  Last Runtime    Last Run               Last # of DB Queries
--------------------------------------------  -----  ---------  --------  ----------  --------------  -------------------  ----------------------
/opt/airflow/dags/ingestion_pipelines_dag.py                           1           0  0.24s           2026-09-10T09:14:29                      12
================================================================================
[2026-09-10T09:15:26.360+0000] {manager.py:997} INFO - 
================================================================================
DAG File Processing Stats

File Path                                     PID    Runtime      # DAGs    # Errors  Last Runtime    Last Run               Last # of DB Queries
--------------------------------------------  -----  ---------  --------  ----------  --------------  -------------------  ----------------------
/opt/airflow/dags/ingestion_pipelines_dag.py                           1           0  0.21s           2026-09-10T09:15:00                      12
================================================================================
[2026-09-10T09:15:56.789+0000] {manager.py:997} INFO - 
================================================================================
DAG File Processing Stats

File Path                                     PID    Runtime      # DAGs    # Errors  Last Runtime    Last Run               Last # of DB Queries
--------------------------------------------  -----  ---------  --------  ----------  --------------  -------------------  ----------------------
/opt/airflow/dags/ingestion_pipelines_dag.py                           1           0  0.50s           2026-09-10T09:15:30                      12
================================================================================
[2026-09-10T09:16:27.060+0000] {manager.py:997} INFO - 
================================================================================
DAG File Processing Stats

File Path                                     PID    Runtime      # DAGs    # Errors  Last Runtime    Last Run               Last # of DB Queries
--------------------------------------------  -----  ---------  --------  ----------  --------------  -------------------  ----------------------
/opt/airflow/dags/ingestion_pipelines_dag.py                           1           0  0.43s           2026-09-10T09:16:01                      12
================================================================================
[2026-09-10T09:16:41.296+0000] {manager.py:821} INFO - Searching for files in /opt/airflow/dags
[2026-09-10T09:16:41.345+0000] {manager.py:824} INFO - There are 1 files in /opt/airflow/dags
[2026-09-10T09:16:57.574+0000] {manager.py:997} INFO - 
================================================================================
DAG File Processing Stats

File Path                                     PID    Runtime      # DAGs    # Errors  Last Runtime    Last Run               Last # of DB Queries
--------------------------------------------  -----  ---------  --------  ----------  --------------  -------------------  ----------------------
/opt/airflow/dags/ingestion_pipelines_dag.py                           1           0  0.32s           2026-09-10T09:16:32                      12
================================================================================
[2026-09-10T09:17:28.149+0000] {manager.py:997} INFO - 
================================================================================
DAG File Processing Stats

File Path                                     PID    Runtime      # DAGs    # Errors  Last Runtime    Last Run               Last # of DB Queries
--------------------------------------------  -----  ---------  --------  ----------  --------------  -------------------  ----------------------
/opt/airflow/dags/ingestion_pipelines_dag.py                           1           0  0.62s           2026-09-10T09:17:03                      12
================================================================================
[2026-09-10T09:17:58.352+0000] {manager.py:997} INFO - 
================================================================================
DAG File Processing Stats

File Path                                     PID    Runtime      # DAGs    # Errors  Last Runtime    Last Run               Last # of DB Queries
--------------------------------------------  -----  ---------  --------  ----------  --------------  -------------------  ----------------------
/opt/airflow/dags/ingestion_pipelines_dag.py                           1           0  0.42s           2026-09-10T09:17:34                      12
================================================================================
[2026-09-10T09:18:28.664+0000] {manager.py:997} INFO - 
================================================================================
DAG File Processing Stats

File Path                                     PID    Runtime      # DAGs    # Errors  Last Runtime    Last Run               Last # of DB Queries
--------------------------------------------  -----  ---------  --------  ----------  --------------  -------------------  ----------------------
/opt/airflow/dags/ingestion_pipelines_dag.py                           1           0  0.19s           2026-09-10T09:18:04                      12
================================================================================
[2026-09-10T09:18:59.305+0000] {manager.py:997} INFO - 
================================================================================
DAG File Processing Stats

File Path                                     PID    Runtime      # DAGs    # Errors  Last Runtime    Last Run               Last # of DB Queries
--------------------------------------------  -----  ---------  --------  ----------  --------------  -------------------  ----------------------
/opt/airflow/dags/ingestion_pipelines_dag.py                           1           0  0.23s           2026-09-10T09:18:34                      12
================================================================================
[2026-09-10T09:19:29.711+0000] {manager.py:997} INFO - 
================================================================================
DAG File Processing Stats

File Path                                     PID    Runtime      # DAGs    # Errors  Last Runtime    Last Run               Last # of DB Queries
--------------------------------------------  -----  ---------  --------  ----------  --------------  -------------------  ----------------------
/opt/airflow/dags/ingestion_pipelines_dag.py                           1           0  0.34s           2026-09-10T09:19:05                      12
================================================================================
[2026-09-10T09:20:00.104+0000] {manager.py:997} INFO - 
================================================================================
DAG File Processing Stats

File Path                                     PID    Runtime      # DAGs    # Errors  Last Runtime    Last Run               Last # of DB Queries
--------------------------------------------  -----  ---------  --------  ----------  --------------  -------------------  ----------------------
/opt/airflow/dags/ingestion_pipelines_dag.py                           1           0  0.17s           2026-09-10T09:19:35                      12
================================================================================
[2026-09-10T09:20:30.149+0000] {manager.py:997} INFO - 
================================================================================
DAG File Processing Stats

File Path                                     PID    Runtime      # DAGs    # Errors  Last Runtime    Last Run               Last # of DB Queries
--------------------------------------------  -----  ---------  --------  ----------  --------------  -------------------  ----------------------
/opt/airflow/dags/ingestion_pipelines_dag.py                           1           0  0.52s           2026-09-10T09:20:06                      12
================================================================================
[2026-09-10T09:21:00.354+0000] {manager.py:997} INFO - 
================================================================================
DAG File Processing Stats

File Path                                     PID    Runtime      # DAGs    # Errors  Last Runtime    Last Run               Last # of DB Queries
--------------------------------------------  -----  ---------  --------  ----------  --------------  -------------------  ----------------------
/opt/airflow/dags/ingestion_pipelines_dag.py                           1           0  0.26s           2026-09-10T09:20:37                      12
================================================================================
[2026-09-10T09:21:30.497+0000] {manager.py:997} INFO - 
================================================================================
DAG File Processing Stats

File Path                                     PID    Runtime      # DAGs    # Errors  Last Runtime    Last Run               Last # of DB Queries
--------------------------------------------  -----  ---------  --------  ----------  --------------  -------------------  ----------------------
/opt/airflow/dags/ingestion_pipelines_dag.py                           1           0  0.20s           2026-09-10T09:21:07                      12
================================================================================
[2026-09-10T09:21:41.672+0000] {manager.py:821} INFO - Searching for files in /opt/airflow/dags
[2026-09-10T09:21:41.719+0000] {manager.py:824} INFO - There are 1 files in /opt/airflow/dags
[2026-09-10T09:22:01.024+0000] {manager.py:997} INFO - 
================================================================================
DAG File Processing Stats

File Path                                     PID    Runtime      # DAGs    # Errors  Last Runtime    Last Run               Last # of DB Queries
--------------------------------------------  -----  ---------  --------  ----------  --------------  -------------------  ----------------------
/opt/airflow/dags/ingestion_pipelines_dag.py                           1           0  6.20s           2026-09-10T09:21:43                      12
================================================================================
[2026-09-10T09:22:31.446+0000] {manager.py:997} INFO - 
================================================================================
DAG File Processing Stats

File Path                                     PID    Runtime      # DAGs    # Errors  Last Runtime    Last Run               Last # of DB Queries
--------------------------------------------  -----  ---------  --------  ----------  --------------  -------------------  ----------------------
/opt/airflow/dags/ingestion_pipelines_dag.py                           1           0  0.23s           2026-09-10T09:22:14                      12
================================================================================
[2026-09-10T09:23:02.070+0000] {manager.py:997} INFO - 
================================================================================
DAG File Processing Stats

File Path                                     PID    Runtime      # DAGs    # Errors  Last Runtime    Last Run               Last # of DB Queries
--------------------------------------------  -----  ---------  --------  ----------  --------------  -------------------  ----------------------
/opt/airflow/dags/ingestion_pipelines_dag.py                           1           0  0.27s           2026-09-10T09:22:44                      12
================================================================================
[2026-09-10T09:23:32.630+0000] {manager.py:997} INFO - 
================================================================================
DAG File Processing Stats

File Path                                     PID    Runtime      # DAGs    # Errors  Last Runtime    Last Run               Last # of DB Queries
--------------------------------------------  -----  ---------  --------  ----------  --------------  -------------------  ----------------------
/opt/airflow/dags/ingestion_pipelines_dag.py                           1           0  0.37s           2026-09-10T09:23:15                      12
================================================================================
[2026-09-10T09:24:03.314+0000] {manager.py:997} INFO - 
================================================================================
DAG File Processing Stats

File Path                                     PID    Runtime      # DAGs    # Errors  Last Runtime    Last Run               Last # of DB Queries
--------------------------------------------  -----  ---------  --------  ----------  --------------  -------------------  ----------------------
/opt/airflow/dags/ingestion_pipelines_dag.py                           1           0  0.29s           2026-09-10T09:23:46                      12
================================================================================
[2026-09-10T09:24:33.367+0000] {manager.py:997} INFO - 
================================================================================
DAG File Processing Stats

File Path                                     PID    Runtime      # DAGs    # Errors  Last Runtime    Last Run               Last # of DB Queries
--------------------------------------------  -----  ---------  --------  ----------  --------------  -------------------  ----------------------
/opt/airflow/dags/ingestion_pipelines_dag.py                           1           0  0.64s           2026-09-10T09:24:17                      12
================================================================================
[2026-09-10T09:25:03.774+0000] {manager.py:997} INFO - 
================================================================================
DAG File Processing Stats

File Path                                     PID    Runtime      # DAGs    # Errors  Last Runtime    Last Run               Last # of DB Queries
--------------------------------------------  -----  ---------  --------  ----------  --------------  -------------------  ----------------------
/opt/airflow/dags/ingestion_pipelines_dag.py                           1           0  0.24s           2026-09-10T09:24:47                      12
================================================================================
[2026-09-10T09:25:34.160+0000] {manager.py:997} INFO - 
================================================================================
DAG File Processing Stats

File Path                                     PID    Runtime      # DAGs    # Errors  Last Runtime    Last Run               Last # of DB Queries
--------------------------------------------  -----  ---------  --------  ----------  --------------  -------------------  ----------------------
/opt/airflow/dags/ingestion_pipelines_dag.py                           1           0  0.17s           2026-09-10T09:25:18                      12
================================================================================
[2026-09-10T09:26:04.667+0000] {manager.py:997} INFO - 
================================================================================
DAG File Processing Stats

File Path                                     PID    Runtime      # DAGs    # Errors  Last Runtime    Last Run               Last # of DB Queries
--------------------------------------------  -----  ---------  --------  ----------  --------------  -------------------  ----------------------
/opt/airflow/dags/ingestion_pipelines_dag.py                           1           0  0.24s           2026-09-10T09:25:48                      12
================================================================================
[2026-09-10T09:26:35.232+0000] {manager.py:997} INFO - 
================================================================================
DAG File Processing Stats

File Path                                     PID    Runtime      # DAGs    # Errors  Last Runtime    Last Run               Last # of DB Queries
--------------------------------------------  -----  ---------  --------  ----------  --------------  -------------------  ----------------------
/opt/airflow/dags/ingestion_pipelines_dag.py                           1           0  0.26s           2026-09-10T09:26:19                      12
================================================================================
[2026-09-10T09:26:42.385+0000] {manager.py:821} INFO - Searching for files in /opt/airflow/dags
[2026-09-10T09:26:42.512+0000] {manager.py:824} INFO - There are 1 files in /opt/airflow/dags
[2026-09-10T09:27:05.934+0000] {manager.py:997} INFO - 
================================================================================
DAG File Processing Stats

File Path                                     PID    Runtime      # DAGs    # Errors  Last Runtime    Last Run               Last # of DB Queries
--------------------------------------------  -----  ---------  --------  ----------  --------------  -------------------  ----------------------
/opt/airflow/dags/ingestion_pipelines_dag.py                           1           0  1.06s           2026-09-10T09:26:50                      12
================================================================================
[2026-09-10T09:27:36.366+0000] {manager.py:997} INFO - 
================================================================================
DAG File Processing Stats

File Path                                     PID    Runtime      # DAGs    # Errors  Last Runtime    Last Run               Last # of DB Queries
--------------------------------------------  -----  ---------  --------  ----------  --------------  -------------------  ----------------------
/opt/airflow/dags/ingestion_pipelines_dag.py                           1           0  0.48s           2026-09-10T09:27:21                      12
================================================================================
[2026-09-10T09:28:06.754+0000] {manager.py:997} INFO - 
================================================================================
DAG File Processing Stats

File Path                                     PID    Runtime      # DAGs    # Errors  Last Runtime    Last Run               Last # of DB Queries
--------------------------------------------  -----  ---------  --------  ----------  --------------  -------------------  ----------------------
/opt/airflow/dags/ingestion_pipelines_dag.py                           1           0  0.27s           2026-09-10T09:27:52                      12
================================================================================
[2026-09-10T09:28:37.368+0000] {manager.py:997} INFO - 
================================================================================
DAG File Processing Stats

File Path                                     PID    Runtime      # DAGs    # Errors  Last Runtime    Last Run               Last # of DB Queries
--------------------------------------------  -----  ---------  --------  ----------  --------------  -------------------  ----------------------
/opt/airflow/dags/ingestion_pipelines_dag.py                           1           0  0.27s           2026-09-10T09:28:23                      12
================================================================================
[2026-09-10T09:29:07.945+0000] {manager.py:997} INFO - 
================================================================================
DAG File Processing Stats

File Path                                     PID    Runtime      # DAGs    # Errors  Last Runtime    Last Run               Last # of DB Queries
--------------------------------------------  -----  ---------  --------  ----------  --------------  -------------------  ----------------------
/opt/airflow/dags/ingestion_pipelines_dag.py                           1           0  0.51s           2026-09-10T09:28:54                      12
================================================================================
[2026-09-10T09:29:38.307+0000] {manager.py:997} INFO - 
================================================================================
DAG File Processing Stats

File Path                                     PID    Runtime      # DAGs    # Errors  Last Runtime    Last Run               Last # of DB Queries
--------------------------------------------  -----  ---------  --------  ----------  --------------  -------------------  ----------------------
/opt/airflow/dags/ingestion_pipelines_dag.py                           1           0  0.59s           2026-09-10T09:29:25                      12
================================================================================
[2026-09-10T09:30:08.722+0000] {manager.py:997} INFO - 
================================================================================
DAG File Processing Stats

File Path                                     PID    Runtime      # DAGs    # Errors  Last Runtime    Last Run               Last # of DB Queries
--------------------------------------------  -----  ---------  --------  ----------  --------------  -------------------  ----------------------
/opt/airflow/dags/ingestion_pipelines_dag.py                           1           0  0.21s           2026-09-10T09:29:55                      12
================================================================================
[2026-09-10T09:30:39.086+0000] {manager.py:997} INFO - 
================================================================================
DAG File Processing Stats

File Path                                     PID    Runtime      # DAGs    # Errors  Last Runtime    Last Run               Last # of DB Queries
--------------------------------------------  -----  ---------  --------  ----------  --------------  -------------------  ----------------------
/opt/airflow/dags/ingestion_pipelines_dag.py                           1           0  0.17s           2026-09-10T09:30:26                      12
================================================================================
[2026-09-10T09:31:09.636+0000] {manager.py:997} INFO - 
================================================================================
DAG File Processing Stats

File Path                                     PID    Runtime      # DAGs    # Errors  Last Runtime    Last Run               Last # of DB Queries
--------------------------------------------  -----  ---------  --------  ----------  --------------  -------------------  ----------------------
/opt/airflow/dags/ingestion_pipelines_dag.py                           1           0  0.25s           2026-09-10T09:30:56                      12
================================================================================
[2026-09-10T09:31:40.137+0000] {manager.py:997} INFO - 
================================================================================
DAG File Processing Stats

File Path                                     PID    Runtime      # DAGs    # Errors  Last Runtime    Last Run               Last # of DB Queries
--------------------------------------------  -----  ---------  --------  ----------  --------------  -------------------  ----------------------
/opt/airflow/dags/ingestion_pipelines_dag.py                           1           0  0.25s           2026-09-10T09:31:27                      12
================================================================================
[2026-09-10T09:31:43.169+0000] {manager.py:821} INFO - Searching for files in /opt/airflow/dags
[2026-09-10T09:31:43.227+0000] {manager.py:824} INFO - There are 1 files in /opt/airflow/dags
[2026-09-10T09:32:10.675+0000] {manager.py:997} INFO - 
================================================================================
DAG File Processing Stats

File Path                                     PID    Runtime      # DAGs    # Errors  Last Runtime    Last Run               Last # of DB Queries
--------------------------------------------  -----  ---------  --------  ----------  --------------  -------------------  ----------------------
/opt/airflow/dags/ingestion_pipelines_dag.py                           1           0  0.47s           2026-09-10T09:31:57                      12
================================================================================
[2026-09-10T09:32:40.747+0000] {manager.py:997} INFO - 
================================================================================
DAG File Processing Stats

File Path                                     PID    Runtime      # DAGs    # Errors  Last Runtime    Last Run               Last # of DB Queries
--------------------------------------------  -----  ---------  --------  ----------  --------------  -------------------  ----------------------
/opt/airflow/dags/ingestion_pipelines_dag.py                           1           0  0.29s           2026-09-10T09:32:28                      12
================================================================================
[2026-09-10T09:33:10.860+0000] {manager.py:997} INFO - 
================================================================================
DAG File Processing Stats

File Path                                     PID    Runtime      # DAGs    # Errors  Last Runtime    Last Run               Last # of DB Queries
--------------------------------------------  -----  ---------  --------  ----------  --------------  -------------------  ----------------------
/opt/airflow/dags/ingestion_pipelines_dag.py                           1           0  0.26s           2026-09-10T09:32:58                      12
================================================================================
